03/05/2026 15:08:08.920,0.27197,0.27197,0.27206,0.27249,342.65
03/05/2026 15:08:08.924,0.27197,0.27197,0.27206,0.27249,342.65
03/05/2026 15:08:08.928,0.27206,0.27163,0.27206,0.27240,342.65
03/05/2026 15:08:08.932,0.27214,0.27163,0.27206,0.27249,342.65
03/05/2026 15:08:08.936,0.27214,0.27163,0.27206,0.27249,342.65
03/05/2026 15:08:08.940,0.27206,0.27163,0.27206,0.27249,342.65
03/05/2026 15:08:08.944,0.27197,0.27163,0.27206,0.27249,342.65
03/05/2026 15:08:08.948,0.27189,0.27163,0.27206,0.27249,342.65
03/05/2026 15:08:08.952,0.27189,0.27163,0.27206,0.27249,342.65
03/05/2026 15:08:08.956,0.27172,0.27163,0.27206,0.27249,342.65
03/05/2026 15:08:08.960,0.27172,0.27163,0.27206,0.27249,342.65
03/05/2026 15:08:08.964,0.27172,0.27163,0.27206,0.27249,342.65
03/05/2026 15:08:08.968,0.27172,0.27163,0.27206,0.27249,342.65
03/05/2026 15:08:08.972,0.27172,0.27163,0.27214,0.27249,342.65
03/05/2026 15:08:08.976,0.27172,0.27172,0.27214,0.27249,342.65
03/05/2026 15:08:08.980,0.27172,0.27197,0.27214,0.27249,342.65
03/05/2026 15:08:08.984,0.27172,0.27206,0.27214,0.27249,342.65
03/05/2026 15:08:08.988,0.27163,0.27206,0.27214,0.27249,342.65
03/05/2026 15:08:08.992,0.27172,0.27206,0.27206,0.27249,342.65
03/05/2026 15:08:08.996,0.27197,0.27206,0.27206,0.27249,342.65
03/05/2026 15:08:09.000,0.27197,0.27214,0.27206,0.27249,342.65
03/05/2026 15:08:09.004,0.27197,0.27214,0.27206,0.27249,342.65
03/05/2026 15:08:09.008,0.27197,0.27206,0.27206,0.27249,342.65
03/05/2026 15:08:09.012,0.27197,0.27206,0.27206,0.27249,342.65
03/05/2026 15:08:09.016,0.27197,0.27206,0.27206,0.27249,342.65
03/05/2026 15:08:09.020,0.27189,0.27214,0.27206,0.27249,342.65
03/05/2026 15:08:09.024,0.27172,0.27206,0.27214,0.27232,342.65
03/05/2026 15:08:09.028,0.27163,0.27214,0.27206,0.27206,342.65
03/05/2026 15:08:09.032,0.27163,0.27214,0.27206,0.27206,342.65
03/05/2026 15:08:09.036,0.27189,0.27206,0.27206,0.27223,342.65
03/05/2026 15:08:09.040,0.27197,0.27206,0.27214,0.27249,342.65
03/05/2026 15:08:09.044,0.27197,0.27206,0.27214,0.27249,342.65
03/05/2026 15:08:09.048,0.27197,0.27206,0.27206,0.27249,342.65
03/05/2026 15:08:09.052,0.27197,0.27206,0.27206,0.27249,342.65
03/05/2026 15:08:09.056,0.27197,0.27206,0.27206,0.27249,342.65
03/05/2026 15:08:09.060,0.27197,0.27206,0.27206,0.27249,342.65
03/05/2026 15:08:09.064,0.27197,0.27206,0.27206,0.27249,342.65
03/05/2026 15:08:09.068,0.27197,0.27206,0.27206,0.27249,342.65
03/05/2026 15:08:09.072,0.27197,0.27206,0.27206,0.27249,342.65
03/05/2026 15:08:09.076,0.27197,0.27206,0.27206,0.27249,342.65
03/05/2026 15:08:09.080,0.27197,0.27214,0.27206,0.27240,342.65
03/05/2026 15:08:09.084,0.27197,0.27189,0.27206,0.27249,342.65
03/05/2026 15:08:09.088,0.27189,0.27172,0.27214,0.27249,342.65
03/05/2026 15:08:09.092,0.27172,0.27197,0.27206,0.27249,342.65
03/05/2026 15:08:09.096,0.27172,0.27197,0.27206,0.27249,342.65
03/05/2026 15:08:09.100,0.27180,0.27197,0.27206,0.27249,342.65
03/05/2026 15:08:09.104,0.27197,0.27197,0.27206,0.27249,342.65
03/05/2026 15:08:09.108,0.27189,0.27197,0.27214,0.27249,342.65
03/05/2026 15:08:09.112,0.27172,0.27214,0.27214,0.27249,342.65
03/05/2026 15:08:09.116,0.27172,0.27206,0.27206,0.27249,342.65
03/05/2026 15:08:09.120,0.27172,0.27206,0.27206,0.27249,342.65
03/05/2026 15:08:09.124,0.27163,0.27206,0.27206,0.27249,342.65
03/05/2026 15:08:09.128,0.27155,0.27206,0.27206,0.27249,342.65
03/05/2026 15:08:09.132,0.27155,0.27206,0.27206,0.27249,342.65
03/05/2026 15:08:09.136,0.27163,0.27206,0.27206,0.27249,342.65
03/05/2026 15:08:09.140,0.27155,0.27206,0.27206,0.27249,342.65
03/05/2026 15:08:09.144,0.27155,0.27214,0.27214,0.27240,342.65
03/05/2026 15:08:09.148,0.27155,0.27206,0.27214,0.27223,342.65
03/05/2026 15:08:09.152,0.27163,0.27197,0.27206,0.27249,342.65
03/05/2026 15:08:09.156,0.27172,0.27197,0.27206,0.27249,342.65
03/05/2026 15:08:09.160,0.27180,0.27197,0.27206,0.27249,342.65
03/05/2026 15:08:09.164,0.27172,0.27197,0.27206,0.27249,342.65
03/05/2026 15:08:09.168,0.27172,0.27206,0.27206,0.27249,342.65
03/05/2026 15:08:09.172,0.27172,0.27214,0.27206,0.27249,342.65
03/05/2026 15:08:09.176,0.27172,0.27214,0.27214,0.27249,342.65
03/05/2026 15:08:09.180,0.27172,0.27189,0.27214,0.27249,342.65
03/05/2026 15:08:09.184,0.27172,0.27163,0.27206,0.27249,342.65
03/05/2026 15:08:09.188,0.27172,0.27163,0.27206,0.27249,342.65
03/05/2026 15:08:09.192,0.27172,0.27172,0.27206,0.27249,342.65
03/05/2026 15:08:09.196,0.27172,0.27172,0.27206,0.27249,342.65
03/05/2026 15:08:09.200,0.27172,0.27155,0.27206,0.27249,342.65
03/05/2026 15:08:09.204,0.27172,0.27155,0.27206,0.27240,342.65
03/05/2026 15:08:09.208,0.27172,0.27155,0.27206,0.27249,342.65
03/05/2026 15:08:09.212,0.27172,0.27163,0.27214,0.27249,342.65
03/05/2026 15:08:09.216,0.27163,0.27180,0.27214,0.27249,342.65
03/05/2026 15:08:09.220,0.27155,0.27206,0.27206,0.27249,342.65
03/05/2026 15:08:09.224,0.27163,0.27214,0.27206,0.27249,342.65
03/05/2026 15:08:09.228,0.27163,0.27206,0.27206,0.27249,342.65
03/05/2026 15:08:09.232,0.27163,0.27206,0.27206,0.27249,342.65
03/05/2026 15:08:09.236,0.27163,0.27206,0.27206,0.27249,342.65
03/05/2026 15:08:09.240,0.27172,0.27206,0.27206,0.27249,342.65
03/05/2026 15:08:09.244,0.27197,0.27206,0.27206,0.27249,342.65
03/05/2026 15:08:09.248,0.27206,0.27206,0.27214,0.27249,342.65
03/05/2026 15:08:09.252,0.27214,0.27206,0.27206,0.27249,342.65
03/05/2026 15:08:09.256,0.27206,0.27214,0.27206,0.27249,342.65
03/05/2026 15:08:09.260,0.27206,0.27206,0.27206,0.27249,342.65
03/05/2026 15:08:09.264,0.27206,0.27206,0.27206,0.27249,342.65
03/05/2026 15:08:09.268,0.27214,0.27206,0.27206,0.27249,342.65
03/05/2026 15:08:09.272,0.27206,0.27206,0.27206,0.27249,342.65
03/05/2026 15:08:09.276,0.27206,0.27189,0.27206,0.27240,342.65
03/05/2026 15:08:09.280,0.27206,0.27155,0.27214,0.27240,342.65
03/05/2026 15:08:09.284,0.27206,0.27163,0.27214,0.27249,342.65
03/05/2026 15:08:09.288,0.27214,0.27189,0.27206,0.27249,342.65
03/05/2026 15:08:09.292,0.27214,0.27197,0.27206,0.27249,342.65
03/05/2026 15:08:09.296,0.27206,0.27206,0.27206,0.27249,342.65
03/05/2026 15:08:09.300,0.27206,0.27214,0.27206,0.27249,342.65
03/05/2026 15:08:09.304,0.27214,0.27206,0.27206,0.27249,342.65
03/05/2026 15:08:09.308,0.27214,0.27206,0.27206,0.27249,342.65
03/05/2026 15:08:09.312,0.27214,0.27206,0.27214,0.27249,342.65
03/05/2026 15:08:09.316,0.27206,0.27214,0.27214,0.27249,342.65
03/05/2026 15:08:09.320,0.27206,0.27206,0.27206,0.27249,342.65
03/05/2026 15:08:09.324,0.27206,0.27206,0.27206,0.27249,342.65
03/05/2026 15:08:09.328,0.27206,0.27206,0.27206,0.27240,342.65
03/05/2026 15:08:09.332,0.27206,0.27214,0.27206,0.27240,342.65
03/05/2026 15:08:09.336,0.27206,0.27206,0.27206,0.27240,342.65
03/05/2026 15:08:09.340,0.27206,0.27206,0.27206,0.27249,342.65
03/05/2026 15:08:09.344,0.27206,0.27206,0.27206,0.27249,342.65
03/05/2026 15:08:09.348,0.27206,0.27206,0.27214,0.27249,342.65
03/05/2026 15:08:09.352,0.27206,0.27197,0.27214,0.27249,342.65
03/05/2026 15:08:09.356,0.27206,0.27172,0.27206,0.27249,342.65
03/05/2026 15:08:09.360,0.27206,0.27172,0.27206,0.27249,342.65
03/05/2026 15:08:09.364,0.27197,0.27172,0.27206,0.27249,342.65
03/05/2026 15:08:09.368,0.27180,0.27172,0.27206,0.27249,342.65
03/05/2026 15:08:09.372,0.27197,0.27172,0.27206,0.27249,342.65
03/05/2026 15:08:09.376,0.27206,0.27180,0.27206,0.27249,342.65
03/05/2026 15:08:09.380,0.27206,0.27197,0.27206,0.27249,342.65
03/05/2026 15:08:09.384,0.27206,0.27197,0.27214,0.27249,342.65
03/05/2026 15:08:09.388,0.27206,0.27197,0.27206,0.27249,342.65
03/05/2026 15:08:09.392,0.27206,0.27197,0.27206,0.27249,342.65
03/05/2026 15:08:09.396,0.27206,0.27197,0.27206,0.27249,342.65
03/05/2026 15:08:09.400,0.27206,0.27197,0.27206,0.27249,342.65
03/05/2026 15:08:09.404,0.27206,0.27197,0.27206,0.27249,342.65
03/05/2026 15:08:09.408,0.27206,0.27197,0.27206,0.27249,342.65
03/05/2026 15:08:09.412,0.27197,0.27197,0.27206,0.27249,342.65
03/05/2026 15:08:09.416,0.27189,0.27197,0.27206,0.27249,342.65
03/05/2026 15:08:09.420,0.27180,0.27197,0.27214,0.27240,342.65
03/05/2026 15:08:09.424,0.27172,0.27197,0.27206,0.27240,342.65
03/05/2026 15:08:09.428,0.27163,0.27197,0.27206,0.27249,342.65
03/05/2026 15:08:09.432,0.27163,0.27197,0.27206,0.27249,342.65
03/05/2026 15:08:09.436,0.27163,0.27197,0.27206,0.27249,342.65
03/05/2026 15:08:09.440,0.27163,0.27197,0.27206,0.27249,342.65
03/05/2026 15:08:09.444,0.27163,0.27197,0.27206,0.27249,342.65
03/05/2026 15:08:09.448,0.27163,0.27197,0.27206,0.27249,342.65
03/05/2026 15:08:09.452,0.27163,0.27197,0.27214,0.27249,342.65
03/05/2026 15:08:09.456,0.27172,0.27197,0.27206,0.27249,342.65
03/05/2026 15:08:09.460,0.27172,0.27197,0.27206,0.27249,342.65
03/05/2026 15:08:09.464,0.27180,0.27197,0.27206,0.27249,342.65
03/05/2026 15:08:09.468,0.27197,0.27189,0.27206,0.27249,342.65
03/05/2026 15:08:09.472,0.27197,0.27189,0.27214,0.27249,342.65
03/05/2026 15:08:09.476,0.27197,0.27206,0.27206,0.27249,342.65
03/05/2026 15:08:09.480,0.27197,0.27206,0.27206,0.27240,342.65
03/05/2026 15:08:09.484,0.27197,0.27206,0.27206,0.27249,342.65
03/05/2026 15:08:09.488,0.27197,0.27206,0.27206,0.27249,342.65
03/05/2026 15:08:09.492,0.27197,0.27206,0.27206,0.27249,342.65
03/05/2026 15:08:09.496,0.27197,0.27206,0.27206,0.27249,342.65
03/05/2026 15:08:09.500,0.27197,0.27206,0.27206,0.27249,342.65
03/05/2026 15:08:09.504,0.27197,0.27214,0.27214,0.27249,342.65
03/05/2026 15:08:09.508,0.27197,0.27206,0.27214,0.27249,342.65
03/05/2026 15:08:09.512,0.27197,0.27206,0.27206,0.27249,342.65
03/05/2026 15:08:09.516,0.27197,0.27206,0.27206,0.27249,342.65
03/05/2026 15:08:09.520,0.27189,0.27206,0.27206,0.27249,342.65
03/05/2026 15:08:09.524,0.27172,0.27206,0.27206,0.27249,342.65
03/05/2026 15:08:09.528,0.27163,0.27206,0.27206,0.27249,342.65
03/05/2026 15:08:09.532,0.27163,0.27214,0.27206,0.27249,342.65
03/05/2026 15:08:09.536,0.27163,0.27214,0.27206,0.27240,342.65
03/05/2026 15:08:09.540,0.27163,0.27206,0.27214,0.27249,342.65
03/05/2026 15:08:09.544,0.27172,0.27206,0.27214,0.27249,342.65
03/05/2026 15:08:09.548,0.27197,0.27206,0.27206,0.27249,342.65
03/05/2026 15:08:09.552,0.27197,0.27206,0.27206,0.27249,342.65
03/05/2026 15:08:09.556,0.27197,0.27214,0.27206,0.27249,342.65
03/05/2026 15:08:09.560,0.27197,0.27206,0.27206,0.27249,342.65
03/05/2026 15:08:09.564,0.27197,0.27206,0.27206,0.27249,342.65
03/05/2026 15:08:09.568,0.27197,0.27206,0.27206,0.27249,342.65
03/05/2026 15:08:09.572,0.27197,0.27197,0.27206,0.27249,342.65
03/05/2026 15:08:09.576,0.27197,0.27172,0.27206,0.27249,342.65
03/05/2026 15:08:09.580,0.27197,0.27163,0.27206,0.27249,342.65
03/05/2026 15:08:09.584,0.27197,0.27155,0.27206,0.27249,342.65
03/05/2026 15:08:09.588,0.27197,0.27146,0.27206,0.27249,342.65
03/05/2026 15:08:09.592,0.27197,0.27155,0.27206,0.27249,342.65
03/05/2026 15:08:09.596,0.27197,0.27172,0.27206,0.27249,342.65
03/05/2026 15:08:09.600,0.27189,0.27197,0.27206,0.27249,342.65
03/05/2026 15:08:09.604,0.27180,0.27206,0.27206,0.27249,342.65
03/05/2026 15:08:09.608,0.27197,0.27206,0.27214,0.27249,342.65
03/05/2026 15:08:09.612,0.27197,0.27214,0.27214,0.27249,342.65
03/05/2026 15:08:09.616,0.27197,0.27214,0.27206,0.27249,342.65
03/05/2026 15:08:09.620,0.27197,0.27206,0.27206,0.27249,342.65
03/05/2026 15:08:09.624,0.27189,0.27206,0.27206,0.27249,342.65
03/05/2026 15:08:09.628,0.27172,0.27206,0.27206,0.27249,342.65
03/05/2026 15:08:09.632,0.27172,0.27206,0.27206,0.27249,342.65
03/05/2026 15:08:09.636,0.27172,0.27214,0.27206,0.27249,342.65
03/05/2026 15:08:09.640,0.27172,0.27206,0.27214,0.27249,342.65
03/05/2026 15:08:09.644,0.27172,0.27214,0.27214,0.27249,342.65
03/05/2026 15:08:09.648,0.27180,0.27214,0.27206,0.27249,342.65
03/05/2026 15:08:09.652,0.27197,0.27206,0.27206,0.27249,342.65
03/05/2026 15:08:09.656,0.27206,0.27206,0.27206,0.27240,342.65
03/05/2026 15:08:09.660,0.27197,0.27206,0.27206,0.27223,342.65
03/05/2026 15:08:09.664,0.27163,0.27206,0.27206,0.27249,342.65
03/05/2026 15:08:09.668,0.27163,0.27206,0.27206,0.27249,342.65
03/05/2026 15:08:09.672,0.27163,0.27206,0.27206,0.27249,342.65
03/05/2026 15:08:09.676,0.27163,0.27206,0.27206,0.27249,342.65
03/05/2026 15:08:09.680,0.27163,0.27206,0.27214,0.27249,342.65
03/05/2026 15:08:09.684,0.27163,0.27206,0.27206,0.27249,342.65
03/05/2026 15:08:09.688,0.27163,0.27206,0.27206,0.27249,342.65
03/05/2026 15:08:09.692,0.27163,0.27197,0.27206,0.27249,342.65
03/05/2026 15:08:09.696,0.27163,0.27180,0.27206,0.27249,342.65
03/05/2026 15:08:09.700,0.27163,0.27197,0.27206,0.27249,342.65
03/05/2026 15:08:09.704,0.27163,0.27206,0.27206,0.27249,342.65
03/05/2026 15:08:09.708,0.27172,0.27214,0.27214,0.27249,342.65
03/05/2026 15:08:09.712,0.27197,0.27206,0.27214,0.27249,342.65
03/05/2026 15:08:09.716,0.27197,0.27197,0.27206,0.27249,342.65
03/05/2026 15:08:09.720,0.27189,0.27197,0.27206,0.27249,342.65
03/05/2026 15:08:09.724,0.27172,0.27206,0.27206,0.27249,342.65
03/05/2026 15:08:09.728,0.27172,0.27214,0.27206,0.27249,342.65
03/05/2026 15:08:09.732,0.27163,0.27214,0.27206,0.27249,342.65
03/05/2026 15:08:09.736,0.27155,0.27206,0.27206,0.27232,342.65
03/05/2026 15:08:09.740,0.27155,0.27206,0.27206,0.27223,342.65
03/05/2026 15:08:09.744,0.27163,0.27214,0.27214,0.27249,342.65
03/05/2026 15:08:09.748,0.27163,0.27214,0.27214,0.27249,342.65
03/05/2026 15:08:09.752,0.27163,0.27206,0.27206,0.27249,342.65
03/05/2026 15:08:09.756,0.27163,0.27214,0.27206,0.27240,342.65
03/05/2026 15:08:09.760,0.27163,0.27214,0.27206,0.27249,342.65
03/05/2026 15:08:09.764,0.27163,0.27206,0.27206,0.27249,342.65
03/05/2026 15:08:09.768,0.27163,0.27206,0.27206,0.27249,342.65
03/05/2026 15:08:09.772,0.27163,0.27214,0.27206,0.27249,342.65
03/05/2026 15:08:09.776,0.27163,0.27214,0.27214,0.27249,342.65
03/05/2026 15:08:09.780,0.27163,0.27214,0.27214,0.27249,342.65
03/05/2026 15:08:09.784,0.27163,0.27206,0.27206,0.27249,342.65
03/05/2026 15:08:09.788,0.27163,0.27206,0.27206,0.27249,342.65
03/05/2026 15:08:09.792,0.27163,0.27206,0.27206,0.27249,342.65
03/05/2026 15:08:09.796,0.27155,0.27206,0.27206,0.27249,342.65
03/05/2026 15:08:09.800,0.27163,0.27206,0.27206,0.27249,342.65
03/05/2026 15:08:09.804,0.27163,0.27206,0.27206,0.27249,342.65
03/05/2026 15:08:09.808,0.27163,0.27206,0.27206,0.27240,342.65
03/05/2026 15:08:09.812,0.27163,0.27206,0.27214,0.27232,342.65
03/05/2026 15:08:09.816,0.27163,0.27206,0.27214,0.27223,342.65
03/05/2026 15:08:09.820,0.27163,0.27206,0.27206,0.27223,342.65
03/05/2026 15:08:09.824,0.27163,0.27206,0.27206,0.27240,342.65
03/05/2026 15:08:09.828,0.27163,0.27206,0.27206,0.27249,342.65
03/05/2026 15:08:09.832,0.27163,0.27214,0.27206,0.27249,342.65
03/05/2026 15:08:09.836,0.27163,0.27214,0.27206,0.27249,342.65
03/05/2026 15:08:09.840,0.27163,0.27206,0.27206,0.27249,342.65
03/05/2026 15:08:09.844,0.27163,0.27206,0.27214,0.27240,342.65
03/05/2026 15:08:09.848,0.27163,0.27206,0.27214,0.27240,342.65
03/05/2026 15:08:09.852,0.27163,0.27206,0.27206,0.27249,342.65
03/05/2026 15:08:09.856,0.27163,0.27206,0.27206,0.27240,342.65
03/05/2026 15:08:09.860,0.27163,0.27206,0.27206,0.27240,342.65
03/05/2026 15:08:09.864,0.27163,0.27206,0.27206,0.27249,342.65
03/05/2026 15:08:09.868,0.27163,0.27206,0.27206,0.27240,342.65
03/05/2026 15:08:09.872,0.27163,0.27206,0.27206,0.27240,342.65
03/05/2026 15:08:09.876,0.27163,0.27206,0.27206,0.27232,342.65
03/05/2026 15:08:09.880,0.27163,0.27197,0.27214,0.27240,342.65
03/05/2026 15:08:09.884,0.27163,0.27172,0.27206,0.27249,342.65
03/05/2026 15:08:09.888,0.27163,0.27172,0.27206,0.27249,342.65
03/05/2026 15:08:09.892,0.27163,0.27197,0.27206,0.27249,342.65
03/05/2026 15:08:09.896,0.27163,0.27197,0.27206,0.27249,342.65
03/05/2026 15:08:09.900,0.27163,0.27197,0.27206,0.27249,342.65
03/05/2026 15:08:09.904,0.27155,0.27197,0.27206,0.27249,342.65
03/05/2026 15:08:09.908,0.27163,0.27197,0.27206,0.27249,342.65
03/05/2026 15:08:09.912,0.27163,0.27197,0.27206,0.27249,342.65
03/05/2026 15:08:09.916,0.27163,0.27197,0.27214,0.27249,342.65
03/05/2026 15:08:09.920,0.27163,0.27197,0.27206,0.27249,342.65
03/05/2026 15:08:09.924,0.27163,0.27197,0.27206,0.27249,342.65
03/05/2026 15:08:09.928,0.27163,0.27197,0.27206,0.27249,342.65
03/05/2026 15:08:09.932,0.27163,0.27197,0.27206,0.27249,342.65
03/05/2026 15:08:09.936,0.27163,0.27197,0.27206,0.27240,342.65
03/05/2026 15:08:09.940,0.27163,0.27206,0.27206,0.27249,342.65
03/05/2026 15:08:09.944,0.27163,0.27214,0.27206,0.27249,342.65
03/05/2026 15:08:09.948,0.27163,0.27214,0.27206,0.27249,342.65
03/05/2026 15:08:09.952,0.27163,0.27206,0.27206,0.27249,342.65
03/05/2026 15:08:09.956,0.27180,0.27206,0.27206,0.27249,342.65
03/05/2026 15:08:09.960,0.27197,0.27206,0.27206,0.27249,342.65
03/05/2026 15:08:09.964,0.27172,0.27206,0.27206,0.27249,342.65
03/05/2026 15:08:09.968,0.27172,0.27206,0.27214,0.27249,342.65
03/05/2026 15:08:09.972,0.27172,0.27206,0.27214,0.27249,342.65
03/05/2026 15:08:09.976,0.27163,0.27206,0.27214,0.27249,342.65
03/05/2026 15:08:09.980,0.27155,0.27206,0.27214,0.27240,342.65
03/05/2026 15:08:09.984,0.27163,0.27206,0.27206,0.27240,342.65
03/05/2026 15:08:09.988,0.27163,0.27197,0.27206,0.27240,342.65
03/05/2026 15:08:09.992,0.27163,0.27189,0.27206,0.27240,342.65
03/05/2026 15:08:09.996,0.27172,0.27206,0.27206,0.27249,342.65
03/05/2026 15:08:10.000,0.27172,0.27206,0.27206,0.27249,342.65
03/05/2026 15:08:10.004,0.27172,0.27206,0.27206,0.27249,342.65
03/05/2026 15:08:10.008,0.27172,0.27206,0.27214,0.27249,342.65
03/05/2026 15:08:10.012,0.27163,0.27206,0.27206,0.27249,342.65
03/05/2026 15:08:10.016,0.27172,0.27206,0.27206,0.27249,342.65
03/05/2026 15:08:10.020,0.27197,0.27206,0.27206,0.27249,342.65
03/05/2026 15:08:10.024,0.27197,0.27214,0.27206,0.27249,342.65
03/05/2026 15:08:10.028,0.27172,0.27214,0.27206,0.27249,342.65
03/05/2026 15:08:10.032,0.27155,0.27206,0.27206,0.27249,342.65
03/05/2026 15:08:10.036,0.27155,0.27206,0.27214,0.27249,342.65
03/05/2026 15:08:10.040,0.27155,0.27206,0.27214,0.27249,342.65
03/05/2026 15:08:10.044,0.27163,0.27206,0.27206,0.27249,342.65
03/05/2026 15:08:10.048,0.27163,0.27206,0.27206,0.27249,342.65
03/05/2026 15:08:10.052,0.27163,0.27197,0.27206,0.27249,342.65
03/05/2026 15:08:10.056,0.27163,0.27172,0.27206,0.27240,342.65
03/05/2026 15:08:10.060,0.27163,0.27180,0.27206,0.27249,342.65
03/05/2026 15:08:10.064,0.27163,0.27197,0.27206,0.27249,342.65
03/05/2026 15:08:10.068,0.27163,0.27197,0.27206,0.27249,342.65
03/05/2026 15:08:10.072,0.27163,0.27206,0.27214,0.27249,342.65
03/05/2026 15:08:10.076,0.27163,0.27214,0.27214,0.27249,342.65
03/05/2026 15:08:10.080,0.27163,0.27214,0.27206,0.27249,342.65
03/05/2026 15:08:10.084,0.27163,0.27206,0.27206,0.27249,342.65
03/05/2026 15:08:10.088,0.27163,0.27197,0.27206,0.27249,342.65
03/05/2026 15:08:10.092,0.27172,0.27197,0.27206,0.27249,342.65
03/05/2026 15:08:10.096,0.27189,0.27197,0.27206,0.27249,342.65
03/05/2026 15:08:10.100,0.27172,0.27197,0.27206,0.27249,342.65
03/05/2026 15:08:10.104,0.27172,0.27206,0.27214,0.27249,342.65
03/05/2026 15:08:10.108,0.27172,0.27214,0.27214,0.27249,342.65
03/05/2026 15:08:10.112,0.27172,0.27206,0.27206,0.27249,342.65
03/05/2026 15:08:10.116,0.27172,0.27197,0.27206,0.27249,342.65
03/05/2026 15:08:10.120,0.27172,0.27189,0.27206,0.27240,342.65
03/05/2026 15:08:10.124,0.27172,0.27197,0.27206,0.27249,342.65
03/05/2026 15:08:10.128,0.27180,0.27197,0.27206,0.27249,342.65
03/05/2026 15:08:10.132,0.27197,0.27206,0.27206,0.27249,342.65
03/05/2026 15:08:10.136,0.27197,0.27214,0.27206,0.27249,342.65
03/05/2026 15:08:10.140,0.27172,0.27214,0.27214,0.27249,342.65
03/05/2026 15:08:10.144,0.27172,0.27206,0.27214,0.27249,342.65
03/05/2026 15:08:10.148,0.27172,0.27206,0.27206,0.27249,342.65
03/05/2026 15:08:10.152,0.27172,0.27206,0.27206,0.27249,342.65
03/05/2026 15:08:10.156,0.27172,0.27206,0.27206,0.27249,342.65
03/05/2026 15:08:10.160,0.27163,0.27206,0.27206,0.27249,342.65
03/05/2026 15:08:10.164,0.27163,0.27206,0.27206,0.27249,342.65
03/05/2026 15:08:10.168,0.27163,0.27206,0.27206,0.27249,342.65
03/05/2026 15:08:10.172,0.27155,0.27206,0.27214,0.27249,342.65
03/05/2026 15:08:10.176,0.27155,0.27206,0.27214,0.27240,342.65
03/05/2026 15:08:10.180,0.27163,0.27206,0.27206,0.27249,342.65
03/05/2026 15:08:10.184,0.27163,0.27206,0.27206,0.27249,342.65
03/05/2026 15:08:10.188,0.27163,0.27206,0.27206,0.27249,342.65
03/05/2026 15:08:10.192,0.27163,0.27206,0.27206,0.27249,342.65
03/05/2026 15:08:10.196,0.27163,0.27214,0.27206,0.27249,342.65
03/05/2026 15:08:10.200,0.27163,0.27214,0.27206,0.27249,342.65
03/05/2026 15:08:10.204,0.27163,0.27206,0.27206,0.27249,342.65
03/05/2026 15:08:10.208,0.27163,0.27206,0.27206,0.27249,342.65
03/05/2026 15:08:10.212,0.27163,0.27206,0.27214,0.27249,342.65
03/05/2026 15:08:10.216,0.27163,0.27197,0.27206,0.27249,342.65
03/05/2026 15:08:10.220,0.27163,0.27180,0.27206,0.27249,342.65
03/05/2026 15:08:10.224,0.27163,0.27197,0.27206,0.27249,342.65
03/05/2026 15:08:10.228,0.27163,0.27197,0.27206,0.27249,342.65
03/05/2026 15:08:10.232,0.27163,0.27197,0.27206,0.27249,342.65
03/05/2026 15:08:10.236,0.27163,0.27197,0.27206,0.27249,342.65
03/05/2026 15:08:10.240,0.27163,0.27197,0.27214,0.27240,342.65
03/05/2026 15:08:10.244,0.27163,0.27197,0.27214,0.27240,342.65
03/05/2026 15:08:10.248,0.27163,0.27206,0.27206,0.27249,342.65
03/05/2026 15:08:10.252,0.27163,0.27214,0.27206,0.27249,342.65
03/05/2026 15:08:10.256,0.27163,0.27206,0.27206,0.27249,342.65
03/05/2026 15:08:10.260,0.27163,0.27206,0.27206,0.27249,342.65
03/05/2026 15:08:10.264,0.27172,0.27206,0.27206,0.27249,342.65
03/05/2026 15:08:10.268,0.27189,0.27206,0.27206,0.27240,342.65
03/05/2026 15:08:10.272,0.27197,0.27206,0.27206,0.27240,342.65
03/05/2026 15:08:10.276,0.27197,0.27206,0.27214,0.27240,342.65
03/05/2026 15:08:10.280,0.27197,0.27206,0.27214,0.27240,342.65
03/05/2026 15:08:10.284,0.27189,0.27206,0.27206,0.27249,342.65
03/05/2026 15:08:10.288,0.27172,0.27206,0.27206,0.27249,342.65
03/05/2026 15:08:10.292,0.27172,0.27206,0.27206,0.27249,342.65
03/05/2026 15:08:10.296,0.27172,0.27206,0.27206,0.27249,342.65
03/05/2026 15:08:10.300,0.27172,0.27206,0.27206,0.27249,342.65
03/05/2026 15:08:10.304,0.27172,0.27206,0.27206,0.27249,342.65
03/05/2026 15:08:10.308,0.27172,0.27214,0.27214,0.27249,342.65
03/05/2026 15:08:10.312,0.27172,0.27206,0.27214,0.27240,342.65
03/05/2026 15:08:10.316,0.27172,0.27206,0.27206,0.27240,342.65
03/05/2026 15:08:10.320,0.27172,0.27206,0.27206,0.27240,342.65
03/05/2026 15:08:10.324,0.27172,0.27206,0.27206,0.27240,342.65
03/05/2026 15:08:10.328,0.27172,0.27197,0.27206,0.27240,342.65
03/05/2026 15:08:10.332,0.27180,0.27172,0.27206,0.27240,342.65
03/05/2026 15:08:10.336,0.27189,0.27155,0.27206,0.27240,342.65
03/05/2026 15:08:10.340,0.27172,0.27155,0.27206,0.27249,342.65
03/05/2026 15:08:10.344,0.27172,0.27189,0.27206,0.27249,342.65
03/05/2026 15:08:10.348,0.27172,0.27197,0.27214,0.27249,342.65
03/05/2026 15:08:10.352,0.27172,0.27206,0.27206,0.27249,342.65
03/05/2026 15:08:10.356,0.27172,0.27214,0.27206,0.27249,342.65
03/05/2026 15:08:10.360,0.27172,0.27206,0.27206,0.27249,342.65
03/05/2026 15:08:10.364,0.27172,0.27189,0.27206,0.27249,342.65
03/05/2026 15:08:10.368,0.27172,0.27189,0.27206,0.27249,342.65
03/05/2026 15:08:10.372,0.27172,0.27180,0.27206,0.27249,342.65
03/05/2026 15:08:10.376,0.27172,0.27189,0.27214,0.27249,342.65
03/05/2026 15:08:10.380,0.27163,0.27180,0.27214,0.27249,342.65
03/05/2026 15:08:10.384,0.27163,0.27197,0.27206,0.27249,342.65
03/05/2026 15:08:10.388,0.27155,0.27214,0.27206,0.27249,342.65
03/05/2026 15:08:10.392,0.27155,0.27214,0.27206,0.27240,342.65
03/05/2026 15:08:10.396,0.27163,0.27206,0.27206,0.27249,342.65
03/05/2026 15:08:10.400,0.27163,0.27206,0.27206,0.27249,342.65
03/05/2026 15:08:10.404,0.27163,0.27206,0.27206,0.27249,342.65
03/05/2026 15:08:10.408,0.27163,0.27206,0.27206,0.27249,342.65
03/05/2026 15:08:10.412,0.27163,0.27206,0.27206,0.27249,342.65
03/05/2026 15:08:10.416,0.27163,0.27206,0.27206,0.27249,342.65
03/05/2026 15:08:10.420,0.27163,0.27214,0.27206,0.27249,342.65
03/05/2026 15:08:10.424,0.27163,0.27206,0.27206,0.27249,342.65
03/05/2026 15:08:10.428,0.27163,0.27206,0.27206,0.27249,342.65
03/05/2026 15:08:10.432,0.27163,0.27206,0.27214,0.27249,342.65
03/05/2026 15:08:10.436,0.27163,0.27206,0.27214,0.27249,342.65
03/05/2026 15:08:10.440,0.27163,0.27214,0.27214,0.27249,342.65
03/05/2026 15:08:10.444,0.27163,0.27214,0.27214,0.27249,342.65
03/05/2026 15:08:10.448,0.27163,0.27214,0.27214,0.27249,342.65
03/05/2026 15:08:10.452,0.27163,0.27214,0.27206,0.27249,342.65
03/05/2026 15:08:10.456,0.27163,0.27206,0.27206,0.27249,342.65
03/05/2026 15:08:10.460,0.27163,0.27206,0.27206,0.27249,342.65
03/05/2026 15:08:10.464,0.27163,0.27206,0.27206,0.27249,342.65
03/05/2026 15:08:10.468,0.27172,0.27206,0.27206,0.27232,342.65
03/05/2026 15:08:10.472,0.27197,0.27214,0.27206,0.27206,342.65
03/05/2026 15:08:10.476,0.27189,0.27206,0.27206,0.27214,342.65
03/05/2026 15:08:10.480,0.27172,0.27206,0.27206,0.27232,342.65
03/05/2026 15:08:10.484,0.27172,0.27206,0.27214,0.27249,342.65
03/05/2026 15:08:10.488,0.27172,0.27206,0.27206,0.27249,342.65
03/05/2026 15:08:10.492,0.27172,0.27206,0.27206,0.27249,342.65
03/05/2026 15:08:10.496,0.27172,0.27206,0.27206,0.27249,342.65
03/05/2026 15:08:10.500,0.27172,0.27214,0.27214,0.27249,342.65
03/05/2026 15:08:10.504,0.27172,0.27214,0.27214,0.27249,342.65
03/05/2026 15:08:10.508,0.27172,0.27206,0.27206,0.27249,342.65
03/05/2026 15:08:10.512,0.27172,0.27206,0.27206,0.27249,342.65
03/05/2026 15:08:10.516,0.27172,0.27206,0.27206,0.27249,342.65
03/05/2026 15:08:10.520,0.27172,0.27206,0.27206,0.27249,342.65
03/05/2026 15:08:10.524,0.27172,0.27206,0.27206,0.27240,342.65
03/05/2026 15:08:10.528,0.27172,0.27206,0.27206,0.27249,342.65
03/05/2026 15:08:10.532,0.27163,0.27206,0.27206,0.27249,342.65
03/05/2026 15:08:10.536,0.27155,0.27206,0.27214,0.27249,342.65
03/05/2026 15:08:10.540,0.27163,0.27206,0.27214,0.27249,342.65
03/05/2026 15:08:10.544,0.27163,0.27206,0.27206,0.27249,342.65
03/05/2026 15:08:10.548,0.27163,0.27206,0.27206,0.27249,342.65
03/05/2026 15:08:10.552,0.27163,0.27189,0.27206,0.27249,342.65
03/05/2026 15:08:10.556,0.27163,0.27163,0.27206,0.27249,342.65
03/05/2026 15:08:10.560,0.27163,0.27172,0.27206,0.27249,342.65
03/05/2026 15:08:10.564,0.27163,0.27197,0.27206,0.27249,342.65
03/05/2026 15:08:10.568,0.27163,0.27197,0.27206,0.27249,342.65
03/05/2026 15:08:10.572,0.27163,0.27197,0.27206,0.27240,342.65
03/05/2026 15:08:10.576,0.27163,0.27197,0.27206,0.27232,342.65
03/05/2026 15:08:10.580,0.27163,0.27206,0.27214,0.27223,342.65
03/05/2026 15:08:10.584,0.27163,0.27214,0.27206,0.27214,342.65
03/05/2026 15:08:10.588,0.27163,0.27206,0.27206,0.27214,342.65
03/05/2026 15:08:10.592,0.27172,0.27197,0.27206,0.27232,342.65
03/05/2026 15:08:10.596,0.27197,0.27172,0.27206,0.27249,342.65
03/05/2026 15:08:10.600,0.27189,0.27172,0.27206,0.27249,342.65
03/05/2026 15:08:10.604,0.27172,0.27172,0.27214,0.27249,342.65
03/05/2026 15:08:10.608,0.27155,0.27180,0.27214,0.27249,342.65
03/05/2026 15:08:10.612,0.27155,0.27206,0.27206,0.27240,342.65
03/05/2026 15:08:10.616,0.27163,0.27206,0.27206,0.27249,342.65
03/05/2026 15:08:10.620,0.27172,0.27206,0.27206,0.27249,342.65
03/05/2026 15:08:10.624,0.27180,0.27206,0.27206,0.27240,342.65
03/05/2026 15:08:10.628,0.27180,0.27214,0.27206,0.27249,342.65
03/05/2026 15:08:10.632,0.27197,0.27206,0.27206,0.27249,342.65
03/05/2026 15:08:10.636,0.27189,0.27206,0.27206,0.27249,342.65
03/05/2026 15:08:10.640,0.27172,0.27206,0.27214,0.27249,342.65
03/05/2026 15:08:10.644,0.27172,0.27214,0.27206,0.27240,342.65
03/05/2026 15:08:10.648,0.27172,0.27214,0.27206,0.27232,342.65
03/05/2026 15:08:10.652,0.27172,0.27206,0.27206,0.27223,342.65
03/05/2026 15:08:10.656,0.27172,0.27206,0.27206,0.27214,342.65
03/05/2026 15:08:10.660,0.27172,0.27214,0.27206,0.27223,342.65
03/05/2026 15:08:10.664,0.27172,0.27214,0.27206,0.27240,342.65
03/05/2026 15:08:10.668,0.27172,0.27206,0.27206,0.27240,342.65
03/05/2026 15:08:10.672,0.27172,0.27214,0.27214,0.27249,342.65
03/05/2026 15:08:10.676,0.27172,0.27206,0.27214,0.27249,342.65
03/05/2026 15:08:10.680,0.27172,0.27206,0.27206,0.27240,342.65
03/05/2026 15:08:10.684,0.27163,0.27206,0.27206,0.27249,342.65
03/05/2026 15:08:10.688,0.27163,0.27214,0.27206,0.27249,342.65
03/05/2026 15:08:10.692,0.27180,0.27206,0.27206,0.27249,342.65
03/05/2026 15:08:10.696,0.27172,0.27206,0.27206,0.27249,342.65
03/05/2026 15:08:10.700,0.27172,0.27206,0.27206,0.27249,342.65
03/05/2026 15:08:10.704,0.27172,0.27214,0.27214,0.27249,342.65
03/05/2026 15:08:10.708,0.27172,0.27214,0.27214,0.27249,342.65
03/05/2026 15:08:10.712,0.27172,0.27206,0.27206,0.27249,342.65
03/05/2026 15:08:10.716,0.27163,0.27206,0.27206,0.27249,342.65
03/05/2026 15:08:10.720,0.27155,0.27214,0.27206,0.27249,342.65
03/05/2026 15:08:10.724,0.27163,0.27214,0.27206,0.27249,342.65
03/05/2026 15:08:10.728,0.27163,0.27206,0.27206,0.27249,342.65
03/05/2026 15:08:10.732,0.27163,0.27197,0.27206,0.27249,342.65
03/05/2026 15:08:10.736,0.27163,0.27197,0.27206,0.27232,342.65
03/05/2026 15:08:10.740,0.27155,0.27197,0.27214,0.27223,342.65
03/05/2026 15:08:10.744,0.27163,0.27197,0.27214,0.27249,342.65
03/05/2026 15:08:10.748,0.27163,0.27197,0.27206,0.27249,342.65
03/05/2026 15:08:10.752,0.27163,0.27197,0.27206,0.27249,342.65
03/05/2026 15:08:10.756,0.27163,0.27197,0.27206,0.27249,342.65
03/05/2026 15:08:10.760,0.27163,0.27197,0.27206,0.27249,342.65
03/05/2026 15:08:10.764,0.27163,0.27197,0.27206,0.27249,342.65
03/05/2026 15:08:10.768,0.27163,0.27197,0.27206,0.27249,342.65
03/05/2026 15:08:10.772,0.27163,0.27197,0.27206,0.27249,342.65
03/05/2026 15:08:10.776,0.27163,0.27197,0.27214,0.27249,342.65
03/05/2026 15:08:10.780,0.27163,0.27197,0.27206,0.27249,342.65
03/05/2026 15:08:10.784,0.27163,0.27197,0.27206,0.27249,342.65
03/05/2026 15:08:10.788,0.27163,0.27197,0.27206,0.27249,342.65
03/05/2026 15:08:10.792,0.27172,0.27197,0.27206,0.27249,342.65
03/05/2026 15:08:10.796,0.27197,0.27197,0.27206,0.27249,342.65
03/05/2026 15:08:10.800,0.27197,0.27197,0.27206,0.27249,342.65
03/05/2026 15:08:10.804,0.27197,0.27197,0.27206,0.27249,342.65
03/05/2026 15:08:10.808,0.27189,0.27197,0.27206,0.27249,342.65
03/05/2026 15:08:10.812,0.27180,0.27197,0.27214,0.27240,342.65
03/05/2026 15:08:10.816,0.27172,0.27197,0.27206,0.27249,342.65
03/05/2026 15:08:10.820,0.27172,0.27197,0.27206,0.27249,342.65
03/05/2026 15:08:10.824,0.27172,0.27197,0.27206,0.27249,342.65
03/05/2026 15:08:10.828,0.27172,0.27197,0.27206,0.27249,342.65
03/05/2026 15:08:10.832,0.27172,0.27189,0.27206,0.27249,342.65
03/05/2026 15:08:10.836,0.27172,0.27180,0.27206,0.27249,342.65
03/05/2026 15:08:10.840,0.27172,0.27197,0.27206,0.27249,342.65
03/05/2026 15:08:10.844,0.27172,0.27197,0.27214,0.27249,342.65
03/05/2026 15:08:10.848,0.27172,0.27197,0.27206,0.27249,342.65
03/05/2026 15:08:10.852,0.27172,0.27197,0.27206,0.27249,342.65
03/05/2026 15:08:10.856,0.27172,0.27206,0.27206,0.27249,342.65
03/05/2026 15:08:10.860,0.27172,0.27214,0.27206,0.27249,342.65
03/05/2026 15:08:10.864,0.27172,0.27214,0.27206,0.27249,342.65
03/05/2026 15:08:10.868,0.27180,0.27214,0.27206,0.27240,342.65
03/05/2026 15:08:10.872,0.27197,0.27206,0.27206,0.27249,342.65
03/05/2026 15:08:10.876,0.27189,0.27206,0.27206,0.27249,342.65
03/05/2026 15:08:10.880,0.27172,0.27206,0.27206,0.27249,342.65
03/05/2026 15:08:10.884,0.27172,0.27206,0.27206,0.27249,342.65
03/05/2026 15:08:10.888,0.27172,0.27206,0.27206,0.27249,342.65
03/05/2026 15:08:10.892,0.27172,0.27206,0.27206,0.27249,342.65
03/05/2026 15:08:10.896,0.27172,0.27206,0.27214,0.27249,342.65
03/05/2026 15:08:10.900,0.27172,0.27206,0.27214,0.27249,342.65
03/05/2026 15:08:10.904,0.27172,0.27206,0.27214,0.27249,342.65
03/05/2026 15:08:10.908,0.27172,0.27197,0.27214,0.27249,342.65
03/05/2026 15:08:10.912,0.27172,0.27180,0.27214,0.27249,342.65
03/05/2026 15:08:10.916,0.27172,0.27197,0.27206,0.27249,342.65
03/05/2026 15:08:10.920,0.27172,0.27197,0.27206,0.27249,342.65
03/05/2026 15:08:10.924,0.27180,0.27197,0.27206,0.27249,342.65
03/05/2026 15:08:10.928,0.27197,0.27197,0.27206,0.27249,342.65
03/05/2026 15:08:10.932,0.27197,0.27197,0.27206,0.27249,342.65
03/05/2026 15:08:10.936,0.27189,0.27197,0.27206,0.27249,342.65
03/05/2026 15:08:10.940,0.27180,0.27197,0.27206,0.27249,342.65
03/05/2026 15:08:10.944,0.27172,0.27197,0.27214,0.27249,342.65
03/05/2026 15:08:10.948,0.27172,0.27197,0.27214,0.27249,342.65
03/05/2026 15:08:10.952,0.27172,0.27197,0.27206,0.27249,342.65
03/05/2026 15:08:10.956,0.27163,0.27206,0.27206,0.27240,342.65
03/05/2026 15:08:10.960,0.27163,0.27214,0.27206,0.27249,342.65
03/05/2026 15:08:10.964,0.27163,0.27214,0.27214,0.27249,342.65
03/05/2026 15:08:10.968,0.27163,0.27214,0.27214,0.27249,342.65
03/05/2026 15:08:10.972,0.27163,0.27214,0.27206,0.27249,342.65
03/05/2026 15:08:10.976,0.27163,0.27214,0.27206,0.27249,342.65
03/05/2026 15:08:10.980,0.27163,0.27206,0.27206,0.27249,342.65
03/05/2026 15:08:10.984,0.27163,0.27206,0.27206,0.27249,342.65
03/05/2026 15:08:10.988,0.27163,0.27206,0.27206,0.27249,342.65
03/05/2026 15:08:10.992,0.27163,0.27206,0.27206,0.27249,342.65
03/05/2026 15:08:10.996,0.27163,0.27206,0.27206,0.27249,342.65
03/05/2026 15:08:11.000,0.27163,0.27206,0.27206,0.27249,342.65
03/05/2026 15:08:11.004,0.27163,0.27206,0.27206,0.27249,342.65
03/05/2026 15:08:11.008,0.27163,0.27197,0.27206,0.27249,342.65
03/05/2026 15:08:11.012,0.27163,0.27180,0.27206,0.27240,342.65
03/05/2026 15:08:11.016,0.27163,0.27197,0.27214,0.27249,342.65
03/05/2026 15:08:11.020,0.27155,0.27214,0.27206,0.27249,342.65
03/05/2026 15:08:11.024,0.27163,0.27214,0.27206,0.27249,342.65
03/05/2026 15:08:11.028,0.27163,0.27206,0.27206,0.27249,342.65
03/05/2026 15:08:11.032,0.27163,0.27206,0.27206,0.27249,342.65
03/05/2026 15:08:11.036,0.27163,0.27206,0.27206,0.27249,342.65
03/05/2026 15:08:11.040,0.27163,0.27206,0.27206,0.27249,342.65
03/05/2026 15:08:11.044,0.27163,0.27206,0.27206,0.27232,342.65
03/05/2026 15:08:11.048,0.27163,0.27206,0.27214,0.27223,342.65
03/05/2026 15:08:11.052,0.27163,0.27214,0.27206,0.27249,342.65
03/05/2026 15:08:11.056,0.27163,0.27206,0.27206,0.27249,342.65
03/05/2026 15:08:11.060,0.27163,0.27206,0.27206,0.27249,342.65
03/05/2026 15:08:11.064,0.27163,0.27206,0.27206,0.27249,342.65
03/05/2026 15:08:11.068,0.27163,0.27206,0.27214,0.27249,342.65
03/05/2026 15:08:11.072,0.27163,0.27206,0.27214,0.27249,342.65
03/05/2026 15:08:11.076,0.27172,0.27206,0.27206,0.27249,342.65
03/05/2026 15:08:11.080,0.27189,0.27206,0.27206,0.27232,342.65
03/05/2026 15:08:11.084,0.27172,0.27197,0.27206,0.27223,342.65
03/05/2026 15:08:11.088,0.27163,0.27172,0.27206,0.27240,342.65
03/05/2026 15:08:11.092,0.27155,0.27163,0.27206,0.27249,342.65
03/05/2026 15:08:11.096,0.27155,0.27163,0.27206,0.27249,342.65
03/05/2026 15:08:11.100,0.27155,0.27163,0.27214,0.27249,342.65
03/05/2026 15:08:11.104,0.27163,0.27163,0.27214,0.27249,342.65
03/05/2026 15:08:11.108,0.27172,0.27163,0.27206,0.27249,342.65
03/05/2026 15:08:11.112,0.27180,0.27163,0.27206,0.27249,342.65
03/05/2026 15:08:11.116,0.27197,0.27172,0.27206,0.27249,342.65
03/05/2026 15:08:11.120,0.27206,0.27197,0.27206,0.27249,342.65
03/05/2026 15:08:11.124,0.27206,0.27197,0.27206,0.27240,342.65
03/05/2026 15:08:11.128,0.27214,0.27197,0.27206,0.27249,342.65
03/05/2026 15:08:11.132,0.27206,0.27197,0.27206,0.27249,342.65
03/05/2026 15:08:11.136,0.27206,0.27197,0.27214,0.27249,342.65
03/05/2026 15:08:11.140,0.27206,0.27197,0.27214,0.27249,342.65
03/05/2026 15:08:11.144,0.27206,0.27197,0.27206,0.27240,342.65
03/05/2026 15:08:11.148,0.27206,0.27197,0.27206,0.27240,342.65
03/05/2026 15:08:11.152,0.27197,0.27197,0.27206,0.27240,342.65
03/05/2026 15:08:11.156,0.27189,0.27197,0.27206,0.27240,342.65
03/05/2026 15:08:11.160,0.27189,0.27197,0.27206,0.27249,342.65
03/05/2026 15:08:11.164,0.27197,0.27206,0.27206,0.27249,342.65
03/05/2026 15:08:11.168,0.27197,0.27214,0.27206,0.27249,342.65
03/05/2026 15:08:11.172,0.27197,0.27214,0.27206,0.27249,342.65
03/05/2026 15:08:11.176,0.27197,0.27206,0.27206,0.27249,342.65
03/05/2026 15:08:11.180,0.27197,0.27197,0.27206,0.27249,342.65
03/05/2026 15:08:11.184,0.27189,0.27197,0.27206,0.27249,342.65
03/05/2026 15:08:11.188,0.27180,0.27197,0.27214,0.27249,342.65
03/05/2026 15:08:11.192,0.27172,0.27197,0.27206,0.27240,342.65
03/05/2026 15:08:11.196,0.27172,0.27197,0.27206,0.27240,342.65
03/05/2026 15:08:11.200,0.27172,0.27197,0.27206,0.27240,342.65
03/05/2026 15:08:11.204,0.27172,0.27197,0.27206,0.27240,342.65
03/05/2026 15:08:11.208,0.27172,0.27206,0.27214,0.27240,342.65
03/05/2026 15:08:11.212,0.27172,0.27214,0.27206,0.27240,342.65
03/05/2026 15:08:11.216,0.27172,0.27214,0.27206,0.27249,342.65
03/05/2026 15:08:11.220,0.27172,0.27214,0.27206,0.27249,342.65
03/05/2026 15:08:11.224,0.27172,0.27214,0.27206,0.27249,342.65
03/05/2026 15:08:11.228,0.27172,0.27206,0.27206,0.27249,342.65
03/05/2026 15:08:11.232,0.27172,0.27206,0.27206,0.27249,342.65
03/05/2026 15:08:11.236,0.27172,0.27206,0.27206,0.27249,342.65
03/05/2026 15:08:11.240,0.27172,0.27206,0.27214,0.27249,342.65
03/05/2026 15:08:11.244,0.27172,0.27206,0.27206,0.27249,342.65
03/05/2026 15:08:11.248,0.27180,0.27206,0.27206,0.27249,342.65
03/05/2026 15:08:11.252,0.27189,0.27206,0.27206,0.27249,342.65
03/05/2026 15:08:11.256,0.27172,0.27206,0.27206,0.27249,342.65
03/05/2026 15:08:11.260,0.27172,0.27206,0.27206,0.27249,342.65
03/05/2026 15:08:11.264,0.27172,0.27206,0.27206,0.27249,342.65
03/05/2026 15:08:11.268,0.27172,0.27206,0.27206,0.27240,342.65
03/05/2026 15:08:11.272,0.27172,0.27214,0.27214,0.27249,342.65
03/05/2026 15:08:11.276,0.27180,0.27214,0.27214,0.27249,342.65
03/05/2026 15:08:11.280,0.27197,0.27206,0.27206,0.27249,342.65
03/05/2026 15:08:11.284,0.27197,0.27206,0.27206,0.27249,342.65
03/05/2026 15:08:11.288,0.27197,0.27206,0.27206,0.27249,342.65
03/05/2026 15:08:11.292,0.27189,0.27206,0.27206,0.27249,342.65
03/05/2026 15:08:11.296,0.27180,0.27206,0.27206,0.27249,342.65
03/05/2026 15:08:11.300,0.27172,0.27206,0.27206,0.27249,342.65
03/05/2026 15:08:11.304,0.27163,0.27214,0.27214,0.27249,342.65
03/05/2026 15:08:11.308,0.27155,0.27214,0.27214,0.27240,342.65
03/05/2026 15:08:11.312,0.27155,0.27206,0.27206,0.27249,342.65
03/05/2026 15:08:11.316,0.27155,0.27206,0.27206,0.27240,342.65
03/05/2026 15:08:11.320,0.27163,0.27206,0.27206,0.27214,342.65
03/05/2026 15:08:11.324,0.27163,0.27206,0.27206,0.27206,342.65
03/05/2026 15:08:11.328,0.27163,0.27206,0.27206,0.27206,342.65
03/05/2026 15:08:11.332,0.27163,0.27206,0.27206,0.27206,342.65
03/05/2026 15:08:11.336,0.27163,0.27206,0.27206,0.27214,342.65
03/05/2026 15:08:11.340,0.27155,0.27206,0.27206,0.27206,342.65
03/05/2026 15:08:11.344,0.27155,0.27206,0.27206,0.27206,342.65
03/05/2026 15:08:11.348,0.27155,0.27206,0.27206,0.27206,342.65
03/05/2026 15:08:11.352,0.27163,0.27214,0.27206,0.27206,342.65
03/05/2026 15:08:11.356,0.27163,0.27214,0.27206,0.27206,342.65
03/05/2026 15:08:11.360,0.27163,0.27206,0.27214,0.27206,342.65
03/05/2026 15:08:11.364,0.27163,0.27206,0.27214,0.27206,342.65
03/05/2026 15:08:11.368,0.27163,0.27206,0.27214,0.27214,342.65
03/05/2026 15:08:11.372,0.27163,0.27206,0.27214,0.27223,342.65
03/05/2026 15:08:11.376,0.27163,0.27206,0.27214,0.27232,342.65
03/05/2026 15:08:11.380,0.27163,0.27206,0.27206,0.27232,342.65
03/05/2026 15:08:11.384,0.27163,0.27197,0.27206,0.27232,342.65
03/05/2026 15:08:11.388,0.27163,0.27172,0.27206,0.27232,342.65
03/05/2026 15:08:11.392,0.27163,0.27172,0.27206,0.27232,342.65
03/05/2026 15:08:11.396,0.27163,0.27172,0.27206,0.27232,342.65
03/05/2026 15:08:11.400,0.27163,0.27172,0.27206,0.27223,342.65
03/05/2026 15:08:11.404,0.27163,0.27172,0.27206,0.27206,342.65
03/05/2026 15:08:11.408,0.27163,0.27180,0.27206,0.27206,342.65
03/05/2026 15:08:11.412,0.27163,0.27206,0.27214,0.27206,342.65
03/05/2026 15:08:11.416,0.27172,0.27214,0.27206,0.27206,342.65
03/05/2026 15:08:11.420,0.27189,0.27206,0.27206,0.27206,342.65
03/05/2026 15:08:11.424,0.27189,0.27206,0.27206,0.27223,342.65
03/05/2026 15:08:11.428,0.27172,0.27206,0.27206,0.27232,342.65
03/05/2026 15:08:11.432,0.27172,0.27206,0.27206,0.27206,342.65
03/05/2026 15:08:11.436,0.27172,0.27206,0.27206,0.27206,342.65
03/05/2026 15:08:11.440,0.27172,0.27206,0.27214,0.27206,342.65
03/05/2026 15:08:11.444,0.27172,0.27197,0.27214,0.27214,342.65
03/05/2026 15:08:11.448,0.27172,0.27197,0.27206,0.27223,342.65
03/05/2026 15:08:11.452,0.27172,0.27197,0.27206,0.27223,342.65
03/05/2026 15:08:11.456,0.27172,0.27197,0.27206,0.27232,342.65
03/05/2026 15:08:11.460,0.27172,0.27189,0.27206,0.27232,342.65
03/05/2026 15:08:11.464,0.27172,0.27172,0.27206,0.27232,342.65
03/05/2026 15:08:11.468,0.27172,0.27163,0.27206,0.27232,342.65
03/05/2026 15:08:11.472,0.27180,0.27155,0.27206,0.27232,342.65
03/05/2026 15:08:11.476,0.27197,0.27163,0.27214,0.27232,342.65
03/05/2026 15:08:11.480,0.27189,0.27189,0.27214,0.27232,342.65
03/05/2026 15:08:11.484,0.27172,0.27197,0.27206,0.27232,342.65
03/05/2026 15:08:11.488,0.27172,0.27206,0.27206,0.27232,342.65
03/05/2026 15:08:11.492,0.27172,0.27214,0.27206,0.27240,342.65
03/05/2026 15:08:11.496,0.27172,0.27214,0.27214,0.27249,342.65
03/05/2026 15:08:11.500,0.27172,0.27206,0.27214,0.27249,342.65
03/05/2026 15:08:11.504,0.27172,0.27206,0.27206,0.27249,342.65
03/05/2026 15:08:11.508,0.27172,0.27206,0.27206,0.27249,342.65
03/05/2026 15:08:11.512,0.27172,0.27206,0.27206,0.27249,342.65
03/05/2026 15:08:11.516,0.27172,0.27206,0.27206,0.27249,342.65
03/05/2026 15:08:11.520,0.27172,0.27206,0.27206,0.27249,342.65
03/05/2026 15:08:11.524,0.27172,0.27206,0.27206,0.27249,342.65
03/05/2026 15:08:11.528,0.27172,0.27206,0.27206,0.27249,342.65
03/05/2026 15:08:11.532,0.27172,0.27206,0.27206,0.27240,342.65
03/05/2026 15:08:11.536,0.27172,0.27206,0.27206,0.27223,342.65
03/05/2026 15:08:11.540,0.27172,0.27206,0.27206,0.27206,342.65
03/05/2026 15:08:11.544,0.27172,0.27197,0.27206,0.27206,342.65
03/05/2026 15:08:11.548,0.27172,0.27180,0.27214,0.27240,342.65
03/05/2026 15:08:11.552,0.27163,0.27197,0.27206,0.27249,342.65
03/05/2026 15:08:11.556,0.27155,0.27206,0.27206,0.27249,342.65
03/05/2026 15:08:11.560,0.27155,0.27214,0.27206,0.27249,342.65
03/05/2026 15:08:11.564,0.27163,0.27206,0.27214,0.27249,342.65
03/05/2026 15:08:11.568,0.27163,0.27206,0.27214,0.27249,342.65
03/05/2026 15:08:11.572,0.27163,0.27206,0.27206,0.27249,342.65
03/05/2026 15:08:11.576,0.27163,0.27214,0.27206,0.27240,342.65
03/05/2026 15:08:11.580,0.27163,0.27206,0.27206,0.27249,342.65
03/05/2026 15:08:11.584,0.27163,0.27206,0.27206,0.27249,342.65
03/05/2026 15:08:11.588,0.27163,0.27206,0.27206,0.27249,342.65
03/05/2026 15:08:11.592,0.27163,0.27206,0.27206,0.27240,342.65
03/05/2026 15:08:11.596,0.27163,0.27206,0.27206,0.27249,342.65
03/05/2026 15:08:11.600,0.27163,0.27206,0.27214,0.27240,342.65
03/05/2026 15:08:11.604,0.27163,0.27206,0.27214,0.27240,342.65
03/05/2026 15:08:11.608,0.27163,0.27206,0.27206,0.27240,342.65
03/05/2026 15:08:11.612,0.27163,0.27206,0.27206,0.27240,342.65
03/05/2026 15:08:11.616,0.27163,0.27206,0.27206,0.27249,342.65
03/05/2026 15:08:11.620,0.27180,0.27206,0.27206,0.27249,342.65
03/05/2026 15:08:11.624,0.27197,0.27206,0.27206,0.27249,342.65
03/05/2026 15:08:11.628,0.27172,0.27206,0.27206,0.27240,342.65
03/05/2026 15:08:11.632,0.27172,0.27206,0.27214,0.27232,342.65
03/05/2026 15:08:11.636,0.27172,0.27214,0.27214,0.27223,342.65
03/05/2026 15:08:11.640,0.27172,0.27214,0.27206,0.27223,342.65
03/05/2026 15:08:11.644,0.27172,0.27197,0.27206,0.27223,342.65
03/05/2026 15:08:11.648,0.27172,0.27172,0.27206,0.27223,342.65
03/05/2026 15:08:11.652,0.27172,0.27172,0.27206,0.27223,342.65
03/05/2026 15:08:11.656,0.27172,0.27180,0.27206,0.27223,342.65
03/05/2026 15:08:11.660,0.27172,0.27197,0.27206,0.27232,342.65
03/05/2026 15:08:11.664,0.27172,0.27197,0.27206,0.27240,342.65
03/05/2026 15:08:11.668,0.27163,0.27197,0.27206,0.27240,342.65
03/05/2026 15:08:11.672,0.27163,0.27197,0.27206,0.27249,342.65
03/05/2026 15:08:11.676,0.27172,0.27197,0.27206,0.27249,342.65
03/05/2026 15:08:11.680,0.27197,0.27197,0.27206,0.27249,342.65
03/05/2026 15:08:11.684,0.27197,0.27206,0.27206,0.27249,342.65
03/05/2026 15:08:11.688,0.27197,0.27214,0.27214,0.27249,342.65
03/05/2026 15:08:11.692,0.27189,0.27206,0.27214,0.27249,342.65
03/05/2026 15:08:11.696,0.27180,0.27206,0.27214,0.27249,342.65
03/05/2026 15:08:11.700,0.27172,0.27214,0.27214,0.27249,342.65
03/05/2026 15:08:11.704,0.27172,0.27214,0.27214,0.27249,342.65
03/05/2026 15:08:11.708,0.27172,0.27214,0.27206,0.27240,342.65
03/05/2026 15:08:11.712,0.27163,0.27214,0.27206,0.27240,342.65
03/05/2026 15:08:11.716,0.27155,0.27214,0.27206,0.27240,342.65
03/05/2026 15:08:11.720,0.27163,0.27214,0.27206,0.27240,342.65
03/05/2026 15:08:11.724,0.27163,0.27189,0.27206,0.27240,342.65
03/05/2026 15:08:11.728,0.27163,0.27163,0.27206,0.27249,342.65
03/05/2026 15:08:11.732,0.27163,0.27163,0.27206,0.27249,342.65
03/05/2026 15:08:11.736,0.27163,0.27172,0.27214,0.27249,342.65
03/05/2026 15:08:11.740,0.27163,0.27197,0.27214,0.27249,342.65
03/05/2026 15:08:11.744,0.27163,0.27214,0.27206,0.27249,342.65
03/05/2026 15:08:11.748,0.27163,0.27214,0.27206,0.27249,342.65
03/05/2026 15:08:11.752,0.27163,0.27206,0.27206,0.27249,342.65
03/05/2026 15:08:11.756,0.27163,0.27206,0.27206,0.27249,342.65
03/05/2026 15:08:11.760,0.27163,0.27206,0.27206,0.27249,342.65
03/05/2026 15:08:11.764,0.27163,0.27206,0.27206,0.27249,342.65
03/05/2026 15:08:11.768,0.27163,0.27206,0.27206,0.27249,342.65
03/05/2026 15:08:11.772,0.27163,0.27206,0.27214,0.27240,342.65
03/05/2026 15:08:11.776,0.27163,0.27214,0.27206,0.27232,342.65
03/05/2026 15:08:11.780,0.27163,0.27206,0.27206,0.27232,342.65
03/05/2026 15:08:11.784,0.27163,0.27206,0.27206,0.27232,342.65
03/05/2026 15:08:11.788,0.27163,0.27206,0.27206,0.27232,342.65
03/05/2026 15:08:11.792,0.27163,0.27206,0.27206,0.27232,342.65
03/05/2026 15:08:11.796,0.27163,0.27214,0.27206,0.27232,342.65
03/05/2026 15:08:11.800,0.27163,0.27214,0.27206,0.27232,342.65
03/05/2026 15:08:11.804,0.27163,0.27206,0.27206,0.27232,342.65
03/05/2026 15:08:11.808,0.27163,0.27206,0.27214,0.27232,342.65
03/05/2026 15:08:11.812,0.27163,0.27206,0.27206,0.27232,342.65
03/05/2026 15:08:11.816,0.27172,0.27206,0.27206,0.27240,342.65
03/05/2026 15:08:11.820,0.27189,0.27206,0.27206,0.27249,342.65
03/05/2026 15:08:11.824,0.27172,0.27206,0.27206,0.27249,342.65
03/05/2026 15:08:11.828,0.27172,0.27197,0.27206,0.27240,342.65
03/05/2026 15:08:11.832,0.27172,0.27180,0.27206,0.27240,342.65
03/05/2026 15:08:11.836,0.27172,0.27197,0.27214,0.27240,342.65
03/05/2026 15:08:11.840,0.27172,0.27197,0.27214,0.27240,342.65
03/05/2026 15:08:11.844,0.27172,0.27197,0.27214,0.27249,342.65
03/05/2026 15:08:11.848,0.27172,0.27197,0.27206,0.27249,342.65
03/05/2026 15:08:11.852,0.27172,0.27197,0.27206,0.27249,342.65
03/05/2026 15:08:11.856,0.27172,0.27197,0.27206,0.27249,342.65
03/05/2026 15:08:11.860,0.27180,0.27197,0.27206,0.27249,342.65
03/05/2026 15:08:11.864,0.27197,0.27197,0.27206,0.27249,342.65
03/05/2026 15:08:11.868,0.27206,0.27197,0.27206,0.27249,342.65
03/05/2026 15:08:11.872,0.27206,0.27197,0.27214,0.27249,342.65
03/05/2026 15:08:11.876,0.27206,0.27206,0.27214,0.27249,342.65
03/05/2026 15:08:11.880,0.27206,0.27214,0.27206,0.27249,342.65
03/05/2026 15:08:11.884,0.27197,0.27214,0.27206,0.27249,342.65
03/05/2026 15:08:11.888,0.27172,0.27214,0.27206,0.27240,342.65
03/05/2026 15:08:11.892,0.27172,0.27206,0.27206,0.27240,342.65
03/05/2026 15:08:11.896,0.27172,0.27206,0.27206,0.27232,342.65
03/05/2026 15:08:11.900,0.27172,0.27206,0.27206,0.27223,342.65
03/05/2026 15:08:11.904,0.27172,0.27206,0.27206,0.27240,342.65
03/05/2026 15:08:11.908,0.27172,0.27206,0.27214,0.27249,342.65
03/05/2026 15:08:11.912,0.27172,0.27206,0.27214,0.27249,342.65
03/05/2026 15:08:11.916,0.27172,0.27206,0.27206,0.27249,342.65
03/05/2026 15:08:11.920,0.27172,0.27206,0.27206,0.27249,342.65
03/05/2026 15:08:11.924,0.27172,0.27206,0.27206,0.27249,342.65
03/05/2026 15:08:11.928,0.27172,0.27206,0.27206,0.27249,342.65
03/05/2026 15:08:11.932,0.27163,0.27206,0.27206,0.27249,342.65
03/05/2026 15:08:11.936,0.27163,0.27214,0.27206,0.27249,342.65
03/05/2026 15:08:11.940,0.27197,0.27214,0.27214,0.27240,342.65
03/05/2026 15:08:11.944,0.27197,0.27214,0.27206,0.27240,342.65
03/05/2026 15:08:11.948,0.27172,0.27214,0.27206,0.27249,342.65
03/05/2026 15:08:11.952,0.27172,0.27206,0.27206,0.27249,342.65
03/05/2026 15:08:11.956,0.27172,0.27206,0.27206,0.27249,342.65
03/05/2026 15:08:11.960,0.27172,0.27206,0.27206,0.27249,342.65
03/05/2026 15:08:11.964,0.27163,0.27206,0.27206,0.27249,342.65
03/05/2026 15:08:11.968,0.27155,0.27214,0.27206,0.27249,342.65
03/05/2026 15:08:11.972,0.27155,0.27214,0.27206,0.27249,342.65
03/05/2026 15:08:11.976,0.27163,0.27206,0.27214,0.27232,342.65
03/05/2026 15:08:11.980,0.27163,0.27206,0.27206,0.27206,342.65
03/05/2026 15:08:11.984,0.27163,0.27206,0.27206,0.27214,342.65
03/05/2026 15:08:11.988,0.27163,0.27206,0.27206,0.27240,342.65
03/05/2026 15:08:11.992,0.27163,0.27206,0.27206,0.27249,342.65
03/05/2026 15:08:11.996,0.27163,0.27214,0.27214,0.27249,342.65
03/05/2026 15:08:12.000,0.27163,0.27214,0.27214,0.27249,342.65
03/05/2026 15:08:12.004,0.27163,0.27214,0.27214,0.27240,342.65
03/05/2026 15:08:12.008,0.27163,0.27206,0.27206,0.27249,342.65
03/05/2026 15:08:12.012,0.27163,0.27206,0.27206,0.27249,342.65
03/05/2026 15:08:12.016,0.27163,0.27206,0.27206,0.27249,342.65
03/05/2026 15:08:12.020,0.27163,0.27206,0.27206,0.27240,342.65
03/05/2026 15:08:12.024,0.27163,0.27206,0.27206,0.27249,342.65
03/05/2026 15:08:12.028,0.27172,0.27214,0.27214,0.27249,342.65
03/05/2026 15:08:12.032,0.27197,0.27214,0.27214,0.27249,342.65
03/05/2026 15:08:12.036,0.27214,0.27206,0.27206,0.27249,342.65
03/05/2026 15:08:12.040,0.27223,0.27206,0.27206,0.27249,342.65
03/05/2026 15:08:12.044,0.27206,0.27206,0.27206,0.27249,342.65
03/05/2026 15:08:12.048,0.27206,0.27206,0.27206,0.27249,342.65
03/05/2026 15:08:12.052,0.27206,0.27189,0.27206,0.27240,342.65
03/05/2026 15:08:12.056,0.27214,0.27172,0.27206,0.27240,342.65
03/05/2026 15:08:12.060,0.27214,0.27197,0.27206,0.27240,342.65
03/05/2026 15:08:12.064,0.27206,0.27197,0.27214,0.27249,342.65
03/05/2026 15:08:12.068,0.27189,0.27197,0.27214,0.27240,342.65
03/05/2026 15:08:12.072,0.27172,0.27189,0.27206,0.27240,342.65
03/05/2026 15:08:12.076,0.27172,0.27172,0.27206,0.27240,342.65
03/05/2026 15:08:12.080,0.27172,0.27172,0.27206,0.27240,342.65
03/05/2026 15:08:12.084,0.27172,0.27172,0.27206,0.27240,342.65
03/05/2026 15:08:12.088,0.27172,0.27163,0.27206,0.27240,342.65
03/05/2026 15:08:12.092,0.27172,0.27155,0.27206,0.27240,342.65
03/05/2026 15:08:12.096,0.27172,0.27163,0.27214,0.27240,342.65
03/05/2026 15:08:12.100,0.27163,0.27172,0.27214,0.27240,342.65
03/05/2026 15:08:12.104,0.27163,0.27172,0.27206,0.27240,342.65
03/05/2026 15:08:12.108,0.27197,0.27180,0.27206,0.27240,342.65
03/05/2026 15:08:12.112,0.27197,0.27206,0.27206,0.27240,342.65
03/05/2026 15:08:12.116,0.27172,0.27206,0.27206,0.27249,342.65
03/05/2026 15:08:12.120,0.27172,0.27206,0.27206,0.27249,342.65
03/05/2026 15:08:12.124,0.27172,0.27206,0.27206,0.27249,342.65
03/05/2026 15:08:12.128,0.27172,0.27214,0.27206,0.27249,342.65
03/05/2026 15:08:12.132,0.27172,0.27206,0.27214,0.27249,342.65
03/05/2026 15:08:12.136,0.27163,0.27206,0.27214,0.27249,342.65
03/05/2026 15:08:12.140,0.27163,0.27206,0.27206,0.27249,342.65
03/05/2026 15:08:12.144,0.27163,0.27206,0.27206,0.27249,342.65
03/05/2026 15:08:12.148,0.27155,0.27206,0.27206,0.27249,342.65
03/05/2026 15:08:12.152,0.27155,0.27206,0.27206,0.27249,342.65
03/05/2026 15:08:12.156,0.27155,0.27206,0.27206,0.27249,342.65
03/05/2026 15:08:12.160,0.27163,0.27206,0.27206,0.27249,342.65
03/05/2026 15:08:12.164,0.27197,0.27189,0.27214,0.27249,342.65
03/05/2026 15:08:12.168,0.27197,0.27155,0.27214,0.27249,342.65
03/05/2026 15:08:12.172,0.27172,0.27163,0.27206,0.27249,342.65
03/05/2026 15:08:12.176,0.27163,0.27189,0.27206,0.27249,342.65
03/05/2026 15:08:12.180,0.27172,0.27197,0.27206,0.27249,342.65
03/05/2026 15:08:12.184,0.27189,0.27197,0.27206,0.27249,342.65
03/05/2026 15:08:12.188,0.27172,0.27206,0.27206,0.27249,342.65
03/05/2026 15:08:12.192,0.27172,0.27214,0.27206,0.27249,342.65
03/05/2026 15:08:12.196,0.27172,0.27206,0.27206,0.27249,342.65
03/05/2026 15:08:12.200,0.27172,0.27206,0.27214,0.27240,342.65
03/05/2026 15:08:12.204,0.27180,0.27206,0.27214,0.27249,342.65
03/05/2026 15:08:12.208,0.27197,0.27214,0.27206,0.27249,342.65
03/05/2026 15:08:12.212,0.27197,0.27214,0.27206,0.27249,342.65
03/05/2026 15:08:12.216,0.27197,0.27214,0.27206,0.27249,342.65
03/05/2026 15:08:12.220,0.27189,0.27214,0.27206,0.27249,342.65
03/05/2026 15:08:12.224,0.27172,0.27214,0.27206,0.27249,342.65
03/05/2026 15:08:12.228,0.27163,0.27206,0.27206,0.27249,342.65
03/05/2026 15:08:12.232,0.27163,0.27206,0.27206,0.27249,342.65
03/05/2026 15:08:12.236,0.27155,0.27197,0.27214,0.27249,342.65
03/05/2026 15:08:12.240,0.27155,0.27197,0.27214,0.27249,342.65
03/05/2026 15:08:12.244,0.27163,0.27197,0.27206,0.27249,342.65
03/05/2026 15:08:12.248,0.27172,0.27197,0.27206,0.27249,342.65
03/05/2026 15:08:12.252,0.27172,0.27197,0.27206,0.27249,342.65
03/05/2026 15:08:12.256,0.27172,0.27197,0.27206,0.27249,342.65
03/05/2026 15:08:12.260,0.27172,0.27197,0.27206,0.27249,342.65
03/05/2026 15:08:12.264,0.27163,0.27197,0.27206,0.27249,342.65
03/05/2026 15:08:12.268,0.27155,0.27189,0.27214,0.27249,342.65
03/05/2026 15:08:12.272,0.27155,0.27180,0.27214,0.27249,342.65
03/05/2026 15:08:12.276,0.27163,0.27197,0.27206,0.27249,342.65
03/05/2026 15:08:12.280,0.27163,0.27197,0.27206,0.27249,342.65
03/05/2026 15:08:12.284,0.27163,0.27197,0.27206,0.27249,342.65
03/05/2026 15:08:12.288,0.27163,0.27197,0.27206,0.27240,342.65
03/05/2026 15:08:12.292,0.27163,0.27197,0.27206,0.27249,342.65
03/05/2026 15:08:12.296,0.27163,0.27197,0.27206,0.27249,342.65
03/05/2026 15:08:12.300,0.27163,0.27206,0.27214,0.27249,342.65
03/05/2026 15:08:12.304,0.27163,0.27197,0.27214,0.27249,342.65
03/05/2026 15:08:12.308,0.27163,0.27163,0.27214,0.27249,342.65
03/05/2026 15:08:12.312,0.27163,0.27163,0.27206,0.27249,342.65
03/05/2026 15:08:12.316,0.27163,0.27163,0.27206,0.27249,342.65
03/05/2026 15:08:12.320,0.27163,0.27163,0.27206,0.27249,342.65
03/05/2026 15:08:12.324,0.27163,0.27163,0.27214,0.27249,342.65
03/05/2026 15:08:12.328,0.27163,0.27163,0.27214,0.27249,342.65
03/05/2026 15:08:12.332,0.27163,0.27172,0.27206,0.27249,342.65
03/05/2026 15:08:12.336,0.27163,0.27197,0.27206,0.27249,342.65
03/05/2026 15:08:12.340,0.27163,0.27197,0.27206,0.27249,342.65
03/05/2026 15:08:12.344,0.27155,0.27206,0.27206,0.27240,342.65
03/05/2026 15:08:12.348,0.27163,0.27214,0.27206,0.27249,342.65
03/05/2026 15:08:12.352,0.27163,0.27214,0.27206,0.27249,342.65
03/05/2026 15:08:12.356,0.27163,0.27214,0.27214,0.27249,342.65
03/05/2026 15:08:12.360,0.27163,0.27214,0.27214,0.27249,342.65
03/05/2026 15:08:12.364,0.27163,0.27206,0.27206,0.27249,342.65
03/05/2026 15:08:12.368,0.27172,0.27206,0.27206,0.27249,342.65
03/05/2026 15:08:12.372,0.27189,0.27206,0.27206,0.27249,342.65
03/05/2026 15:08:12.376,0.27189,0.27206,0.27206,0.27249,342.65
03/05/2026 15:08:12.380,0.27180,0.27214,0.27206,0.27249,342.65
03/05/2026 15:08:12.384,0.27172,0.27206,0.27206,0.27249,342.65
03/05/2026 15:08:12.388,0.27172,0.27206,0.27206,0.27249,342.65
03/05/2026 15:08:12.392,0.27172,0.27206,0.27206,0.27249,342.65
03/05/2026 15:08:12.396,0.27172,0.27206,0.27206,0.27249,342.65
03/05/2026 15:08:12.400,0.27172,0.27206,0.27206,0.27240,342.65
03/05/2026 15:08:12.404,0.27172,0.27206,0.27206,0.27249,342.65
03/05/2026 15:08:12.408,0.27172,0.27197,0.27214,0.27249,342.65
03/05/2026 15:08:12.412,0.27172,0.27172,0.27206,0.27249,342.65
03/05/2026 15:08:12.416,0.27172,0.27180,0.27206,0.27240,342.65
03/05/2026 15:08:12.420,0.27172,0.27197,0.27206,0.27240,342.65
03/05/2026 15:08:12.424,0.27172,0.27197,0.27214,0.27240,342.65
03/05/2026 15:08:12.428,0.27180,0.27197,0.27214,0.27240,342.65
03/05/2026 15:08:12.432,0.27206,0.27197,0.27206,0.27240,342.65
03/05/2026 15:08:12.436,0.27214,0.27197,0.27206,0.27249,342.65
03/05/2026 15:08:12.440,0.27197,0.27197,0.27206,0.27249,342.65
03/05/2026 15:08:12.444,0.27172,0.27197,0.27206,0.27249,342.65
03/05/2026 15:08:12.448,0.27172,0.27197,0.27206,0.27249,342.65
03/05/2026 15:08:12.452,0.27163,0.27197,0.27206,0.27249,342.65
03/05/2026 15:08:12.456,0.27155,0.27197,0.27206,0.27249,342.65
03/05/2026 15:08:12.460,0.27163,0.27197,0.27206,0.27249,342.65
03/05/2026 15:08:12.464,0.27172,0.27197,0.27206,0.27249,342.65
03/05/2026 15:08:12.468,0.27172,0.27197,0.27206,0.27249,342.65
03/05/2026 15:08:12.472,0.27172,0.27197,0.27206,0.27249,342.65
03/05/2026 15:08:12.476,0.27172,0.27197,0.27214,0.27249,342.65
03/05/2026 15:08:12.480,0.27172,0.27197,0.27206,0.27249,342.65
03/05/2026 15:08:12.484,0.27172,0.27197,0.27206,0.27249,342.65
03/05/2026 15:08:12.488,0.27172,0.27189,0.27206,0.27240,342.65
03/05/2026 15:08:12.492,0.27172,0.27180,0.27206,0.27249,342.65
03/05/2026 15:08:12.496,0.27172,0.27197,0.27214,0.27249,342.65
03/05/2026 15:08:12.500,0.27172,0.27197,0.27206,0.27249,342.65
03/05/2026 15:08:12.504,0.27180,0.27197,0.27206,0.27240,342.65
03/05/2026 15:08:12.508,0.27197,0.27197,0.27206,0.27240,342.65
03/05/2026 15:08:12.512,0.27197,0.27197,0.27206,0.27240,342.65
03/05/2026 15:08:12.516,0.27197,0.27197,0.27206,0.27249,342.65
03/05/2026 15:08:12.520,0.27197,0.27197,0.27206,0.27249,342.65
03/05/2026 15:08:12.524,0.27197,0.27197,0.27206,0.27249,342.65
03/05/2026 15:08:12.528,0.27189,0.27197,0.27214,0.27249,342.65
03/05/2026 15:08:12.532,0.27172,0.27197,0.27214,0.27249,342.65
03/05/2026 15:08:12.536,0.27172,0.27197,0.27206,0.27249,342.65
03/05/2026 15:08:12.540,0.27172,0.27197,0.27206,0.27249,342.65
03/05/2026 15:08:12.544,0.27172,0.27197,0.27206,0.27249,342.65
03/05/2026 15:08:12.548,0.27172,0.27206,0.27206,0.27249,342.65
03/05/2026 15:08:12.552,0.27172,0.27214,0.27206,0.27249,342.65
03/05/2026 15:08:12.556,0.27172,0.27214,0.27206,0.27249,342.65
03/05/2026 15:08:12.560,0.27172,0.27206,0.27214,0.27249,342.65
03/05/2026 15:08:12.564,0.27172,0.27206,0.27214,0.27249,342.65
03/05/2026 15:08:12.568,0.27172,0.27206,0.27206,0.27249,342.65
03/05/2026 15:08:12.572,0.27180,0.27206,0.27206,0.27249,342.65
03/05/2026 15:08:12.576,0.27197,0.27206,0.27206,0.27249,342.65
03/05/2026 15:08:12.580,0.27206,0.27206,0.27206,0.27240,342.65
03/05/2026 15:08:12.584,0.27206,0.27206,0.27206,0.27249,342.65
03/05/2026 15:08:12.588,0.27206,0.27206,0.27206,0.27249,342.65
03/05/2026 15:08:12.592,0.27206,0.27206,0.27206,0.27249,342.65
03/05/2026 15:08:12.596,0.27206,0.27206,0.27214,0.27249,342.65
03/05/2026 15:08:12.600,0.27206,0.27214,0.27214,0.27249,342.65
03/05/2026 15:08:12.604,0.27206,0.27214,0.27206,0.27249,342.65
03/05/2026 15:08:12.608,0.27206,0.27206,0.27206,0.27249,342.65
03/05/2026 15:08:12.612,0.27206,0.27206,0.27206,0.27249,342.65
03/05/2026 15:08:12.616,0.27206,0.27206,0.27206,0.27249,342.65
03/05/2026 15:08:12.620,0.27206,0.27206,0.27206,0.27249,342.65
03/05/2026 15:08:12.624,0.27206,0.27206,0.27206,0.27249,342.65
03/05/2026 15:08:12.628,0.27206,0.27206,0.27206,0.27249,342.65
03/05/2026 15:08:12.632,0.27197,0.27214,0.27214,0.27249,342.65
03/05/2026 15:08:12.636,0.27172,0.27206,0.27206,0.27249,342.65
03/05/2026 15:08:12.640,0.27163,0.27206,0.27206,0.27249,342.65
03/05/2026 15:08:12.644,0.27155,0.27206,0.27206,0.27249,342.65
03/05/2026 15:08:12.648,0.27163,0.27206,0.27206,0.27249,342.65
03/05/2026 15:08:12.652,0.27163,0.27206,0.27206,0.27249,342.65
03/05/2026 15:08:12.656,0.27163,0.27197,0.27206,0.27240,342.65
03/05/2026 15:08:12.660,0.27163,0.27172,0.27206,0.27249,342.65
03/05/2026 15:08:12.664,0.27163,0.27180,0.27214,0.27249,342.65
03/05/2026 15:08:12.668,0.27172,0.27197,0.27214,0.27249,342.65
03/05/2026 15:08:12.672,0.27197,0.27197,0.27206,0.27249,342.65
03/05/2026 15:08:12.676,0.27197,0.27206,0.27206,0.27249,342.65
03/05/2026 15:08:12.680,0.27197,0.27214,0.27206,0.27249,342.65
03/05/2026 15:08:12.684,0.27197,0.27206,0.27206,0.27249,342.65
03/05/2026 15:08:12.688,0.27189,0.27206,0.27206,0.27249,342.65
