path,run_type,freq_hz,amp_V,wind,tag,region,IN_plateau_med,IN_plateau_std,IN_plateau_cv,OUT_plateau_med,OUT_plateau_std,OUT_plateau_cv
/Users/ole/Kodevik/wave_project/wavedata/20260326-ProbePos4_31_FPV_2-tett6roof-under9Mooring-height100-lowrange/fullpanel-fullwind-amp0200-freq1400-per240-depth580-mstop30-run1.csv,per240,1.4,0.2,full,outlier +10.7%,±5T around HG start,15.52225421085606,0.07550116308497055,0.004864059179765658,12.571875089721116,0.07621260900449134,0.00606215130683278
/Users/ole/Kodevik/wave_project/wavedata/20260327-ProbePos4_31_FPV_2-tett6roof-under9Mooring30-height100-lowrange/fullpanel-fullwind-amp0200-freq1400-per240-depth580-mstop30-run1.csv,per240,1.4,0.2,full,outlier +10.7%,±5T around HG start,15.985341925932797,0.09761729322644191,0.006106675332860959,11.707020772838568,0.0726586822274035,0.006206419518446464
/Users/ole/Kodevik/wave_project/wavedata/20260323-ProbePos4_31_FPV_2-tett6roof-under9Mooring-height100/fullpanel-fullwind-amp0200-freq1400-per240-depth580-mstop30-run1.csv,per240,1.4,0.2,full,outlier +10.7%,±5T around HG start,16.202502542642463,0.18599344156460876,0.011479303340647716,11.638788372448479,0.039712309952135795,0.003412065644749018
/Users/ole/Kodevik/wave_project/wavedata/20260324-ProbePos4_31_FPV_2-tett6roof-under9Mooring-height100/fullpanel-fullwind-amp0200-freq1400-per240-depth580-run1.csv,per240,1.4,0.2,full,outlier +10.7%,±5T around HG start,16.05609814205974,0.05085520048745489,0.0031673448952231546,11.845561991445816,0.0526702215711075,0.004446409685681684
/Users/ole/Kodevik/wave_project/wavedata/20260327-ProbePos4_31_FPV_2-tett6roof-under9Mooring30-height100-lowrange/fullpanel-fullwind-amp0200-freq1400-per40-depth580-mstop30-run1.csv,per40,1.4,0.2,full,outlier +10.7%,±3T around SNARVEI start,16.568897151956513,0.0835122389822401,0.005040301609475479,11.606559293758504,0.7912916995776914,0.06817625099310984
/Users/ole/Kodevik/wave_project/wavedata/20260323-ProbePos4_31_FPV_2-tett6roof-under9Mooring-height100/fullpanel-fullwind-amp0200-freq1400-per40-depth580-mstop30-run2.csv,per40,1.4,0.2,full,outlier +10.7%,±3T around SNARVEI start,15.547346171273194,0.04551044099287161,0.0029272160336251585,11.52826575653852,0.8177433382158057,0.07093376883266278
/Users/ole/Kodevik/wave_project/wavedata/20260323-ProbePos4_31_FPV_2-tett6roof-under9Mooring-height100/fullpanel-fullwind-amp0200-freq1400-per40-depth580-mstop30-run1.csv,per40,1.4,0.2,full,outlier +10.7%,±3T around SNARVEI start,15.743289339341477,0.08547438698519164,0.005429258469613246,11.734579105933975,0.6688568526761216,0.05699879361995116
/Users/ole/Kodevik/wave_project/wavedata/20260324-ProbePos4_31_FPV_2-tett6roof-under9Mooring-height100/fullpanel-fullwind-amp0200-freq1400-per40-depth580-run1.csv,per40,1.4,0.2,full,outlier +10.7%,±3T around SNARVEI start,15.522030292468529,0.05613918684644654,0.0036167425129743453,12.269408744649159,0.7544473079069742,0.06149011118697941
/Users/ole/Kodevik/wave_project/wavedata/20260326-ProbePos4_31_FPV_2-tett6roof-under9Mooring-height100-lowrange/fullpanel-fullwind-amp0200-freq1600-per240-depth580-mstop30-run1.csv,per240,1.6,0.2,full,outlier -9.2%,±5T around HG start,16.85710147715558,0.1274053104463334,0.007557960697987766,11.128098719874291,0.05944646321483039,0.005342014364831401
/Users/ole/Kodevik/wave_project/wavedata/20260327-ProbePos4_31_FPV_2-tett6roof-under9Mooring30-height100-lowrange/fullpanel-fullwind-amp0200-freq1600-per240-depth580-mstop30-run1.csv,per240,1.6,0.2,full,outlier -9.2%,±5T around HG start,15.746988090716272,0.08473859342715681,0.005381257224492024,10.152691490671469,0.08055286961699305,0.007934139404413787
/Users/ole/Kodevik/wave_project/wavedata/20260323-ProbePos4_31_FPV_2-tett6roof-under9Mooring-height100/fullpanel-fullwind-amp0200-freq1600-per240-depth580-mstop30-run1.csv,per240,1.6,0.2,full,outlier -9.2%,±5T around HG start,17.13747052829197,0.0641183361610178,0.0037414118994495644,10.584043575229979,0.19561929228704286,0.018482472308112383
/Users/ole/Kodevik/wave_project/wavedata/20260327-ProbePos4_31_FPV_2-tett6roof-under9Mooring30-height100-lowrange/fullpanel-fullwind-amp0200-freq1600-per40-depth580-mstop30-run1.csv,per40,1.6,0.2,full,outlier -9.2%,±3T around SNARVEI start,14.738353087572126,0.13655646196486299,0.009265381359333288,10.27034977153835,0.5429207226721978,0.052862924316050455
/Users/ole/Kodevik/wave_project/wavedata/20260323-ProbePos4_31_FPV_2-tett6roof-under9Mooring-height100/fullpanel-fullwind-amp0200-freq1600-per40-depth580-mstop30-run1.csv,per40,1.6,0.2,full,outlier -9.2%,±3T around SNARVEI start,16.201400147116978,0.25585625166442366,0.01579223087764751,9.818472361841625,0.3722606748756271,0.0379143171316931
/Users/ole/Kodevik/wave_project/wavedata/20260323-ProbePos4_31_FPV_2-tett6roof-under9Mooring-height100/fullpanel-fullwind-amp0200-freq1600-per40-depth580-mstop30-run2.csv,per40,1.6,0.2,full,outlier -9.2%,±3T around SNARVEI start,15.552060285368068,0.036978908227842264,0.0023777497996605207,9.690512743284497,0.5045315419762281,0.052064483618358304
/Users/ole/Kodevik/wave_project/wavedata/20260324-ProbePos4_31_FPV_2-tett6roof-under9Mooring-height100/fullpanel-fullwind-amp0200-freq1600-per40-depth580-run1.csv,per40,1.6,0.2,full,outlier -9.2%,±3T around SNARVEI start,16.59781875916201,0.2827130965406711,0.01703314758661365,9.870058890926927,0.45410689987323016,0.04600852992788816
/Users/ole/Kodevik/wave_project/wavedata/20260326-ProbePos4_31_FPV_2-tett6roof-under9Mooring-height100-lowrange/fullpanel-fullwind-amp0300-freq1600-per240-depth580-mstop30-run1.csv,per240,1.6,0.3,full,outlier -4.6%,±5T around HG start,23.7228994349623,0.43068731435320606,0.018154918859474165,16.167765625943854,0.20218973790058947,0.012505731625410415
/Users/ole/Kodevik/wave_project/wavedata/20260326-ProbePos4_31_FPV_2-tett6roof-under9Mooring-height100-lowrange/fullpanel-fullwind-amp0300-freq1600-per240-depth580-mstop330-run1.csv,per240,1.6,0.3,full,outlier -4.6%,±5T around HG start,23.987102644524256,0.10884144742908479,0.004537498715124353,16.84972223686988,0.09405132318596116,0.005581772913749394
/Users/ole/Kodevik/wave_project/wavedata/20260327-ProbePos4_31_FPV_2-tett6roof-under9Mooring30-height100-lowrange/fullpanel-fullwind-amp0300-freq1600-per240-depth580-mstop30-run1.csv,per240,1.6,0.3,full,outlier -4.6%,±5T around HG start,22.744526524513685,0.21558263893045948,0.009478440393037331,15.733519415364793,0.12919089023296754,0.008211188280404976
/Users/ole/Kodevik/wave_project/wavedata/20260324-ProbePos4_31_FPV_2-tett6roof-under9Mooring-height100/fullpanel-fullwind-amp0300-freq1600-per240-depth580-run1.csv,per240,1.6,0.3,full,outlier -4.6%,±5T around HG start,24.65316769533115,0.12960599042012333,0.005257173926767565,16.138327206968768,0.10787565190248895,0.006684438264202912
/Users/ole/Kodevik/wave_project/wavedata/20260327-ProbePos4_31_FPV_2-tett6roof-under9Mooring30-height100-lowrange/fullpanel-fullwind-amp0300-freq1600-per40-depth580-mstop30-run1.csv,per40,1.6,0.3,full,outlier -4.6%,±3T around SNARVEI start,22.924922724006105,0.1081185302568178,0.004716200423375918,15.327479110495693,0.46390137374730644,0.030265992887874425
/Users/ole/Kodevik/wave_project/wavedata/20260327-ProbePos4_31_FPV_2-tett6roof-under9Mooring30-height100-lowrange/fullpanel-fullwind-amp0300-freq1600-per40-depth580-mstop30-run2.csv,per40,1.6,0.3,full,outlier -4.6%,±3T around SNARVEI start,22.212361611887438,0.08195471968099768,0.0036895995623057835,15.802925760159443,0.37982739366741275,0.024035257738474657
/Users/ole/Kodevik/wave_project/wavedata/20260323-ProbePos4_31_FPV_2-tett6roof-under9Mooring-height100/fullpanel-fullwind-amp0300-freq1600-per40-depth580-mstop30-run1.csv,per40,1.6,0.3,full,outlier -4.6%,±3T around SNARVEI start,24.13451134177027,0.08152218268502248,0.003377826115083995,15.55571250410405,0.32185941045154254,0.020690753340075335
/Users/ole/Kodevik/wave_project/wavedata/20260327-ProbePos4_31_FPV_2-tett6roof-under9Mooring30-height100-lowrange/fullpanel-nowind-amp0200-freq1400-per240-depth580-mstop30-run1.csv,per240,1.4,0.2,no,baseline +0.8%,±5T around HG start,15.330270036702007,0.08107783617373689,0.005288741553777556,10.658123556501828,0.038876332215151126,0.003647577550499985
/Users/ole/Kodevik/wave_project/wavedata/20260321-ProbePos4_31_FPV_2-tett6roof-under9Mooring-height100-RENAMED/fullpanel-nowind-amp0200-freq1400-per240-depth580-mstop30-run1.csv,per240,1.4,0.2,no,baseline +0.8%,±5T around HG start,14.849186903613589,0.04189291473147175,0.0028212261724092783,10.262864221466677,0.05574370264275564,0.005431593114732765
/Users/ole/Kodevik/wave_project/wavedata/20260324-ProbePos4_31_FPV_2-tett6roof-under9Mooring-height100/fullpanel-nowind-amp0200-freq1400-per240-depth580-run1.csv,per240,1.4,0.2,no,baseline +0.8%,±5T around HG start,14.395429747230189,0.048851224910061705,0.003393523206173204,10.641593010653636,0.037119383110691205,0.0034881415849609934
/Users/ole/Kodevik/wave_project/wavedata/20260325-ProbePos4_31_FPV_2-tett6roof-under9Mooring-height100/fullpanel-nowind-amp0200-freq1400-per240-depth580-mstop30-run2.csv,per240,1.4,0.2,no,baseline +0.8%,±5T around HG start,14.489590992523839,0.03696618020034097,0.002551223165610011,10.487729508877234,0.04886919624711049,0.004659654523483434
/Users/ole/Kodevik/wave_project/wavedata/20260325-ProbePos4_31_FPV_2-tett6roof-under9Mooring-height100/fullpanel-nowind-amp0200-freq1400-per240-depth580-mstop30-run1.csv,per240,1.4,0.2,no,baseline +0.8%,±5T around HG start,15.132825007529453,0.05296352390184466,0.0034999098896268377,10.860228215363712,0.05436251052066185,0.005005650842931318
/Users/ole/Kodevik/wave_project/wavedata/20260327-ProbePos4_31_FPV_2-tett6roof-under9Mooring30-height100-lowrange/fullpanel-nowind-amp0200-freq1400-per40-depth580-mstop30-run1.csv,per40,1.4,0.2,no,baseline +0.8%,±3T around SNARVEI start,15.128842908186972,0.07691756725938112,0.005084167224563961,9.067412872414163,1.001658155364912,0.11046791068842379
/Users/ole/Kodevik/wave_project/wavedata/20260323-ProbePos4_31_FPV_2-tett6roof-under9Mooring-height100/fullpanel-nowind-amp0200-freq1400-per40-depth580-mstop30-run1.csv,per40,1.4,0.2,no,baseline +0.8%,±3T around SNARVEI start,14.856730103197798,0.061648124613258554,0.004149508282444282,9.235422771131027,0.9902322950118838,0.1072211115345198
