path,mooring_short,date,WindCondition,amp_v,freq,Kt,var_wind_9373/170,var_swell_9373/170,sigma_wind_9373/170,sigma_swell_9373/170,var_wind_12400/250,var_swell_12400/250,sigma_wind_12400/250,sigma_swell_12400/250
/Users/ole/Kodevik/wave_project/wavedata/20260326-ProbePos4_31_FPV_2-tett6roof-under9Mooring-height100-lowrange/fullpanel-fullwind-amp0300-freq1600-per40-depth580-mstop30-run1-P2Malfunction.csv,loose230,2026-03-26,full,0.3,1.6,0.7119676279743966,7.547966625513219,0.33032385461105374,2.7473562975182557,0.5747380747880322,,,,
/Users/ole/Kodevik/wave_project/wavedata/20260326-ProbePos4_31_FPV_2-tett6roof-under9Mooring-height100-lowrange/fullpanel-fullwind-amp0200-freq1500-per240-depth580-mstop30-run1.csv,loose230,2026-03-26,full,0.2,1.5,0.7890446985318814,2.1624080371744863,0.019385759109388945,1.4705128483540992,0.13923275156869142,0.006255321811695091,0.024653796192702235,0.07909059243484709,0.15701527375609747
/Users/ole/Kodevik/wave_project/wavedata/20260326-ProbePos4_31_FPV_2-tett6roof-under9Mooring-height100-lowrange/fullpanel-fullwind-amp0200-freq1300-per240-depth580-mstop30-run1.csv,loose230,2026-03-26,full,0.2,1.3,0.8818166188830034,10.571241993313798,0.0881371529930142,3.251344643884096,0.2968790208031113,0.0092648387882541,0.021093142262375825,0.09625403258177861,0.14523478323864372
/Users/ole/Kodevik/wave_project/wavedata/20260326-ProbePos4_31_FPV_2-tett6roof-under9Mooring-height100-lowrange/fullpanel-fullwind-amp0100-freq1400-per240-depth580-mstop30-run1.csv,loose230,2026-03-26,full,0.1,1.4,0.8124107686489684,9.473523954617939,0.09381626007178176,3.0779090231223436,0.3062944009801383,0.005787643859020052,0.02827745052229365,0.07607656576778457,0.1681590036908332
/Users/ole/Kodevik/wave_project/wavedata/20260326-ProbePos4_31_FPV_2-tett6roof-under9Mooring-height100-lowrange/fullpanel-fullwind-amp0100-freq1300-per240-depth580-mstop30-run1.csv,loose230,2026-03-26,full,0.1,1.3,0.8110745142065084,12.120318039219418,0.01831298416216355,3.4814247139956103,0.13532547491940883,0.003937113004911928,0.02929618801366063,0.0627464182636103,0.1711612923930543
/Users/ole/Kodevik/wave_project/wavedata/20260326-ProbePos4_31_FPV_2-tett6roof-under9Mooring-height100-lowrange/fullpanel-fullwind-amp0200-freq1400-per240-depth580-mstop30-run1.csv,loose230,2026-03-26,full,0.2,1.4,0.8220189917078118,6.818082589807232,0.08771108756089918,2.6111458384791977,0.29616057732402395,0.0023111006575627885,0.08950519699238038,0.048073908282589096,0.29917419172178
/Users/ole/Kodevik/wave_project/wavedata/20260326-ProbePos4_31_FPV_2-tett6roof-under9Mooring-height100-lowrange/fullpanel-fullwind-amp0100-freq1300-per40-depth580-mstop330-run1.csv,loose230,2026-03-26,full,0.1,1.3,0.8243915453290819,4.704207608066461,0.05039100375723527,2.16891853421618,0.22447940608714037,0.010236222120576101,0.016888804031459814,0.10117421667883622,0.12995693144830642
/Users/ole/Kodevik/wave_project/wavedata/20260326-ProbePos4_31_FPV_2-tett6roof-under9Mooring-height100-lowrange/fullpanel-fullwind-amp0300-freq1600-per240-depth580-mstop30-run1.csv,loose230,2026-03-26,full,0.3,1.6,0.6984131568949687,33.27487910140546,0.09969769769064016,5.768438185627498,0.3157494223124409,0.002890447343257015,0.021365565612943525,0.05376288071947982,0.14616964668816684
/Users/ole/Kodevik/wave_project/wavedata/20260326-ProbePos4_31_FPV_2-tett6roof-under9Mooring-height100-lowrange/fullpanel-nowind-amp0100-freq1300-per240-depth580-mstop30-run1.csv,loose230,2026-03-26,no,0.1,1.3,0.6677066479681504,5.623339648256893e-06,1.1400175479735251e-05,0.002371358186410668,0.003376414589432887,3.641189701268817e-05,4.9291943672127324e-05,0.006034227126375686,0.007020822150726176
/Users/ole/Kodevik/wave_project/wavedata/20260326-ProbePos4_31_FPV_2-tett6roof-under9Mooring-height100-lowrange/fullpanel-fullwind-amp0100-freq1500-per240-depth580-mstop30-run1.csv,loose230,2026-03-26,full,0.1,1.5,0.7641792587858661,26.825483021250058,0.08442458247860232,5.179332294924709,0.29055908603690633,0.010377815715446324,0.0392683803474364,0.1018715648031693,0.19816250994432927
/Users/ole/Kodevik/wave_project/wavedata/20260326-ProbePos4_31_FPV_2-tett6roof-under9Mooring-height100-lowrange/fullpanel-nowind-amp0100-freq1300-per240-depth580-mstop30-run2.csv,loose230,2026-03-26,no,0.1,1.3,0.6236905205111236,0.0,0.0,0.0,0.0,0.0,0.0,0.0,0.0
/Users/ole/Kodevik/wave_project/wavedata/20260326-ProbePos4_31_FPV_2-tett6roof-under9Mooring-height100-lowrange/fullpanel-fullwind-amp0300-freq1600-per240-depth580-mstop330-run1.csv,loose230,2026-03-26,full,0.3,1.6,0.7000413818050512,5.612950804598006,0.12984358387981462,2.3691666899139885,0.3603381521291003,0.002233968321463378,0.010986296129548248,0.047264874076457436,0.10481553381798067
/Users/ole/Kodevik/wave_project/wavedata/20260326-ProbePos4_31_FPV_2-tett6roof-under9Mooring-height100-lowrange/fullpanel-fullwind-amp0100-freq1300-per240-depth580-mstop330-run1.csv,loose230,2026-03-26,full,0.1,1.3,0.8025204609254766,18.691832623348446,0.07526011242904716,4.323405211560495,0.2743357658582766,0.0024369251035275563,0.016957199532168503,0.049365221599092984,0.13021981236420402
/Users/ole/Kodevik/wave_project/wavedata/20260326-ProbePos4_31_FPV_2-tett6roof-under9Mooring-height100-lowrange/fullpanel-fullwind-amp0300-freq1300-per240-depth580-mstop30-run1.csv,loose230,2026-03-26,full,0.3,1.3,0.81882531324393,9.77114032203358,0.15864968776734725,3.125882326965233,0.3983085333850472,0.007632640749708157,0.01047605684743624,0.08736498583361733,0.10235261035965931
/Users/ole/Kodevik/wave_project/wavedata/20260326-ProbePos4_31_FPV_2-tett6roof-under9Mooring-height100-lowrange/fullpanel-fullwind-amp0300-freq1500-per240-depth580-mstop30-run1.csv,loose230,2026-03-26,full,0.3,1.5,0.7272698823674372,2.6074683443654254,0.1056643279705467,1.6147657242973128,0.3250604989391155,0.004225161435512243,0.007491237436496087,0.06500124179977058,0.08655193490902492
/Users/ole/Kodevik/wave_project/wavedata/20260326-ProbePos4_31_FPV_2-tett6roof-under9Mooring-height100-lowrange/fullpanel-fullwind-amp0100-freq1600-per240-depth580-mstop30-run1.csv,loose230,2026-03-26,full,0.1,1.6,0.6466717102702577,2.4562093768862328,0.04810308278697455,1.5672298417546269,0.21932415003135097,0.004669680343706274,0.04817285301801871,0.06833505940369317,0.219483149735962
/Users/ole/Kodevik/wave_project/wavedata/20260326-ProbePos4_31_FPV_2-tett6roof-under9Mooring-height100-lowrange/fullpanel-fullwind-amp0200-freq1600-per240-depth580-mstop30-run1.csv,loose230,2026-03-26,full,0.2,1.6,0.686621416716908,7.790628127448225,0.059618909399025394,2.791169670129035,0.24416983720153765,0.007938577687327374,0.021942420707873046,0.08909869632787774,0.14812974281984373
/Users/ole/Kodevik/wave_project/wavedata/20260326-ProbePos4_31_FPV_2-tett6roof-under9Mooring-height100-lowrange/fullpanel-fullwind-amp0100-freq1300-per40-depth580-mstop30-run2.csv,loose230,2026-03-26,full,0.1,1.3,0.8805832794778503,4.4702920718666626,0.019392224561438534,2.114306522684604,0.13925596777674748,0.007316345576091056,0.022658568672791226,0.08553563921600783,0.1505276342496328
/Users/ole/Kodevik/wave_project/wavedata/20260326-ProbePos4_31_FPV_2-tett6roof-under9Mooring-height100-lowrange/fullpanel-fullwind-amp0300-freq1400-per240-depth580-mstop30-run1.csv,loose230,2026-03-26,full,0.3,1.4,0.757020880098691,32.907309133759206,0.29027788874561145,5.736489269035479,0.5387744321565486,0.004295342311400975,0.11764597937025503,0.06553886107799689,0.34299559672137925
/Users/ole/Kodevik/wave_project/wavedata/20260327-ProbePos4_31_FPV_2-tett6roof-under9Mooring30-height100-lowrange/fullpanel-fullwind-amp0100-freq1500-per40-depth580-mstop30-run1.csv,loose300,2026-03-27,full,0.1,1.5,0.6163962129693796,3.9039387924068594,0.033022613767524384,1.9758387566820474,0.1817212529329588,0.002631641677328292,0.021759419434803046,0.05129952901663223,0.14751074345552953
/Users/ole/Kodevik/wave_project/wavedata/20260327-ProbePos4_31_FPV_2-tett6roof-under9Mooring30-height100-lowrange/fullpanel-nowind-amp0200-freq1300-per240-depth580-mstop30-run1.csv,loose300,2026-03-27,no,0.2,1.3,0.8161605510375268,4.536255229176357e-06,4.616768903486272e-06,0.0021298486399686616,0.0021486667734868224,6.911596490315603e-07,2.5508060829329247e-06,0.0008313601199429524,0.0015971243166807412
/Users/ole/Kodevik/wave_project/wavedata/20260327-ProbePos4_31_FPV_2-tett6roof-under9Mooring30-height100-lowrange/fullpanel-fullwind-amp0200-freq1600-per40-depth580-mstop30-run1.csv,loose300,2026-03-27,full,0.2,1.6,0.7114927874652502,20.212441895300646,0.06586497839473612,4.49582494046428,0.25664173159238174,0.0017545226425627488,0.0037215954126116244,0.04188702236448359,0.06100488023602394
/Users/ole/Kodevik/wave_project/wavedata/20260327-ProbePos4_31_FPV_2-tett6roof-under9Mooring30-height100-lowrange/fullpanel-nowind-amp0100-freq1400-per240-depth580-mstop30-run1.csv,loose300,2026-03-27,no,0.1,1.4,0.47805207614855466,0.0008801536072543023,0.0008587708579820006,0.02966738288515356,0.029304792406396614,0.0004722979742706892,0.016188837343851546,0.021732417589184348,0.12723536200228122
/Users/ole/Kodevik/wave_project/wavedata/20260327-ProbePos4_31_FPV_2-tett6roof-under9Mooring30-height100-lowrange/fullpanel-fullwind-amp0200-freq1500-per240-depth580-mstop30-run1.csv,loose300,2026-03-27,full,0.2,1.5,0.7064801595525766,17.135024776703816,0.17320661802948983,4.1394473999199235,0.41618099191276126,0.001920689121634512,0.0010843989376151907,0.04382566738378906,0.03293021314257153
/Users/ole/Kodevik/wave_project/wavedata/20260327-ProbePos4_31_FPV_2-tett6roof-under9Mooring30-height100-lowrange/fullpanel-nowind-amp0200-freq1600-per40-depth580-mstop30-run1.csv,loose300,2026-03-27,no,0.2,1.6,0.4859126551658161,5.474820357445188e-05,5.9455306779829566e-05,0.007399202901289563,0.00771072673486939,5.737996260018059e-06,4.322868176191556e-06,0.0023954115011868126,0.0020791508305535596
/Users/ole/Kodevik/wave_project/wavedata/20260327-ProbePos4_31_FPV_2-tett6roof-under9Mooring30-height100-lowrange/fullpanel-nowind-amp0100-freq1500-per40-depth580-mstop30-run1.csv,loose300,2026-03-27,no,0.1,1.5,0.46412861984782555,6.673269354204257e-05,0.00010326746512668406,0.008169008112497047,0.010162060082812148,9.411154355357077e-06,9.27056205807785e-06,0.003067760478811388,0.0030447597701752844
/Users/ole/Kodevik/wave_project/wavedata/20260327-ProbePos4_31_FPV_2-tett6roof-under9Mooring30-height100-lowrange/fullpanel-fullwind-amp0300-freq1500-per40-depth580-mstop30-run2.csv,loose300,2026-03-27,full,0.3,1.5,0.7131171110495463,9.686170773100644,0.015422567961740494,3.1122613600243545,0.12418763208041489,0.0037726464891293604,0.03588592354398847,0.061421873051294686,0.18943580322628686
/Users/ole/Kodevik/wave_project/wavedata/20260327-ProbePos4_31_FPV_2-tett6roof-under9Mooring30-height100-lowrange/fullpanel-fullwind-amp0200-freq1300-per240-depth580-mstop30-run1.csv,loose300,2026-03-27,full,0.2,1.3,0.8519887606942448,8.917842690278366,0.17171087923052936,2.986275722413851,0.4143801144245816,0.016706980553735318,0.04670242146043792,0.12925548558469507,0.2161074303684117
/Users/ole/Kodevik/wave_project/wavedata/20260327-ProbePos4_31_FPV_2-tett6roof-under9Mooring30-height100-lowrange/fullpanel-nowind-amp0200-freq1400-per40-depth580-mstop30-run1.csv,loose300,2026-03-27,no,0.2,1.4,0.6853300915510325,9.269089056367051e-07,1.7242488486032637e-07,0.0009627610844008523,0.00041524075529784693,5.269792227950227e-06,2.676143940325322e-06,0.002295602802740541,0.0016358923987613984
/Users/ole/Kodevik/wave_project/wavedata/20260327-ProbePos4_31_FPV_2-tett6roof-under9Mooring30-height100-lowrange/fullpanel-nowind-amp0300-freq1500-per40-depth580-mstop30-run1.csv,loose300,2026-03-27,no,0.3,1.5,0.6098728916010483,0.00022060281336352356,0.0004782125983835363,0.01485270390748848,0.021868072580443303,9.658107278444654e-06,3.97794042082477e-06,0.0031077495520785863,0.001994477480651203
/Users/ole/Kodevik/wave_project/wavedata/20260327-ProbePos4_31_FPV_2-tett6roof-under9Mooring30-height100-lowrange/fullpanel-fullwind-amp0200-freq1400-per40-depth580-mstop30-run1.csv,loose300,2026-03-27,full,0.2,1.4,0.7182740908765375,12.856518608450779,0.022542338293923707,3.585598779625347,0.15014106131876018,0.001976475202647282,0.013751692006222168,0.04445756631493993,0.11726760851241987
/Users/ole/Kodevik/wave_project/wavedata/20260327-ProbePos4_31_FPV_2-tett6roof-under9Mooring30-height100-lowrange/fullpanel-fullwind-amp0100-freq1400-per240-depth580-mstop30-run1.csv,loose300,2026-03-27,full,0.1,1.4,0.6408238087193528,2.3348020388162016,0.061781247047482085,1.5280059027425914,0.24855833731235427,0.0028438521338317478,0.038018538347592355,0.053327780132232654,0.19498343095656193
/Users/ole/Kodevik/wave_project/wavedata/20260327-ProbePos4_31_FPV_2-tett6roof-under9Mooring30-height100-lowrange/fullpanel-nowind-amp0200-freq1500-per240-depth580-mstop30-run1.csv,loose300,2026-03-27,no,0.2,1.5,0.6085670782985625,3.266814992594705e-05,5.2542586511517114e-05,0.005715605823178069,0.007248626525867994,0.0018944599366827871,0.01807793801080913,0.04352539415884464,0.134454222733275
/Users/ole/Kodevik/wave_project/wavedata/20260327-ProbePos4_31_FPV_2-tett6roof-under9Mooring30-height100-lowrange/fullpanel-fullwind-amp0300-freq1500-per40-depth580-mstop30-run1.csv,loose300,2026-03-27,full,0.3,1.5,0.7396653189902278,14.826354016692168,0.058282987628550394,3.8505004891172483,0.24141869776086192,0.021049024451875106,0.007006222895737889,0.14508281928565872,0.08370318330707553
/Users/ole/Kodevik/wave_project/wavedata/20260327-ProbePos4_31_FPV_2-tett6roof-under9Mooring30-height100-lowrange/fullpanel-nowind-amp0300-freq1600-per240-depth580-mstop30-run1.csv,loose300,2026-03-27,no,0.3,1.6,0.5273745588326402,3.0905120888652593e-05,5.729044975541795e-06,0.005559237437693464,0.0023935423488089355,3.447599848646561e-05,4.744620887995014e-05,0.00587162656224539,0.006888120852594715
/Users/ole/Kodevik/wave_project/wavedata/20260327-ProbePos4_31_FPV_2-tett6roof-under9Mooring30-height100-lowrange/fullpanel-nowind-amp0300-freq1600-per40-depth580-mstop30-run2.csv,loose300,2026-03-27,no,0.3,1.6,0.5295152446008748,0.004322566219723403,0.0018008668716310333,0.06574622589718289,0.0424366218216181,0.0018557918741229128,0.003266684096827634,0.043078902889035056,0.057154913146882085
/Users/ole/Kodevik/wave_project/wavedata/20260327-ProbePos4_31_FPV_2-tett6roof-under9Mooring30-height100-lowrange/fullpanel-fullwind-amp0100-freq1400-per40-depth580-mstop30-run1.csv,loose300,2026-03-27,full,0.1,1.4,0.7101572927520715,28.09969799046738,0.02400513503954551,5.300914825807653,0.15493590623075565,0.0022662946996497416,0.02404959916391871,0.047605616261631796,0.15507933183992867
/Users/ole/Kodevik/wave_project/wavedata/20260327-ProbePos4_31_FPV_2-tett6roof-under9Mooring30-height100-lowrange/fullpanel-fullwind-amp0100-freq1300-per40-depth580-mstop330-run2.csv,loose300,2026-03-27,full,0.1,1.3,0.7803748047019546,17.956577561880103,0.05412947965728666,4.23752021374295,0.23265742983469637,0.0023853172920952135,0.0037377388212241364,0.048839710196675136,0.06113704949720862
/Users/ole/Kodevik/wave_project/wavedata/20260327-ProbePos4_31_FPV_2-tett6roof-under9Mooring30-height100-lowrange/fullpanel-nowind-amp0300-freq1600-per40-depth580-mstop30-run3.csv,loose300,2026-03-27,no,0.3,1.6,0.5171553867054832,0.013929884008666234,0.3667028199014125,0.11802492960669891,0.6055599226347567,0.006938460152688905,0.031416207698572444,0.08329741984412786,0.1772461782340382
/Users/ole/Kodevik/wave_project/wavedata/20260327-ProbePos4_31_FPV_2-tett6roof-under9Mooring30-height100-lowrange/fullpanel-fullwind-amp0100-freq1300-per240-depth580-mstop30-run1.csv,loose300,2026-03-27,full,0.1,1.3,0.7492926593067075,16.417699097259487,0.05978147248955183,4.05187599727083,0.24450249996585277,0.009623723878490883,0.017366466874419298,0.09810058041872578,0.13178189129929535
/Users/ole/Kodevik/wave_project/wavedata/20260327-ProbePos4_31_FPV_2-tett6roof-under9Mooring30-height100-lowrange/fullpanel-fullwind-amp0300-freq1600-per40-depth580-mstop30-run1.csv,loose300,2026-03-27,full,0.3,1.6,0.690965861574562,10.826873814201099,0.04089594525590707,3.290421525306613,0.20222745920350943,0.008944373256482771,0.00854928133646769,0.09457469670309691,0.09246232387555317
/Users/ole/Kodevik/wave_project/wavedata/20260327-ProbePos4_31_FPV_2-tett6roof-under9Mooring30-height100-lowrange/fullpanel-nowind-amp0100-freq1500-per240-depth580-mstop30-run1.csv,loose300,2026-03-27,no,0.1,1.5,0.44123220467369334,0.0004890348769812549,0.000628922346850014,0.02211413296924062,0.025078324243258638,1.9501253991399465e-06,3.758459848741741e-07,0.0013964689037497206,0.0006130627903193718
/Users/ole/Kodevik/wave_project/wavedata/20260327-ProbePos4_31_FPV_2-tett6roof-under9Mooring30-height100-lowrange/fullpanel-nowind-amp0300-freq1600-per40-depth580-mstop30-run1.csv,loose300,2026-03-27,no,0.3,1.6,0.7104621891923238,5.391554342940612e-07,3.45337391547603e-07,0.0007342720437917143,0.0005876541427979582,4.2821261675929694e-06,2.5615876535530297e-06,0.0020693298837046186,0.0016004960648352215
/Users/ole/Kodevik/wave_project/wavedata/20260327-ProbePos4_31_FPV_2-tett6roof-under9Mooring30-height100-lowrange/fullpanel-fullwind-amp0200-freq1400-per240-depth580-mstop30-run1.csv,loose300,2026-03-27,full,0.2,1.4,0.7370976716706892,14.96184300016059,0.033828703289023834,3.8680541619993623,0.18392580919768664,0.00703540176652938,0.01478230998756631,0.08387730185532544,0.1215825233640358
/Users/ole/Kodevik/wave_project/wavedata/20260327-ProbePos4_31_FPV_2-tett6roof-under9Mooring30-height100-lowrange/fullpanel-nowind-amp0100-freq1300-per240-depth580-mstop30-run4.csv,loose300,2026-03-27,no,0.1,1.3,0.6157718765073391,0.00012280790927076733,7.391419389265726e-05,0.011081873003728536,0.008597336441750855,0.0012164637890690441,0.008199031422446624,0.03487784094620887,0.09054850314857017
/Users/ole/Kodevik/wave_project/wavedata/20260327-ProbePos4_31_FPV_2-tett6roof-under9Mooring30-height100-lowrange/fullpanel-nowind-amp0100-freq1400-per40-depth580-mstop30-run1.csv,loose300,2026-03-27,no,0.1,1.4,0.5266152147253389,1.595850071004273e-05,2.5985086571570306e-05,0.003994809220731665,0.005097556921856813,2.1990785038976494e-06,1.3127212663784283e-06,0.0014829290286111636,0.0011457404882338881
/Users/ole/Kodevik/wave_project/wavedata/20260327-ProbePos4_31_FPV_2-tett6roof-under9Mooring30-height100-lowrange/fullpanel-fullwind-amp0300-freq1600-per40-depth580-mstop30-run2.csv,loose300,2026-03-27,full,0.3,1.6,0.7208346562961241,7.028482062503814,0.13493481362322965,2.6511284507740878,0.36733474328360183,0.007787304493688672,0.011943096626034289,0.0882457052421741,0.10928447568632194
/Users/ole/Kodevik/wave_project/wavedata/20260327-ProbePos4_31_FPV_2-tett6roof-under9Mooring30-height100-lowrange/fullpanel-fullwind-amp0300-freq1600-per240-depth580-mstop30-run1.csv,loose300,2026-03-27,full,0.3,1.6,0.7201950694749608,23.0851470981869,0.048182641397210686,4.804700521175789,0.21950544730646365,0.005732005278322903,0.0057628069245848745,0.07571000778181775,0.0759131538311041
/Users/ole/Kodevik/wave_project/wavedata/20260327-ProbePos4_31_FPV_2-tett6roof-under9Mooring30-height100-lowrange/fullpanel-fullwind-amp0300-freq1400-per40-depth580-mstop30-run2.csv,loose300,2026-03-27,full,0.3,1.4,0.768986461659838,2.34561426824598,0.05549488879499309,1.531539835670617,0.23557353160954456,0.0029922046451165835,0.0073238181485288465,0.05470104793435482,0.08557930911458006
/Users/ole/Kodevik/wave_project/wavedata/20260327-ProbePos4_31_FPV_2-tett6roof-under9Mooring30-height100-lowrange/fullpanel-nowind-amp0100-freq1600-per40-depth580-mstop30-run1.csv,loose300,2026-03-27,no,0.1,1.6,0.36361799485176605,4.207895690964815e-06,3.74335389120149e-06,0.002051315600039354,0.0019347748941935053,7.427728211798705e-07,7.232024698476008e-06,0.0008618426893464204,0.0026892424023274675
/Users/ole/Kodevik/wave_project/wavedata/20260327-ProbePos4_31_FPV_2-tett6roof-under9Mooring30-height100-lowrange/fullpanel-nowind-amp0300-freq1600-per40-depth580-mstop30-run4.csv,loose300,2026-03-27,no,0.3,1.6,0.5203860068319504,0.0023195790134756056,0.0263142659904994,0.04816200798840935,0.16221672537226056,0.0024993121294960815,0.025602561519227657,0.04999312082172988,0.160008004547359
/Users/ole/Kodevik/wave_project/wavedata/20260327-ProbePos4_31_FPV_2-tett6roof-under9Mooring30-height100-lowrange/fullpanel-nowind-amp0300-freq1400-per40-depth580-mstop30-run1.csv,loose300,2026-03-27,no,0.3,1.4,0.6694723780839026,7.894409934850223e-05,4.2149801318209004e-05,0.008885049203493598,0.006492287833900235,1.6180585528650262e-05,1.268915212622225e-05,0.004022509854388211,0.0035621836177016832
/Users/ole/Kodevik/wave_project/wavedata/20260327-ProbePos4_31_FPV_2-tett6roof-under9Mooring30-height100-lowrange/fullpanel-nowind-amp0100-freq1300-per240-depth580-mstop30-run1.csv,loose300,2026-03-27,no,0.1,1.3,0.662182760525963,0.0007538945323570363,0.013616401713719617,0.027457139915822194,0.11668933847494216,0.003591836764997615,0.004677887469448581,0.059931934433969464,0.0683950836643145
/Users/ole/Kodevik/wave_project/wavedata/20260327-ProbePos4_31_FPV_2-tett6roof-under9Mooring30-height100-lowrange/fullpanel-nowind-amp0200-freq1500-per40-depth580-mstop30-run1.csv,loose300,2026-03-27,no,0.2,1.5,0.5801099493603972,3.953577541397316e-06,1.1539422107403668e-06,0.0019883605159521037,0.0010742170221795812,2.117363271932261e-06,5.1988632513483e-06,0.0014551162400070522,0.0022801015879447785
/Users/ole/Kodevik/wave_project/wavedata/20260327-ProbePos4_31_FPV_2-tett6roof-under9Mooring30-height100-lowrange/fullpanel-fullwind-amp0100-freq1500-per240-depth580-mstop30-run1.csv,loose300,2026-03-27,full,0.1,1.5,0.7049838242750296,9.006887905882156,0.08828203155519918,3.001147764753038,0.29712292330818096,0.004070690052287528,0.011564138861032027,0.06380195962733062,0.10753668611702719
/Users/ole/Kodevik/wave_project/wavedata/20260327-ProbePos4_31_FPV_2-tett6roof-under9Mooring30-height100-lowrange/fullpanel-fullwind-amp0300-freq1400-per40-depth580-mstop30-run1.csv,loose300,2026-03-27,full,0.3,1.4,0.7733818849488399,21.030985735419662,0.04521262494615432,4.585955269670612,0.21263260555745989,0.0027629814735550453,0.010195366712235296,0.0525640701768332,0.10097210858566487
/Users/ole/Kodevik/wave_project/wavedata/20260327-ProbePos4_31_FPV_2-tett6roof-under9Mooring30-height100-lowrange/fullpanel-nowind-amp0100-freq1300-per240-depth580-mstop330-run3.csv,loose300,2026-03-27,no,0.1,1.3,0.6610324065262375,0.00014294781770076068,0.00013061270020343395,0.011956078692479432,0.01142859134816859,1.3160265582041935e-05,5.708084965507612e-06,0.003627708034288583,0.002389159886970232
/Users/ole/Kodevik/wave_project/wavedata/20260327-ProbePos4_31_FPV_2-tett6roof-under9Mooring30-height100-lowrange/fullpanel-nowind-amp0200-freq1400-per240-depth580-mstop30-run1.csv,loose300,2026-03-27,no,0.2,1.4,0.6885217131026192,6.789776635263463e-06,1.4446223183824768e-06,0.0026057199840473,0.0012019244229078952,4.287504747985441e-06,6.420067350189792e-07,0.0020706290705931473,0.0008012532277744529
/Users/ole/Kodevik/wave_project/wavedata/20260327-ProbePos4_31_FPV_2-tett6roof-under9Mooring30-height100-lowrange/fullpanel-fullwind-amp0200-freq1500-per40-depth580-mstop30-run1.csv,loose300,2026-03-27,full,0.2,1.5,0.7027059163157248,5.657743356023699,0.11252768055631386,2.378601134285381,0.3354514578240999,0.0045711028443405285,0.021419087650205455,0.06760993155107117,0.1463526140873659
/Users/ole/Kodevik/wave_project/wavedata/20260327-ProbePos4_31_FPV_2-tett6roof-under9Mooring30-height100-lowrange/fullpanel-fullwind-amp0100-freq1600-per40-depth580-mstop30-run1.csv,loose300,2026-03-27,full,0.1,1.6,0.5969393330184248,10.32589228461024,0.10215253327114654,3.2133926440150824,0.31961309934223053,0.0003007507806153079,0.06045749358747374,0.017342167702317605,0.24588105577183805
/Users/ole/Kodevik/wave_project/wavedata/20260327-ProbePos4_31_FPV_2-tett6roof-under9Mooring30-height100-lowrange/fullpanel-nowind-amp0100-freq1300-per240-depth580-mstop30-run2.csv,loose300,2026-03-27,no,0.1,1.3,0.6627944021774408,2.2318977953207124e-06,1.4964495205277225e-06,0.0014939537460446064,0.0012232945354769319,1.00473079753883e-06,1.297290900443595e-06,0.0010023626078115794,0.001138986786773049
/Users/ole/Kodevik/wave_project/wavedata/20260327-ProbePos4_31_FPV_2-tett6roof-under9Mooring30-height100-lowrange/fullpanel-fullwind-amp0200-freq1300-per40-depth580-mstop30-run1.csv,loose300,2026-03-27,full,0.2,1.3,0.8394146561576624,5.153416913051187,0.1485949873741843,2.2701138546450013,0.3854802036086734,0.002253790240079664,0.049793080118612734,0.047474100729552146,0.22314363114060132
/Users/ole/Kodevik/wave_project/wavedata/20260327-ProbePos4_31_FPV_2-tett6roof-under9Mooring30-height100-lowrange/fullpanel-nowind-amp0300-freq1500-per240-depth580-mstop30-run1.csv,loose300,2026-03-27,no,0.3,1.5,0.613568309572995,2.9284890293531733e-05,3.319526968624983e-05,0.0054115515606461455,0.005761533622764848,4.462184031632136e-05,2.3542299440688817e-05,0.006679958107377722,0.004852040750105961
/Users/ole/Kodevik/wave_project/wavedata/20260327-ProbePos4_31_FPV_2-tett6roof-under9Mooring30-height100-lowrange/fullpanel-nowind-amp0100-freq1300-per40-depth580-mstop30-run2-rettetterpå.csv,loose300,2026-03-27,no,0.1,1.3,0.7102338538320818,0.007163495774901792,0.13888106479796974,0.08463743719478864,0.37266749898263163,0.002259432498434786,0.08234421896914895,0.04753348817870182,0.28695682422474106
/Users/ole/Kodevik/wave_project/wavedata/20260327-ProbePos4_31_FPV_2-tett6roof-under9Mooring30-height100-lowrange/fullpanel-fullwind-amp0100-freq1300-per240-depth580-mstop330-run1.csv,loose300,2026-03-27,full,0.1,1.3,0.7808062686898263,14.918591542464412,0.05517411429778821,3.8624592609455974,0.23489170759690137,0.0010680317341069305,0.022050237340975068,0.03268075479708096,0.14849322321565744
/Users/ole/Kodevik/wave_project/wavedata/20260327-ProbePos4_31_FPV_2-tett6roof-under9Mooring30-height100-lowrange/fullpanel-nowind-amp0100-freq1600-per240-depth580-mstop30-run1.csv,loose300,2026-03-27,no,0.1,1.6,0.37007289133957016,3.0372518581098748e-06,2.598843848207412e-06,0.0017427713154943407,0.0016120930023442853,3.3585628245137367e-06,2.2697915457389575e-07,0.001832638214300285,0.000476423293483742
/Users/ole/Kodevik/wave_project/wavedata/20260327-ProbePos4_31_FPV_2-tett6roof-under9Mooring30-height100-lowrange/fullpanel-nowind-amp0200-freq1300-per40-depth580-mstop30-run1.csv,loose300,2026-03-27,no,0.2,1.3,0.8049497300725384,8.504292512712652e-05,6.040264735917051e-05,0.009221872105333413,0.007771914008734946,2.205833083160721e-06,1.0669671767779803e-06,0.0014852047276926912,0.0010329410325754227
/Users/ole/Kodevik/wave_project/wavedata/20260327-ProbePos4_31_FPV_2-tett6roof-under9Mooring30-height100-lowrange/fullpanel-fullwind-amp0300-freq1300-per240-depth580-mstop30-run1.csv,loose300,2026-03-27,full,0.3,1.3,0.8577458418227724,14.357056417576496,0.04768915529408412,3.7890706535477134,0.21837846801844757,0.006884938364447908,0.022189914467131967,0.08297552870845662,0.1489627955804132
/Users/ole/Kodevik/wave_project/wavedata/20260327-ProbePos4_31_FPV_2-tett6roof-under9Mooring30-height100-lowrange/fullpanel-fullwind-amp0300-freq1500-per240-depth580-mstop30-run1.csv,loose300,2026-03-27,full,0.3,1.5,0.7374158473053581,7.132443428095906,0.0766366009985345,2.6706634808780954,0.27683316455680396,0.015721652851222016,0.006985791041128439,0.125386015373414,0.08358104474776826
/Users/ole/Kodevik/wave_project/wavedata/20260327-ProbePos4_31_FPV_2-tett6roof-under9Mooring30-height100-lowrange/fullpanel-fullwind-amp0100-freq1600-per240-depth580-mstop30-run1.csv,loose300,2026-03-27,full,0.1,1.6,0.5960993186862195,5.386719506653423,0.04660040740156063,2.3209307414598617,0.2158712750728096,0.00036551539735990427,0.007433848518497471,0.019118456981668377,0.08621976872212933
/Users/ole/Kodevik/wave_project/wavedata/20260327-ProbePos4_31_FPV_2-tett6roof-under9Mooring30-height100-lowrange/fullpanel-nowind-amp0300-freq1300-per240-depth580-mstop30-run1.csv,loose300,2026-03-27,no,0.3,1.3,0.8312567580663177,1.368921859983937e-05,4.78047042486918e-06,0.0036998944038768686,0.002186428691924157,1.9766814595519104e-05,2.0955402364420467e-05,0.004445988595972678,0.0045777071077582575
/Users/ole/Kodevik/wave_project/wavedata/20260327-ProbePos4_31_FPV_2-tett6roof-under9Mooring30-height100-lowrange/fullpanel-fullwind-amp0300-freq1300-per40-depth580-mstop30-run1.csv,loose300,2026-03-27,full,0.3,1.3,0.8299582455346265,6.793163871053169,0.16389862110504655,2.606369864591971,0.40484394660788314,0.0014457412541237493,0.028356548682282608,0.038022904335725714,0.1683940280481544
/Users/ole/Kodevik/wave_project/wavedata/20260327-ProbePos4_31_FPV_2-tett6roof-under9Mooring30-height100-lowrange/fullpanel-nowind-amp0300-freq1400-per240-depth580-mstop30-run1.csv,loose300,2026-03-27,no,0.3,1.4,0.6737520646943147,4.984738118047915e-05,5.922465351441156e-05,0.007060267783907289,0.007695755551887778,2.4378368181203498e-05,8.039970856687916e-05,0.0049374455117199515,0.00896658845753942
/Users/ole/Kodevik/wave_project/wavedata/20260327-ProbePos4_31_FPV_2-tett6roof-under9Mooring30-height100-lowrange/fullpanel-fullwind-amp0300-freq1300-per40-depth580-mstop30-run2.csv,loose300,2026-03-27,full,0.3,1.3,0.8240903442451569,13.581236534800638,0.09568497951815744,3.6852729254155165,0.3093298878513963,0.001551949810949063,0.04906467571558836,0.039394794211279525,0.22150547558827605
/Users/ole/Kodevik/wave_project/wavedata/20260327-ProbePos4_31_FPV_2-tett6roof-under9Mooring30-height100-lowrange/fullpanel-fullwind-amp0200-freq1600-per240-depth580-mstop30-run1.csv,loose300,2026-03-27,full,0.2,1.6,0.6553788482658948,7.209013251168352,0.023243727241297182,2.684960567898224,0.15245893624611573,0.005656018079171746,0.008627737652809244,0.07520650290481366,0.09288561596291023
/Users/ole/Kodevik/wave_project/wavedata/20260327-ProbePos4_31_FPV_2-tett6roof-under9Mooring30-height100-lowrange/fullpanel-nowind-amp0300-freq1300-per40-depth580-mstop30-run1.csv,loose300,2026-03-27,no,0.3,1.3,0.8280433163633509,4.7142370117408574e-05,4.529245781411503e-05,0.0068660301570418825,0.0067299671480710085,9.660985337474147e-07,7.344251822226011e-07,0.0009829031151377102,0.0008569861038678522
/Users/ole/Kodevik/wave_project/wavedata/20260327-ProbePos4_31_FPV_2-tett6roof-under9Mooring30-height100-lowrange/fullpanel-fullwind-amp0100-freq1300-per40-depth580-mstop30-run2.csv,loose300,2026-03-27,full,0.1,1.3,0.7626340314603618,2.9879508056053576,0.14819511793385726,1.7285690051615983,0.38496119016578445,0.008160450943350894,0.018071041816785562,0.09033521430400712,0.13442857514972611
/Users/ole/Kodevik/wave_project/wavedata/20260327-ProbePos4_31_FPV_2-tett6roof-under9Mooring30-height100-lowrange/fullpanel-fullwind-amp0300-freq1400-per240-depth580-mstop30-run1.csv,loose300,2026-03-27,full,0.3,1.4,0.7651519530290513,2.065878168906577,0.03919060848752147,1.4373163078830549,0.1979661801609595,0.012363257694988486,0.006780651372319879,0.11119018704448916,0.08234471065174666
/Users/ole/Kodevik/wave_project/wavedata/20260327-ProbePos4_31_FPV_2-tett6roof-under9Mooring30-height100-lowrange/fullpanel-fullwind-amp0100-freq1300-per40-depth580-mstop30-run3.csv,loose300,2026-03-27,full,0.1,1.3,0.7544839350102797,14.62763369174603,0.08131150517440124,3.824608959324604,0.2851517230780856,0.004869310155242009,0.02079257671923281,0.06978044249818147,0.1441963131263515
/Users/ole/Kodevik/wave_project/wavedata/20260327-ProbePos4_31_FPV_2-tett6roof-under9Mooring30-height100-lowrange/fullpanel-nowind-amp0100-freq1300-per40-depth580-mstop30-run1.csv,loose300,2026-03-27,no,0.1,1.3,0.6808653189871752,3.8360170312047524e-05,0.00010184106733031225,0.006193558776022678,0.010091633531312573,9.026498170740541e-06,5.336488205301727e-06,0.003004413115858161,0.0023100840255933825
/Users/ole/Kodevik/wave_project/wavedata/20260327-ProbePos4_31_FPV_2-tett6roof-under9Mooring30-height100-lowrange/fullpanel-nowind-amp0100-freq1300-per40-depth580-mstop30-run3.csv,loose300,2026-03-27,no,0.1,1.3,0.6597568977369019,6.248254343524905e-07,6.394272918328321e-07,0.0007904590023223788,0.0007996419772828538,1.0657610960046399e-05,6.315634232666677e-06,0.003264599663059224,0.00251309256348959
/Users/ole/Kodevik/wave_project/wavedata/20260327-ProbePos4_31_FPV_2-tett6roof-under9Mooring30-height100-lowrange/fullpanel-nowind-amp0200-freq1600-per240-depth580-mstop30-run1.csv,loose300,2026-03-27,no,0.2,1.6,0.4859051864777319,2.4015743075365853e-06,7.307919159032039e-06,0.001549701360758448,0.0027033163261135458,0.002962136965675888,0.003338692436857931,0.054425517596766025,0.05778141947770002
/Users/ole/Kodevik/wave_project/wavedata/20260327-ProbePos4_31_FPV_2-tett6roof-under9Mooring30-height100-lowrange/fullpanel-fullwind-amp0100-freq1300-per40-depth580-mstop30-run1.csv,loose300,2026-03-27,full,0.1,1.3,0.714850438660233,11.59524152255114,0.05696128600448169,3.4051786329869893,0.2386656364131244,0.0007290840658683032,0.0023080249240234624,0.02700155673046099,0.04804190799732524
