path,campaign,series,panel_state,wind,freq_hz,amp_v,amp_tag,file_date,in_probes,out_probe,L_separation_m,A_IN[9373/170]_mm,A_IN[9373/340]_mm,A_IN_mean_mm,n_in_probes_used,A_OUT_mm,A_IN[9373/250]_mm
/Users/ole/Kodevik/wave_project/wavedata/20260326-ProbePos4_31_FPV_2-tett6roof-under9Mooring-height100-lowrange/fullpanel-fullwind-amp0200-freq1500-per240-depth580-mstop30-run1.csv,march,march_panel,panel,full,1.5,0.2,A2,2026-03-26,9373/170+9373/340,12400/250,3.027,14.136865128133868,15.636376973515597,14.886621050824733,2,11.733933170384967,
/Users/ole/Kodevik/wave_project/wavedata/20260326-ProbePos4_31_FPV_2-tett6roof-under9Mooring-height100-lowrange/fullpanel-fullwind-amp0200-freq1300-per240-depth580-mstop30-run1.csv,march,march_panel,panel,full,1.3,0.2,A2,2026-03-26,9373/170+9373/340,12400/250,3.027,14.922296668501707,14.500812034820337,14.711554351661022,2,12.952984260721095,
/Users/ole/Kodevik/wave_project/wavedata/20260326-ProbePos4_31_FPV_2-tett6roof-under9Mooring-height100-lowrange/fullpanel-fullwind-amp0100-freq1400-per240-depth580-mstop30-run1.csv,march,march_panel,panel,full,1.4,0.1,A1,2026-03-26,9373/170+9373/340,12400/250,3.027,7.36793195176225,7.2522792346885225,7.310105593225386,2,5.924564379012312,
/Users/ole/Kodevik/wave_project/wavedata/20260326-ProbePos4_31_FPV_2-tett6roof-under9Mooring-height100-lowrange/fullpanel-fullwind-amp0100-freq1300-per240-depth580-mstop30-run1.csv,march,march_panel,panel,full,1.3,0.1,A1,2026-03-26,9373/170+9373/340,12400/250,3.027,7.555140668652038,7.062753831253228,7.308947249952633,2,5.9251409969289695,
/Users/ole/Kodevik/wave_project/wavedata/20260326-ProbePos4_31_FPV_2-tett6roof-under9Mooring-height100-lowrange/fullpanel-fullwind-amp0200-freq1400-per240-depth580-mstop30-run1.csv,march,march_panel,panel,full,1.4,0.2,A2,2026-03-26,9373/170+9373/340,12400/250,3.027,14.684267206607782,15.394105201996306,15.039186204302045,2,12.35014558456739,
/Users/ole/Kodevik/wave_project/wavedata/20260326-ProbePos4_31_FPV_2-tett6roof-under9Mooring-height100-lowrange/fullpanel-fullwind-amp0100-freq1300-per40-depth580-mstop330-run1.csv,march,march_panel,panel,full,1.3,0.1,A1,2026-03-26,9373/170+9373/340,12400/250,3.027,7.41341303323612,7.480839334416438,7.4471261838262794,2,6.140860873458276,
/Users/ole/Kodevik/wave_project/wavedata/20260326-ProbePos4_31_FPV_2-tett6roof-under9Mooring-height100-lowrange/fullpanel-nowind-amp0100-freq1300-per240-depth580-mstop30-run1.csv,march,march_panel,panel,no,1.3,0.1,A1,2026-03-26,9373/170+9373/340,12400/250,3.027,7.736989503299463,7.684953356178065,7.710971429738764,2,5.152971035919638,
/Users/ole/Kodevik/wave_project/wavedata/20260326-ProbePos4_31_FPV_2-tett6roof-under9Mooring-height100-lowrange/fullpanel-fullwind-amp0100-freq1500-per240-depth580-mstop30-run1.csv,march,march_panel,panel,full,1.5,0.1,A1,2026-03-26,9373/170+9373/340,12400/250,3.027,7.118383909647489,8.271278927371212,7.6948314185093505,2,5.821763961747634,
/Users/ole/Kodevik/wave_project/wavedata/20260326-ProbePos4_31_FPV_2-tett6roof-under9Mooring-height100-lowrange/fullpanel-nowind-amp0100-freq1300-per240-depth580-mstop30-run2.csv,march,march_panel,panel,no,1.3,0.1,A1,2026-03-26,9373/170+9373/340,12400/250,3.027,7.78960138023619,7.822678557887497,7.806139969061844,2,4.861365799205123,
/Users/ole/Kodevik/wave_project/wavedata/20260326-ProbePos4_31_FPV_2-tett6roof-under9Mooring-height100-lowrange/fullpanel-fullwind-amp0100-freq1300-per240-depth580-mstop330-run1.csv,march,march_panel,panel,full,1.3,0.1,A1,2026-03-26,9373/170+9373/340,12400/250,3.027,7.324872031674166,7.739775809344627,7.532323920509397,2,6.043296849623259,
/Users/ole/Kodevik/wave_project/wavedata/20260326-ProbePos4_31_FPV_2-tett6roof-under9Mooring-height100-lowrange/fullpanel-fullwind-amp0300-freq1300-per240-depth580-mstop30-run1.csv,march,march_panel,panel,full,1.3,0.3,A3,2026-03-26,9373/170+9373/340,12400/250,3.027,22.532398810621746,23.355444882882683,22.943921846752215,2,18.836201546044656,
/Users/ole/Kodevik/wave_project/wavedata/20260326-ProbePos4_31_FPV_2-tett6roof-under9Mooring-height100-lowrange/fullpanel-fullwind-amp0300-freq1500-per240-depth580-mstop30-run1.csv,march,march_panel,panel,full,1.5,0.3,A3,2026-03-26,9373/170+9373/340,12400/250,3.027,24.015802034377284,23.494228837357127,23.755015435867207,2,17.220460214614135,
/Users/ole/Kodevik/wave_project/wavedata/20260326-ProbePos4_31_FPV_2-tett6roof-under9Mooring-height100-lowrange/fullpanel-fullwind-amp0100-freq1600-per240-depth580-mstop30-run1.csv,march,march_panel,panel,full,1.6,0.1,A1,2026-03-26,9373/170+9373/340,12400/250,3.027,7.483852096323581,8.316456913827052,7.900154505075316,2,5.084411924461143,
/Users/ole/Kodevik/wave_project/wavedata/20260326-ProbePos4_31_FPV_2-tett6roof-under9Mooring-height100-lowrange/fullpanel-fullwind-amp0200-freq1600-per240-depth580-mstop30-run1.csv,march,march_panel,panel,full,1.6,0.2,A2,2026-03-26,9373/170+9373/340,12400/250,3.027,16.788126596425094,15.74647228659279,16.267299441508943,2,11.158982160684271,
/Users/ole/Kodevik/wave_project/wavedata/20260326-ProbePos4_31_FPV_2-tett6roof-under9Mooring-height100-lowrange/fullpanel-fullwind-amp0100-freq1300-per40-depth580-mstop30-run2.csv,march,march_panel,panel,full,1.3,0.1,A1,2026-03-26,9373/170+9373/340,12400/250,3.027,7.307060447273757,7.445115022607267,7.376087734940512,2,6.491621046939228,
/Users/ole/Kodevik/wave_project/wavedata/20260326-ProbePos4_31_FPV_2-tett6roof-under9Mooring-height100-lowrange/fullpanel-fullwind-amp0300-freq1400-per240-depth580-mstop30-run1.csv,march,march_panel,panel,full,1.4,0.3,A3,2026-03-26,9373/170+9373/340,12400/250,3.027,23.252468116931727,23.306794176081407,23.279631146506567,2,17.5238941201899,
/Users/ole/Kodevik/wave_project/wavedata/20260327-ProbePos4_31_FPV_2-tett6roof-under9Mooring30-height100-lowrange/fullpanel-fullwind-amp0100-freq1500-per40-depth580-mstop30-run1.csv,march,march_panel,panel,full,1.5,0.1,A1,2026-03-27,9373/170+9373/340,12400/250,3.027,8.26062569528612,8.318494061878374,8.289559878582246,2,5.094792783136159,
/Users/ole/Kodevik/wave_project/wavedata/20260327-ProbePos4_31_FPV_2-tett6roof-under9Mooring30-height100-lowrange/fullpanel-nowind-amp0200-freq1300-per240-depth580-mstop30-run1.csv,march,march_panel,panel,no,1.3,0.2,A2,2026-03-27,9373/170+9373/340,12400/250,3.027,14.867805887911976,14.698223104306186,14.78301449610908,2,12.014622574557338,
/Users/ole/Kodevik/wave_project/wavedata/20260327-ProbePos4_31_FPV_2-tett6roof-under9Mooring30-height100-lowrange/fullpanel-fullwind-amp0200-freq1600-per40-depth580-mstop30-run1.csv,march,march_panel,panel,full,1.6,0.2,A2,2026-03-27,9373/170+9373/340,12400/250,3.027,15.659289758522172,14.45310496809867,15.056197363310421,2,10.712055594357423,
/Users/ole/Kodevik/wave_project/wavedata/20260327-ProbePos4_31_FPV_2-tett6roof-under9Mooring30-height100-lowrange/fullpanel-nowind-amp0100-freq1400-per240-depth580-mstop30-run1.csv,march,march_panel,panel,no,1.4,0.1,A1,2026-03-27,9373/170+9373/340,12400/250,3.027,7.952332370517061,8.240231685937374,8.096282028227218,2,3.874829801814013,
/Users/ole/Kodevik/wave_project/wavedata/20260327-ProbePos4_31_FPV_2-tett6roof-under9Mooring30-height100-lowrange/fullpanel-fullwind-amp0200-freq1500-per240-depth580-mstop30-run1.csv,march,march_panel,panel,full,1.5,0.2,A2,2026-03-27,9373/170+9373/340,12400/250,3.027,17.32663778975776,13.853743188300141,15.590190489028952,2,10.962693311722493,
/Users/ole/Kodevik/wave_project/wavedata/20260327-ProbePos4_31_FPV_2-tett6roof-under9Mooring30-height100-lowrange/fullpanel-nowind-amp0200-freq1600-per40-depth580-mstop30-run1.csv,march,march_panel,panel,no,1.6,0.2,A2,2026-03-27,9373/170+9373/340,12400/250,3.027,14.563532946780787,14.737503206768636,14.650518076774713,2,7.091763430608233,
/Users/ole/Kodevik/wave_project/wavedata/20260327-ProbePos4_31_FPV_2-tett6roof-under9Mooring30-height100-lowrange/fullpanel-nowind-amp0100-freq1500-per40-depth580-mstop30-run1.csv,march,march_panel,panel,no,1.5,0.1,A1,2026-03-27,9373/170+9373/340,12400/250,3.027,7.7157697140090535,7.401012734144795,7.558391224076924,2,3.5155136628531287,
/Users/ole/Kodevik/wave_project/wavedata/20260327-ProbePos4_31_FPV_2-tett6roof-under9Mooring30-height100-lowrange/fullpanel-fullwind-amp0300-freq1500-per40-depth580-mstop30-run2.csv,march,march_panel,panel,full,1.5,0.3,A3,2026-03-27,9373/170+9373/340,12400/250,3.027,24.570162500589205,23.899343279448406,24.234752890018804,2,17.409871803708555,
/Users/ole/Kodevik/wave_project/wavedata/20260327-ProbePos4_31_FPV_2-tett6roof-under9Mooring30-height100-lowrange/fullpanel-fullwind-amp0200-freq1300-per240-depth580-mstop30-run1.csv,march,march_panel,panel,full,1.3,0.2,A2,2026-03-27,9373/170+9373/340,12400/250,3.027,15.308445210514698,14.901707114539272,15.105076162526984,2,12.771325099320533,
/Users/ole/Kodevik/wave_project/wavedata/20260327-ProbePos4_31_FPV_2-tett6roof-under9Mooring30-height100-lowrange/fullpanel-nowind-amp0200-freq1400-per40-depth580-mstop30-run1.csv,march,march_panel,panel,no,1.4,0.2,A2,2026-03-27,9373/170+9373/340,12400/250,3.027,14.992593226743809,15.215341595731546,15.103967411237678,2,10.307609304369327,
/Users/ole/Kodevik/wave_project/wavedata/20260327-ProbePos4_31_FPV_2-tett6roof-under9Mooring30-height100-lowrange/fullpanel-nowind-amp0300-freq1500-per40-depth580-mstop30-run1.csv,march,march_panel,panel,no,1.5,0.3,A3,2026-03-27,9373/170+9373/340,12400/250,3.027,21.573335868521934,21.439627541952685,21.50648170523731,2,13.10934095997103,
/Users/ole/Kodevik/wave_project/wavedata/20260327-ProbePos4_31_FPV_2-tett6roof-under9Mooring30-height100-lowrange/fullpanel-fullwind-amp0200-freq1400-per40-depth580-mstop30-run1.csv,march,march_panel,panel,full,1.4,0.2,A2,2026-03-27,9373/170+9373/340,12400/250,3.027,16.447267009051657,16.56881926636799,16.508043137709823,2,11.860265877499154,
/Users/ole/Kodevik/wave_project/wavedata/20260327-ProbePos4_31_FPV_2-tett6roof-under9Mooring30-height100-lowrange/fullpanel-fullwind-amp0100-freq1400-per240-depth580-mstop30-run1.csv,march,march_panel,panel,full,1.4,0.1,A1,2026-03-27,9373/170+9373/340,12400/250,3.027,7.74649701756922,8.747462806048357,8.246979911808788,2,5.284859234493613,
/Users/ole/Kodevik/wave_project/wavedata/20260327-ProbePos4_31_FPV_2-tett6roof-under9Mooring30-height100-lowrange/fullpanel-nowind-amp0200-freq1500-per240-depth580-mstop30-run1.csv,march,march_panel,panel,no,1.5,0.2,A2,2026-03-27,9373/170+9373/340,12400/250,3.027,15.174086262037163,14.9998647586699,15.086975510353533,2,9.170927220628087,
/Users/ole/Kodevik/wave_project/wavedata/20260327-ProbePos4_31_FPV_2-tett6roof-under9Mooring30-height100-lowrange/fullpanel-fullwind-amp0300-freq1500-per40-depth580-mstop30-run1.csv,march,march_panel,panel,full,1.5,0.3,A3,2026-03-27,9373/170+9373/340,12400/250,3.027,23.2472942701464,22.717110233290974,22.98220225171869,2,16.958732812848034,
/Users/ole/Kodevik/wave_project/wavedata/20260327-ProbePos4_31_FPV_2-tett6roof-under9Mooring30-height100-lowrange/fullpanel-fullwind-amp0100-freq1400-per40-depth580-mstop30-run1.csv,march,march_panel,panel,full,1.4,0.1,A1,2026-03-27,9373/170+9373/340,12400/250,3.027,7.967291397268062,7.986039933382159,7.976665665325111,2,5.648235438541828,
/Users/ole/Kodevik/wave_project/wavedata/20260327-ProbePos4_31_FPV_2-tett6roof-under9Mooring30-height100-lowrange/fullpanel-fullwind-amp0100-freq1300-per40-depth580-mstop330-run2.csv,march,march_panel,panel,full,1.3,0.1,A1,2026-03-27,9373/170+9373/340,12400/250,3.027,7.528401520753441,7.803635330291757,7.6660184255226,2,5.990698858341156,
/Users/ole/Kodevik/wave_project/wavedata/20260327-ProbePos4_31_FPV_2-tett6roof-under9Mooring30-height100-lowrange/fullpanel-fullwind-amp0100-freq1300-per240-depth580-mstop30-run1.csv,march,march_panel,panel,full,1.3,0.1,A1,2026-03-27,9373/170+9373/340,12400/250,3.027,7.487148921801585,7.779823699219576,7.63348631051058,2,5.7160424453224605,
/Users/ole/Kodevik/wave_project/wavedata/20260327-ProbePos4_31_FPV_2-tett6roof-under9Mooring30-height100-lowrange/fullpanel-nowind-amp0100-freq1500-per240-depth580-mstop30-run1.csv,march,march_panel,panel,no,1.5,0.1,A1,2026-03-27,9373/170+9373/340,12400/250,3.027,7.90862364626466,7.591849141599141,7.750236393931901,2,3.4321546955869855,
/Users/ole/Kodevik/wave_project/wavedata/20260327-ProbePos4_31_FPV_2-tett6roof-under9Mooring30-height100-lowrange/fullpanel-fullwind-amp0200-freq1400-per240-depth580-mstop30-run1.csv,march,march_panel,panel,full,1.4,0.2,A2,2026-03-27,9373/170+9373/340,12400/250,3.027,15.743318568769151,15.564567945012694,15.653943256890923,2,11.51446129470612,
/Users/ole/Kodevik/wave_project/wavedata/20260327-ProbePos4_31_FPV_2-tett6roof-under9Mooring30-height100-lowrange/fullpanel-nowind-amp0100-freq1300-per240-depth580-mstop30-run4.csv,march,march_panel,panel,no,1.3,0.1,A1,2026-03-27,9373/170+9373/340,12400/250,3.027,7.842661638915496,7.871764927756078,7.857213283335787,2,4.84121387260015,
/Users/ole/Kodevik/wave_project/wavedata/20260327-ProbePos4_31_FPV_2-tett6roof-under9Mooring30-height100-lowrange/fullpanel-nowind-amp0100-freq1400-per40-depth580-mstop30-run1.csv,march,march_panel,panel,no,1.4,0.1,A1,2026-03-27,9373/170+9373/340,12400/250,3.027,7.931419698862152,8.08460618126724,8.008012940064695,2,4.214635180975198,
/Users/ole/Kodevik/wave_project/wavedata/20260327-ProbePos4_31_FPV_2-tett6roof-under9Mooring30-height100-lowrange/fullpanel-fullwind-amp0300-freq1400-per40-depth580-mstop30-run2.csv,march,march_panel,panel,full,1.4,0.3,A3,2026-03-27,9373/170+9373/340,12400/250,3.027,24.426803858499373,21.909575239806124,23.16818954915275,2,17.810492104302593,
/Users/ole/Kodevik/wave_project/wavedata/20260327-ProbePos4_31_FPV_2-tett6roof-under9Mooring30-height100-lowrange/fullpanel-nowind-amp0100-freq1600-per40-depth580-mstop30-run1.csv,march,march_panel,panel,no,1.6,0.1,A1,2026-03-27,9373/170+9373/340,12400/250,3.027,7.0531978961240185,7.239509185423712,7.146353540773865,2,2.595055485619823,
/Users/ole/Kodevik/wave_project/wavedata/20260327-ProbePos4_31_FPV_2-tett6roof-under9Mooring30-height100-lowrange/fullpanel-nowind-amp0300-freq1400-per40-depth580-mstop30-run1.csv,march,march_panel,panel,no,1.4,0.3,A3,2026-03-27,9373/170+9373/340,12400/250,3.027,22.34490148869155,22.577462235607165,22.46118186214936,2,15.009394802700864,
/Users/ole/Kodevik/wave_project/wavedata/20260327-ProbePos4_31_FPV_2-tett6roof-under9Mooring30-height100-lowrange/fullpanel-nowind-amp0100-freq1300-per240-depth580-mstop30-run1.csv,march,march_panel,panel,no,1.3,0.1,A1,2026-03-27,9373/170+9373/340,12400/250,3.027,7.536064841816267,7.39722868953471,7.466646765675488,2,4.942407789574419,
/Users/ole/Kodevik/wave_project/wavedata/20260327-ProbePos4_31_FPV_2-tett6roof-under9Mooring30-height100-lowrange/fullpanel-nowind-amp0200-freq1500-per40-depth580-mstop30-run1.csv,march,march_panel,panel,no,1.5,0.2,A2,2026-03-27,9373/170+9373/340,12400/250,3.027,15.133081109779322,15.041746868441539,15.08741398911043,2,8.755171245332843,
/Users/ole/Kodevik/wave_project/wavedata/20260327-ProbePos4_31_FPV_2-tett6roof-under9Mooring30-height100-lowrange/fullpanel-fullwind-amp0100-freq1500-per240-depth580-mstop30-run1.csv,march,march_panel,panel,full,1.5,0.1,A1,2026-03-27,9373/170+9373/340,12400/250,3.027,9.18464982400637,6.929621340545359,8.057135582275864,2,5.677535028403199,
/Users/ole/Kodevik/wave_project/wavedata/20260327-ProbePos4_31_FPV_2-tett6roof-under9Mooring30-height100-lowrange/fullpanel-fullwind-amp0300-freq1400-per40-depth580-mstop30-run1.csv,march,march_panel,panel,full,1.4,0.3,A3,2026-03-27,9373/170+9373/340,12400/250,3.027,23.485840469687776,23.443367386939933,23.464603928313856,2,18.142028228571938,
/Users/ole/Kodevik/wave_project/wavedata/20260327-ProbePos4_31_FPV_2-tett6roof-under9Mooring30-height100-lowrange/fullpanel-nowind-amp0100-freq1300-per240-depth580-mstop330-run3.csv,march,march_panel,panel,no,1.3,0.1,A1,2026-03-27,9373/170+9373/340,12400/250,3.027,7.5726565226307505,7.443015545952266,7.5078360342915085,2,4.963599814041177,
/Users/ole/Kodevik/wave_project/wavedata/20260327-ProbePos4_31_FPV_2-tett6roof-under9Mooring30-height100-lowrange/fullpanel-nowind-amp0200-freq1400-per240-depth580-mstop30-run1.csv,march,march_panel,panel,no,1.4,0.2,A2,2026-03-27,9373/170+9373/340,12400/250,3.027,15.211440070325425,15.434134111763532,15.322787091044479,2,10.533997012501493,
/Users/ole/Kodevik/wave_project/wavedata/20260327-ProbePos4_31_FPV_2-tett6roof-under9Mooring30-height100-lowrange/fullpanel-fullwind-amp0200-freq1500-per40-depth580-mstop30-run1.csv,march,march_panel,panel,full,1.5,0.2,A2,2026-03-27,9373/170+9373/340,12400/250,3.027,16.517644273273106,15.686807333963923,16.102225803618516,2,11.347209059268037,
/Users/ole/Kodevik/wave_project/wavedata/20260327-ProbePos4_31_FPV_2-tett6roof-under9Mooring30-height100-lowrange/fullpanel-fullwind-amp0100-freq1600-per40-depth580-mstop30-run1.csv,march,march_panel,panel,full,1.6,0.1,A1,2026-03-27,9373/170+9373/340,12400/250,3.027,8.946335811088844,7.660759542986964,8.303547677037905,2,4.877152929248235,
/Users/ole/Kodevik/wave_project/wavedata/20260327-ProbePos4_31_FPV_2-tett6roof-under9Mooring30-height100-lowrange/fullpanel-nowind-amp0100-freq1300-per240-depth580-mstop30-run2.csv,march,march_panel,panel,no,1.3,0.1,A1,2026-03-27,9373/170+9373/340,12400/250,3.027,7.54165307842483,7.4492243659406085,7.495438722182719,2,4.963454226663583,
/Users/ole/Kodevik/wave_project/wavedata/20260327-ProbePos4_31_FPV_2-tett6roof-under9Mooring30-height100-lowrange/fullpanel-fullwind-amp0200-freq1300-per40-depth580-mstop30-run1.csv,march,march_panel,panel,full,1.3,0.2,A2,2026-03-27,9373/170+9373/340,12400/250,3.027,15.152833926918222,14.312166202266544,14.732500064592383,2,12.383754935527776,
/Users/ole/Kodevik/wave_project/wavedata/20260327-ProbePos4_31_FPV_2-tett6roof-under9Mooring30-height100-lowrange/fullpanel-nowind-amp0300-freq1500-per240-depth580-mstop30-run1.csv,march,march_panel,panel,no,1.5,0.3,A3,2026-03-27,9373/170+9373/340,12400/250,3.027,21.71011090213341,20.92222892368712,21.316169912910265,2,13.072033647283657,
/Users/ole/Kodevik/wave_project/wavedata/20260327-ProbePos4_31_FPV_2-tett6roof-under9Mooring30-height100-lowrange/fullpanel-nowind-amp0100-freq1300-per40-depth580-mstop30-run2-rettetterpå.csv,march,march_panel,panel,no,1.3,0.1,A1,2026-03-27,9373/170+9373/340,12400/250,3.027,7.3462012680580315,7.226856212105605,7.286528740081819,2,5.175456532166221,
/Users/ole/Kodevik/wave_project/wavedata/20260327-ProbePos4_31_FPV_2-tett6roof-under9Mooring30-height100-lowrange/fullpanel-fullwind-amp0100-freq1300-per240-depth580-mstop330-run1.csv,march,march_panel,panel,full,1.3,0.1,A1,2026-03-27,9373/170+9373/340,12400/250,3.027,7.2696905848444375,7.525506849912,7.397598717378219,2,5.743732804595225,
/Users/ole/Kodevik/wave_project/wavedata/20260327-ProbePos4_31_FPV_2-tett6roof-under9Mooring30-height100-lowrange/fullpanel-nowind-amp0100-freq1600-per240-depth580-mstop30-run1.csv,march,march_panel,panel,no,1.6,0.1,A1,2026-03-27,9373/170+9373/340,12400/250,3.027,6.954993142112043,7.22935324101556,7.092173191563802,2,2.627409327972178,
/Users/ole/Kodevik/wave_project/wavedata/20260327-ProbePos4_31_FPV_2-tett6roof-under9Mooring30-height100-lowrange/fullpanel-nowind-amp0200-freq1300-per40-depth580-mstop30-run1.csv,march,march_panel,panel,no,1.3,0.2,A2,2026-03-27,9373/170+9373/340,12400/250,3.027,14.8398186574346,14.661711315942282,14.750764986688441,2,11.846885237260722,
/Users/ole/Kodevik/wave_project/wavedata/20260327-ProbePos4_31_FPV_2-tett6roof-under9Mooring30-height100-lowrange/fullpanel-fullwind-amp0300-freq1300-per240-depth580-mstop30-run1.csv,march,march_panel,panel,full,1.3,0.3,A3,2026-03-27,9373/170+9373/340,12400/250,3.027,22.19448233210014,21.20532406040486,21.6999031962525,2,18.639222991724214,
/Users/ole/Kodevik/wave_project/wavedata/20260327-ProbePos4_31_FPV_2-tett6roof-under9Mooring30-height100-lowrange/fullpanel-fullwind-amp0300-freq1500-per240-depth580-mstop30-run1.csv,march,march_panel,panel,full,1.5,0.3,A3,2026-03-27,9373/170+9373/340,12400/250,3.027,22.860482138021002,22.215995995026912,22.538239066523957,2,16.631832059537135,
/Users/ole/Kodevik/wave_project/wavedata/20260327-ProbePos4_31_FPV_2-tett6roof-under9Mooring30-height100-lowrange/fullpanel-fullwind-amp0100-freq1600-per240-depth580-mstop30-run1.csv,march,march_panel,panel,full,1.6,0.1,A1,2026-03-27,9373/170+9373/340,12400/250,3.027,9.143563339524365,8.168091303197171,8.655827321360768,2,5.160437102154292,
/Users/ole/Kodevik/wave_project/wavedata/20260327-ProbePos4_31_FPV_2-tett6roof-under9Mooring30-height100-lowrange/fullpanel-nowind-amp0300-freq1300-per240-depth580-mstop30-run1.csv,march,march_panel,panel,no,1.3,0.3,A3,2026-03-27,9373/170+9373/340,12400/250,3.027,21.540233233674225,21.628555688958485,21.584394461316357,2,17.942044439188383,
/Users/ole/Kodevik/wave_project/wavedata/20260327-ProbePos4_31_FPV_2-tett6roof-under9Mooring30-height100-lowrange/fullpanel-fullwind-amp0300-freq1300-per40-depth580-mstop30-run1.csv,march,march_panel,panel,full,1.3,0.3,A3,2026-03-27,9373/170+9373/340,12400/250,3.027,22.103039731807172,22.391819109842586,22.24742942082488,2,18.48404627759968,
/Users/ole/Kodevik/wave_project/wavedata/20260327-ProbePos4_31_FPV_2-tett6roof-under9Mooring30-height100-lowrange/fullpanel-nowind-amp0300-freq1400-per240-depth580-mstop30-run1.csv,march,march_panel,panel,no,1.4,0.3,A3,2026-03-27,9373/170+9373/340,12400/250,3.027,22.352987869883595,22.638577699591373,22.495782784737486,2,15.168092292522093,
/Users/ole/Kodevik/wave_project/wavedata/20260327-ProbePos4_31_FPV_2-tett6roof-under9Mooring30-height100-lowrange/fullpanel-fullwind-amp0300-freq1300-per40-depth580-mstop30-run2.csv,march,march_panel,panel,full,1.3,0.3,A3,2026-03-27,9373/170+9373/340,12400/250,3.027,22.42231156829321,22.11523416354646,22.268772865919836,2,18.337883840605247,
/Users/ole/Kodevik/wave_project/wavedata/20260327-ProbePos4_31_FPV_2-tett6roof-under9Mooring30-height100-lowrange/fullpanel-fullwind-amp0200-freq1600-per240-depth580-mstop30-run1.csv,march,march_panel,panel,full,1.6,0.2,A2,2026-03-27,9373/170+9373/340,12400/250,3.027,17.228608821294845,13.602650275652598,15.41562954847372,2,10.1202718956428,
/Users/ole/Kodevik/wave_project/wavedata/20260327-ProbePos4_31_FPV_2-tett6roof-under9Mooring30-height100-lowrange/fullpanel-nowind-amp0300-freq1300-per40-depth580-mstop30-run1.csv,march,march_panel,panel,no,1.3,0.3,A3,2026-03-27,9373/170+9373/340,12400/250,3.027,21.46656558124822,21.53468576877174,21.500625675009978,2,17.803052750079157,
/Users/ole/Kodevik/wave_project/wavedata/20260327-ProbePos4_31_FPV_2-tett6roof-under9Mooring30-height100-lowrange/fullpanel-fullwind-amp0100-freq1300-per40-depth580-mstop30-run2.csv,march,march_panel,panel,full,1.3,0.1,A1,2026-03-27,9373/170+9373/340,12400/250,3.027,7.122947553556493,7.883347778729872,7.503147666143183,2,5.714164015089718,
/Users/ole/Kodevik/wave_project/wavedata/20260327-ProbePos4_31_FPV_2-tett6roof-under9Mooring30-height100-lowrange/fullpanel-fullwind-amp0300-freq1400-per240-depth580-mstop30-run1.csv,march,march_panel,panel,full,1.4,0.3,A3,2026-03-27,9373/170+9373/340,12400/250,3.027,22.354181840139628,22.69995718209345,22.527069511116537,2,17.229828660650668,
/Users/ole/Kodevik/wave_project/wavedata/20260327-ProbePos4_31_FPV_2-tett6roof-under9Mooring30-height100-lowrange/fullpanel-fullwind-amp0100-freq1300-per40-depth580-mstop30-run3.csv,march,march_panel,panel,full,1.3,0.1,A1,2026-03-27,9373/170+9373/340,12400/250,3.027,7.46863090448255,7.465859639219661,7.467245271851105,2,5.636117015790078,
/Users/ole/Kodevik/wave_project/wavedata/20260327-ProbePos4_31_FPV_2-tett6roof-under9Mooring30-height100-lowrange/fullpanel-nowind-amp0100-freq1300-per40-depth580-mstop30-run1.csv,march,march_panel,panel,no,1.3,0.1,A1,2026-03-27,9373/170+9373/340,12400/250,3.027,7.568400347076929,7.274443904921719,7.4214221259993245,2,5.054234670688031,
/Users/ole/Kodevik/wave_project/wavedata/20260327-ProbePos4_31_FPV_2-tett6roof-under9Mooring30-height100-lowrange/fullpanel-nowind-amp0100-freq1300-per40-depth580-mstop30-run3.csv,march,march_panel,panel,no,1.3,0.1,A1,2026-03-27,9373/170+9373/340,12400/250,3.027,7.512897373664526,7.421567714599662,7.467232544132093,2,4.924609764334472,
/Users/ole/Kodevik/wave_project/wavedata/20260327-ProbePos4_31_FPV_2-tett6roof-under9Mooring30-height100-lowrange/fullpanel-nowind-amp0200-freq1600-per240-depth580-mstop30-run1.csv,march,march_panel,panel,no,1.6,0.2,A2,2026-03-27,9373/170+9373/340,12400/250,3.027,14.772002231803915,14.803628856448938,14.787815544126428,2,7.1743157610008,
/Users/ole/Kodevik/wave_project/wavedata/20260327-ProbePos4_31_FPV_2-tett6roof-under9Mooring30-height100-lowrange/fullpanel-fullwind-amp0100-freq1300-per40-depth580-mstop30-run1.csv,march,march_panel,panel,full,1.3,0.1,A1,2026-03-27,9373/170+9373/340,12400/250,3.027,7.908950342276368,7.416524903951396,7.662737623113882,2,5.480761131185276,
/Users/ole/Kodevik/wave_project/wavedata/20260305-newProbePos-tett6roof/nopanel-nowind-amp0100-freq1600-per40-depth580-mstop30-run1.csv,march,march_nopanel,nopanel,no,1.6,0.1,A1,2026-03-05,9373/170+9373/340,11800/250,2.427,6.8313906288645905,6.926563848565608,6.878977238715099,2,6.661745897623572,
/Users/ole/Kodevik/wave_project/wavedata/20260305-newProbePos-tett6roof/nopanel-nowind-amp0200-freq1600-per40-depth580-mstop30-run1.csv,march,march_nopanel,nopanel,no,1.6,0.2,A2,2026-03-05,9373/170+9373/340,11800/250,2.427,13.724689389499458,13.773453268745397,13.749071329122428,2,13.413560190523782,
/Users/ole/Kodevik/wave_project/wavedata/20260306-newProbePos-tett6roof/nopanel-nowind-amp0100-freq1400-per40-depth580-mstop30-run1.csv,march,march_nopanel,nopanel,no,1.4,0.1,A1,2026-03-06,9373/170+9373/340,11800/250,2.427,7.388022793941212,7.385872179980408,7.3869474869608105,2,7.17234634105921,
/Users/ole/Kodevik/wave_project/wavedata/20260306-newProbePos-tett6roof/nopanel-nowind-amp0100-freq1600-per40-depth580-mstop30-run1.csv,march,march_nopanel,nopanel,no,1.6,0.1,A1,2026-03-06,9373/170+9373/340,11800/250,2.427,7.085529054155174,7.053714701145856,7.0696218776505155,2,6.840040003790268,
/Users/ole/Kodevik/wave_project/wavedata/20260306-newProbePos-tett6roof/nopanel-nowind-amp0100-freq1500-per40-depth580-mstop30-run1.csv,march,march_nopanel,nopanel,no,1.5,0.1,A1,2026-03-06,9373/170+9373/340,11800/250,2.427,7.244056270824402,7.303416455127492,7.273736362975947,2,7.042389144549467,
/Users/ole/Kodevik/wave_project/wavedata/20260306-newProbePos-tett6roof/nopanel-nowind-amp0100-freq1300-per40-depth580-mstop0-run1.csv,march,march_nopanel,nopanel,no,1.3,0.1,A1,2026-03-06,9373/170+9373/340,11800/250,2.427,7.565714793138655,7.552933086357821,7.5593239397482375,2,,
/Users/ole/Kodevik/wave_project/wavedata/20260306-newProbePos-tett6roof/nopanel-nowind-amp0100-freq1300-per40-depth580-mstop30-run1.csv,march,march_nopanel,nopanel,no,1.3,0.1,A1,2026-03-06,9373/170+9373/340,11800/250,2.427,7.5690544094988255,7.5415263326078374,7.5552903710533315,2,7.268920766087446,
/Users/ole/Kodevik/wave_project/wavedata/20260306-newProbePos-tett6roof/nopanel-nowind-amp0200-freq1300-per40-depth580-mstop30-run1.csv,march,march_nopanel,nopanel,no,1.3,0.2,A2,2026-03-06,9373/170+9373/340,11800/250,2.427,15.014848776864596,14.959110639597423,14.98697970823101,2,14.55669254368416,
/Users/ole/Kodevik/wave_project/wavedata/20260307-ProbPos4_31_FPV_2-tett6roof/fullpanel-fullwind-amp0100-freq1500-per40-depth580-mstop30-run1.csv,march,march_panel,panel,full,1.5,0.1,A1,2026-03-07,9373/170+9373/340,12400/250,3.027,7.781416318869328,7.972893823662845,7.8771550712660865,2,4.642303202359376,
/Users/ole/Kodevik/wave_project/wavedata/20260307-ProbPos4_31_FPV_2-tett6roof/fullpanel-fullwind-amp0200-freq1600-per40-depth580-mstop30-run1.csv,march,march_panel,panel,full,1.6,0.2,A2,2026-03-07,9373/170+9373/340,12400/250,3.027,15.12586839693431,18.459883528511153,16.792875962722732,2,9.05459618316408,
/Users/ole/Kodevik/wave_project/wavedata/20260307-ProbPos4_31_FPV_2-tett6roof/fullpanel-nowind-amp0200-freq1600-per40-depth580-mstop30-run1.csv,march,march_panel,panel,no,1.6,0.2,A2,2026-03-07,9373/170+9373/340,12400/250,3.027,14.998358605408649,14.717969388707159,14.858163997057904,2,6.709177518973939,
/Users/ole/Kodevik/wave_project/wavedata/20260307-ProbPos4_31_FPV_2-tett6roof/fullpanel-nowind-amp0100-freq1500-per40-depth580-mstop30-run1.csv,march,march_panel,panel,no,1.5,0.1,A1,2026-03-07,9373/170+9373/340,12400/250,3.027,7.666431164031207,7.403618519281518,7.535024841656362,2,2.935370037474268,
/Users/ole/Kodevik/wave_project/wavedata/20260307-ProbPos4_31_FPV_2-tett6roof/fullpanel-nowind-amp0200-freq1400-per40-depth580-mstop30-run1.csv,march,march_panel,panel,no,1.4,0.2,A2,2026-03-07,9373/170+9373/340,12400/250,3.027,13.976351512944929,14.014027803121579,13.995189658033254,2,9.78676899502068,
/Users/ole/Kodevik/wave_project/wavedata/20260307-ProbPos4_31_FPV_2-tett6roof/fullpanel-fullwind-amp0200-freq1400-per40-depth580-mstop30-run1.csv,march,march_panel,panel,full,1.4,0.2,A2,2026-03-07,9373/170+9373/340,12400/250,3.027,16.30040731401367,15.238984386109829,15.769695850061748,2,10.297104624912347,
/Users/ole/Kodevik/wave_project/wavedata/20260307-ProbPos4_31_FPV_2-tett6roof/fullpanel-fullwind-amp0100-freq1400-per40-depth580-mstop30-run1.csv,march,march_panel,panel,full,1.4,0.1,A1,2026-03-07,9373/170+9373/340,12400/250,3.027,7.997714150104347,8.225422107154872,8.11156812862961,2,4.668028283392137,
/Users/ole/Kodevik/wave_project/wavedata/20260307-ProbPos4_31_FPV_2-tett6roof/fullpanel-fullwind-amp0100-freq1400-per40-depth580-mstop30-run2.csv,march,march_panel,panel,full,1.4,0.1,A1,2026-03-07,9373/170+9373/340,12400/250,3.027,8.132146272994197,7.859030264449337,7.995588268721766,2,4.841756896046218,
/Users/ole/Kodevik/wave_project/wavedata/20260307-ProbPos4_31_FPV_2-tett6roof/fullpanel-nowind-amp0100-freq1400-per40-depth580-mstop30-run1.csv,march,march_panel,panel,no,1.4,0.1,A1,2026-03-07,9373/170+9373/340,12400/250,3.027,7.142972321801165,7.16646268486269,7.154717503331927,2,3.748937013441298,
/Users/ole/Kodevik/wave_project/wavedata/20260307-ProbPos4_31_FPV_2-tett6roof/fullpanel-nowind-amp0100-freq1600-per40-depth580-mstop30-run1.csv,march,march_panel,panel,no,1.6,0.1,A1,2026-03-07,9373/170+9373/340,12400/250,3.027,7.666558940939182,7.540309956400728,7.6034344486699545,2,2.1464956459632503,
/Users/ole/Kodevik/wave_project/wavedata/20260307-ProbPos4_31_FPV_2-tett6roof/fullpanel-nowind-amp0200-freq1500-per40-depth580-mstop30-run1.csv,march,march_panel,panel,no,1.5,0.2,A2,2026-03-07,9373/170+9373/340,12400/250,3.027,14.546998857698199,14.651959824704175,14.599479341201187,2,8.365793896697408,
/Users/ole/Kodevik/wave_project/wavedata/20260307-ProbPos4_31_FPV_2-tett6roof/fullpanel-fullwind-amp0200-freq1500-per40-depth580-mstop30-run1.csv,march,march_panel,panel,full,1.5,0.2,A2,2026-03-07,9373/170+9373/340,12400/250,3.027,15.876543756349367,16.013222750865015,15.944883253607191,2,9.89459787533734,
/Users/ole/Kodevik/wave_project/wavedata/20260307-ProbPos4_31_FPV_2-tett6roof/fullpanel-fullwind-amp0100-freq1600-per40-depth580-mstop30-run1.csv,march,march_panel,panel,full,1.6,0.1,A1,2026-03-07,9373/170+9373/340,12400/250,3.027,9.272273635086021,8.89664093675728,9.084457285921651,2,4.3920928373233,
/Users/ole/Kodevik/wave_project/wavedata/20260307-ProbPos4_31_FPV_2-tett6roof/fullpanel-fullwind-amp0100-freq1300-per40-depth580-mstop90-run3.csv,march,march_panel,panel,full,1.3,0.1,A1,2026-03-07,9373/170+9373/340,12400/250,3.027,8.123124865786552,8.457961326690047,8.290543096238299,2,5.037138394312915,
/Users/ole/Kodevik/wave_project/wavedata/20260307-ProbPos4_31_FPV_2-tett6roof/fullpanel-nowind-amp0200-freq1300-per40-depth580-mstop30-run1.csv,march,march_panel,panel,no,1.3,0.2,A2,2026-03-07,9373/170+9373/340,12400/250,3.027,14.967809035751745,15.515283665928068,15.241546350839908,2,10.8752162864454,
/Users/ole/Kodevik/wave_project/wavedata/20260307-ProbPos4_31_FPV_2-tett6roof/fullpanel-nowind-amp0100-freq1300-per40-depth580-mstop30-run5.csv,march,march_panel,panel,no,1.3,0.1,A1,2026-03-07,9373/170+9373/340,12400/250,3.027,7.599255684924298,7.833756606330782,7.71650614562754,2,5.054437148739232,
/Users/ole/Kodevik/wave_project/wavedata/20260307-ProbPos4_31_FPV_2-tett6roof/fullpanel-nowind-amp0100-freq1300-per40-depth580-mstop30-run4.csv,march,march_panel,panel,no,1.3,0.1,A1,2026-03-07,9373/170+9373/340,12400/250,3.027,7.628431450131779,7.831261326737132,7.7298463884344555,2,5.084995088499818,
/Users/ole/Kodevik/wave_project/wavedata/20260307-ProbPos4_31_FPV_2-tett6roof/fullpanel-fullwind-amp0100-freq1300-per40-depth580-mstop30-run2.csv,march,march_panel,panel,full,1.3,0.1,A1,2026-03-07,9373/170+9373/340,12400/250,3.027,8.253070764650378,7.640021332230042,7.94654604844021,2,5.1064863196808306,
/Users/ole/Kodevik/wave_project/wavedata/20260307-ProbPos4_31_FPV_2-tett6roof/fullpanel-nowind-amp0100-freq1300-per40-depth580-mstop30-run1.csv,march,march_panel,panel,no,1.3,0.1,A1,2026-03-07,9373/170+9373/340,12400/250,3.027,7.127619659459532,7.24346998119298,7.185544820326256,2,4.951695955494683,
/Users/ole/Kodevik/wave_project/wavedata/20260307-ProbPos4_31_FPV_2-tett6roof/fullpanel-nowind-amp0100-freq1300-per40-depth580-mstop30-run3.csv,march,march_panel,panel,no,1.3,0.1,A1,2026-03-07,9373/170+9373/340,12400/250,3.027,7.489642751927034,7.739205392528172,7.614424072227603,2,4.796033086283957,
/Users/ole/Kodevik/wave_project/wavedata/20260307-ProbPos4_31_FPV_2-tett6roof/fullpanel-fullwind-amp0100-freq1300-per40-depth580-mstop30-run1.csv,march,march_panel,panel,full,1.3,0.1,A1,2026-03-07,9373/170+9373/340,12400/250,3.027,7.869827367583892,8.313808047771357,8.091817707677624,2,4.975318595401285,
/Users/ole/Kodevik/wave_project/wavedata/20260307-ProbPos4_31_FPV_2-tett6roof/fullpanel-fullwind-amp0200-freq1300-per40-depth580-mstop90-run1.csv,march,march_panel,panel,full,1.3,0.2,A2,2026-03-07,9373/170+9373/340,12400/250,3.027,16.0531125578614,15.081384343432113,15.567248450646757,2,10.98580823934026,
/Users/ole/Kodevik/wave_project/wavedata/20260307-ProbPos4_31_FPV_2-tett6roof/fullpanel-nowind-amp0100-freq1300-per40-depth580-mstop30-run2.csv,march,march_panel,panel,no,1.3,0.1,A1,2026-03-07,9373/170+9373/340,12400/250,3.027,7.302719673610936,7.61165034844471,7.457185011027823,2,4.86474578207479,
/Users/ole/Kodevik/wave_project/wavedata/20251110-tett6roof-lowM-ekte580/fullpanel-fullwind-amp0200-freq1300-per15-depth580-mstop30-run1.csv,november,nov_panel,panel,full,1.3,0.2,A2,2025-11-10,9373/250,12400/170,3.027,,,1.080626463191203,1,,1.080626463191203
/Users/ole/Kodevik/wave_project/wavedata/20251110-tett6roof-lowM-ekte580/nopanel-fullwind-amp0100-freq1300-per15-depth580-mstop30-run1.csv,november,nov_nopanel,nopanel,full,1.3,0.1,A1,2025-11-10,9373/250,12400/170,3.027,,,0.31980773014647224,1,,0.31980773014647224
/Users/ole/Kodevik/wave_project/wavedata/20251110-tett6roof-lowM-ekte580/nopanel-fullwind-amp0300-freq1300-per15-depth580-mstop30-run1.csv,november,nov_nopanel,nopanel,full,1.3,0.3,A3,2025-11-10,9373/250,12400/170,3.027,,,0.19997704310422737,1,,0.19997704310422737
/Users/ole/Kodevik/wave_project/wavedata/20251110-tett6roof-lowM-ekte580/fullpanel-fullwind-amp0300-freq1300-per15-depth580-mstop30-run1.csv,november,nov_panel,panel,full,1.3,0.3,A3,2025-11-10,9373/250,12400/170,3.027,,,0.1713619500450271,1,,0.1713619500450271
/Users/ole/Kodevik/wave_project/wavedata/20251110-tett6roof-lowM-ekte580/nopanel-fullwind-amp0200-freq1300-per15-depth580-mstop30-run1.csv,november,nov_nopanel,nopanel,full,1.3,0.2,A2,2025-11-10,9373/250,12400/170,3.027,,,0.41931556419203175,1,,0.41931556419203175
/Users/ole/Kodevik/wave_project/wavedata/20251110-tett6roof-lowM-ekte580/fullpanel-fullwind-amp0100-freq1300-per15-depth580-mstop30-run1.csv,november,nov_panel,panel,full,1.3,0.1,A1,2025-11-10,9373/250,12400/170,3.027,,,0.16578846915824866,1,,0.16578846915824866
/Users/ole/Kodevik/wave_project/wavedata/20251112-tett6roof/nopanel-nowind-amp0300-freq1300-per40-depth580-mstop30-run1.csv,november,nov_nopanel,nopanel,no,1.3,0.3,A3,2025-11-12,9373/250,12400/170,3.027,,,22.37245149617793,1,21.789716230108315,22.37245149617793
/Users/ole/Kodevik/wave_project/wavedata/20251112-tett6roof/nopanel-fullwind-amp0100-freq1300-per40-depth580-mstop30-run1.csv,november,nov_nopanel,nopanel,full,1.3,0.1,A1,2025-11-12,9373/250,12400/170,3.027,,,8.032054666522608,1,8.146258493607439,8.032054666522608
/Users/ole/Kodevik/wave_project/wavedata/20251112-tett6roof/nopanel-fullwind-amp0300-freq1300-per40-depth580-mstop30-run1.csv,november,nov_nopanel,nopanel,full,1.3,0.3,A3,2025-11-12,9373/250,12400/170,3.027,,,23.396888689178915,1,22.64682039947801,23.396888689178915
/Users/ole/Kodevik/wave_project/wavedata/20251112-tett6roof/nopanel-nowind-amp0100-freq1300-per40-depth580-mstop30-run1.csv,november,nov_nopanel,nopanel,no,1.3,0.1,A1,2025-11-12,9373/250,12400/170,3.027,,,7.607333285178055,1,7.446364307885689,7.607333285178055
/Users/ole/Kodevik/wave_project/wavedata/20251112-tett6roof/nopanel-nowind-amp0200-freq1300-per40-depth580-mstop30-run1.csv,november,nov_nopanel,nopanel,no,1.3,0.2,A2,2025-11-12,9373/250,12400/170,3.027,,,15.133255051408042,1,14.889405943744682,15.133255051408042
/Users/ole/Kodevik/wave_project/wavedata/20251112-tett6roof/nopanel-fullwind-amp0200-freq1300-per40-depth580-mstop30-run1.csv,november,nov_nopanel,nopanel,full,1.3,0.2,A2,2025-11-12,9373/250,12400/170,3.027,,,15.883705718041757,1,16.247939210191124,15.883705718041757
/Users/ole/Kodevik/wave_project/wavedata/20251113-tett6roof-loosepaneltaped/nopanel-nowind-amp0300-freq1300-per40-depth580-mstop30-run1.csv,november,nov_nopanel,nopanel,no,1.3,0.3,A3,2025-11-13,9373/250,12400/170,3.027,,,22.108597156961203,1,21.757955905906968,22.108597156961203
/Users/ole/Kodevik/wave_project/wavedata/20251113-tett6roof-loosepaneltaped/nopanel-fullwind-amp0100-freq1300-per40-depth580-mstop30-run1.csv,november,nov_nopanel,nopanel,full,1.3,0.1,A1,2025-11-13,9373/250,12400/170,3.027,,,8.01516187537976,1,8.66182858945796,8.01516187537976
/Users/ole/Kodevik/wave_project/wavedata/20251113-tett6roof-loosepaneltaped/nopanel-fullwind-amp0300-freq1300-per40-depth580-mstop30-run1.csv,november,nov_nopanel,nopanel,full,1.3,0.3,A3,2025-11-13,9373/250,12400/170,3.027,,,23.78070056445995,1,22.96626731613706,23.78070056445995
/Users/ole/Kodevik/wave_project/wavedata/20251113-tett6roof-loosepaneltaped/nopanel-nowind-amp0100-freq1300-per40-depth580-mstop30-run1.csv,november,nov_nopanel,nopanel,no,1.3,0.1,A1,2025-11-13,9373/250,12400/170,3.027,,,7.632259419945156,1,7.785559790071975,7.632259419945156
/Users/ole/Kodevik/wave_project/wavedata/20251113-tett6roof-loosepaneltaped/nopanel-nowind-amp0100-freq1300-per40-depth580-mstop30-run2.csv,november,nov_nopanel,nopanel,no,1.3,0.1,A1,2025-11-13,9373/250,12400/170,3.027,,,7.535978704000204,1,7.545501866118572,7.535978704000204
/Users/ole/Kodevik/wave_project/wavedata/20251113-tett6roof-loosepaneltaped/nopanel-nowind-amp0200-freq1300-per40-depth580-mstop30-run1.csv,november,nov_nopanel,nopanel,no,1.3,0.2,A2,2025-11-13,9373/250,12400/170,3.027,,,14.828680324665292,1,14.818513039949824,14.828680324665292
/Users/ole/Kodevik/wave_project/wavedata/20251113-tett6roof-loosepaneltaped/nopanel-fullwind-amp0200-freq1300-per40-depth580-mstop30-run1.csv,november,nov_nopanel,nopanel,full,1.3,0.2,A2,2025-11-13,9373/250,12400/170,3.027,,,15.700632837000029,1,15.194616187875807,15.700632837000029
