path,probe,target_freq,actual_freq,WaveAmplitudeInput [Volt],WindCondition,Mooring,amp_A_rms_mm,amp_B_rms_mm,band_over_peak,e_wind_A,e_wind_B,e_wind_frac_diff
/Users/ole/Kodevik/wave_project/wavedata/20260326-ProbePos4_31_FPV_2-tett6roof-under9Mooring-height100-lowrange/fullpanel-fullwind-amp0200-freq1500-per240-depth580-mstop30-run1.csv,9373/170,1.5,1.4910537004470825,0.2,full,below_90_loose,15.12019336247539,15.12019336247539,1.0,6.134488436055517,6.134488436055517,0.0
/Users/ole/Kodevik/wave_project/wavedata/20260326-ProbePos4_31_FPV_2-tett6roof-under9Mooring-height100-lowrange/fullpanel-fullwind-amp0200-freq1500-per240-depth580-mstop30-run1.csv,12400/250,1.5,1.4922752380371094,0.2,full,below_90_loose,11.650028908310643,11.650028908310643,1.0,0.2570083276684724,0.2570083276684724,0.0
/Users/ole/Kodevik/wave_project/wavedata/20260326-ProbePos4_31_FPV_2-tett6roof-under9Mooring-height100-lowrange/fullpanel-fullwind-amp0100-freq0900-per40-depth580-mstop30-run1.csv,9373/170,0.9,0.9012539386749268,0.1,full,below_90_loose,6.208613037362008,6.220128654454425,1.0018547809346658,17.48328684659313,17.48328698199406,-7.744592189250455e-09
/Users/ole/Kodevik/wave_project/wavedata/20260326-ProbePos4_31_FPV_2-tett6roof-under9Mooring-height100-lowrange/fullpanel-fullwind-amp0100-freq0900-per40-depth580-mstop30-run1.csv,12400/250,0.9,0.8998435139656067,0.1,full,below_90_loose,5.988078560620528,5.989047391794574,1.0001617933305715,0.07209963737240582,0.07209965622406496,-2.614666993407572e-07
/Users/ole/Kodevik/wave_project/wavedata/20260326-ProbePos4_31_FPV_2-tett6roof-under9Mooring-height100-lowrange/fullpanel-fullwind-amp0200-freq1300-per240-depth580-mstop30-run1.csv,9373/170,1.3,1.2984203100204468,0.2,full,below_90_loose,15.09251864336913,15.09251864336913,1.0,6.176039898175869,6.176039898175869,0.0
/Users/ole/Kodevik/wave_project/wavedata/20260326-ProbePos4_31_FPV_2-tett6roof-under9Mooring-height100-lowrange/fullpanel-fullwind-amp0200-freq1300-per240-depth580-mstop30-run1.csv,12400/250,1.3,1.2977099418640137,0.2,full,below_90_loose,12.799106140240513,12.799106140240513,1.0,0.35470086679228696,0.35470086679228696,0.0
/Users/ole/Kodevik/wave_project/wavedata/20260326-ProbePos4_31_FPV_2-tett6roof-under9Mooring-height100-lowrange/fullpanel-fullwind-amp0100-freq1400-per240-depth580-mstop30-run1.csv,9373/170,1.4,1.3951634168624878,0.1,full,below_90_loose,7.341644477661501,7.341644477661501,1.0,9.432220772145572,9.432220772145572,0.0
/Users/ole/Kodevik/wave_project/wavedata/20260326-ProbePos4_31_FPV_2-tett6roof-under9Mooring-height100-lowrange/fullpanel-fullwind-amp0100-freq1400-per240-depth580-mstop30-run1.csv,12400/250,1.4,1.4003294706344604,0.1,full,below_90_loose,6.008764573832546,6.008764573832546,1.0,0.08500725209872081,0.08500725209872081,0.0
/Users/ole/Kodevik/wave_project/wavedata/20260326-ProbePos4_31_FPV_2-tett6roof-under9Mooring-height100-lowrange/fullpanel-fullwind-amp0100-freq1200-per33-depth580-mstop30-run1.csv,9373/170,1.2,1.1965090036392212,0.1,full,below_90_loose,7.524445423180037,7.524445423180037,1.0,8.586334594814105,8.586334594814105,0.0
/Users/ole/Kodevik/wave_project/wavedata/20260326-ProbePos4_31_FPV_2-tett6roof-under9Mooring-height100-lowrange/fullpanel-fullwind-amp0100-freq1200-per33-depth580-mstop30-run1.csv,12400/250,1.2,1.199548363685608,0.1,full,below_90_loose,6.4240633924265165,6.4240633924265165,1.0,0.05769756807693642,0.05769756807693642,0.0
/Users/ole/Kodevik/wave_project/wavedata/20260326-ProbePos4_31_FPV_2-tett6roof-under9Mooring-height100-lowrange/fullpanel-fullwind-amp0100-freq0600-per40-depth580-mstop30-run1.csv,9373/170,0.6,0.6009615659713745,0.1,full,below_90_loose,4.420798918270098,4.4302135750626945,1.002129627917182,13.752605628797772,13.752605625136944,2.6619159924324997e-10
/Users/ole/Kodevik/wave_project/wavedata/20260326-ProbePos4_31_FPV_2-tett6roof-under9Mooring-height100-lowrange/fullpanel-fullwind-amp0100-freq0600-per40-depth580-mstop30-run1.csv,12400/250,0.6,0.6005849242210388,0.1,full,below_90_loose,3.5163653967328727,3.5355099677582325,1.005444420265069,0.01932346292524439,0.019323462754680592,8.82677195909108e-09
/Users/ole/Kodevik/wave_project/wavedata/20260326-ProbePos4_31_FPV_2-tett6roof-under9Mooring-height100-lowrange/fullpanel-fullwind-amp0100-freq1300-per240-depth580-mstop30-run1.csv,9373/170,1.3,1.3155009746551514,0.1,full,below_90_loose,6.335723669994791,6.335723669994791,1.0,11.746996136334698,11.746996136334698,0.0
/Users/ole/Kodevik/wave_project/wavedata/20260326-ProbePos4_31_FPV_2-tett6roof-under9Mooring-height100-lowrange/fullpanel-fullwind-amp0100-freq1300-per240-depth580-mstop30-run1.csv,12400/250,1.3,1.2973138093948364,0.1,full,below_90_loose,6.030181275913819,6.030181275913819,1.0,0.16568008229403905,0.16568008229403905,0.0
/Users/ole/Kodevik/wave_project/wavedata/20260326-ProbePos4_31_FPV_2-tett6roof-under9Mooring-height100-lowrange/fullpanel-fullwind-amp0200-freq1400-per240-depth580-mstop30-run1.csv,9373/170,1.4,1.3933120965957642,0.2,full,below_90_loose,14.796791266716896,14.796791266716896,1.0,5.825344469365972,5.825344469365972,0.0
/Users/ole/Kodevik/wave_project/wavedata/20260326-ProbePos4_31_FPV_2-tett6roof-under9Mooring-height100-lowrange/fullpanel-fullwind-amp0200-freq1400-per240-depth580-mstop30-run1.csv,12400/250,1.4,1.3961892127990723,0.2,full,below_90_loose,12.435518580566225,12.435518580566225,1.0,0.4589038701063274,0.4589038701063274,0.0
/Users/ole/Kodevik/wave_project/wavedata/20260326-ProbePos4_31_FPV_2-tett6roof-under9Mooring-height100-lowrange/fullpanel-fullwind-amp0100-freq0800-per40-depth580-mstop30-run1.csv,9373/170,0.8,0.7971717715263367,0.1,full,below_90_loose,5.686018616254684,5.736594837932138,1.0088948392699368,16.986595756375284,16.98659543721298,1.8789068408475057e-08
/Users/ole/Kodevik/wave_project/wavedata/20260326-ProbePos4_31_FPV_2-tett6roof-under9Mooring-height100-lowrange/fullpanel-fullwind-amp0100-freq0800-per40-depth580-mstop30-run1.csv,12400/250,0.8,0.8005011677742004,0.1,full,below_90_loose,5.892934241595586,5.894922837720126,1.0003374543212282,0.039415313526149576,0.0394152933010332,5.131286533597879e-07
/Users/ole/Kodevik/wave_project/wavedata/20260326-ProbePos4_31_FPV_2-tett6roof-under9Mooring-height100-lowrange/fullpanel-fullwind-amp0100-freq1300-per40-depth580-mstop330-run1.csv,9373/170,1.3,1.2985546588897705,0.1,full,below_90_loose,7.14911697393338,7.14911697393338,1.0,7.479086379583761,7.479086379583761,0.0
/Users/ole/Kodevik/wave_project/wavedata/20260326-ProbePos4_31_FPV_2-tett6roof-under9Mooring-height100-lowrange/fullpanel-fullwind-amp0100-freq1300-per40-depth580-mstop330-run1.csv,12400/250,1.3,1.2969179153442383,0.1,full,below_90_loose,6.1158952606806904,6.1158952606806904,1.0,0.09616478387570862,0.09616478387570862,0.0
/Users/ole/Kodevik/wave_project/wavedata/20260326-ProbePos4_31_FPV_2-tett6roof-under9Mooring-height100-lowrange/fullpanel-fullwind-amp0300-freq1600-per240-depth580-mstop30-run1.csv,9373/170,1.6,1.5923566818237305,0.3,full,below_90_loose,23.515769064069723,23.515769064069723,1.0,4.229260635033666,4.229260635033666,0.0
/Users/ole/Kodevik/wave_project/wavedata/20260326-ProbePos4_31_FPV_2-tett6roof-under9Mooring-height100-lowrange/fullpanel-fullwind-amp0300-freq1600-per240-depth580-mstop30-run1.csv,12400/250,1.6,1.5852293968200684,0.3,full,below_90_loose,16.537353013668262,16.537353013668262,1.0,1.507764635346493,1.507764635346493,0.0
/Users/ole/Kodevik/wave_project/wavedata/20260326-ProbePos4_31_FPV_2-tett6roof-under9Mooring-height100-lowrange/fullpanel-fullwind-amp0200-freq1200-per240-depth580-mstop30-run1.csv,9373/170,1.2,1.199763536453247,0.2,full,below_90_loose,15.563274569992227,15.616505920927445,1.0034203181789167,9.546366788048354,9.54636657514701,2.2301819532915373e-08
/Users/ole/Kodevik/wave_project/wavedata/20260326-ProbePos4_31_FPV_2-tett6roof-under9Mooring-height100-lowrange/fullpanel-fullwind-amp0200-freq1200-per240-depth580-mstop30-run1.csv,12400/250,1.2,1.1997919082641602,0.2,full,below_90_loose,13.014137960643568,13.062664705378426,1.0037287713471004,0.42513730555915724,0.4251377592299694,-1.0671148405193165e-06
/Users/ole/Kodevik/wave_project/wavedata/20260326-ProbePos4_31_FPV_2-tett6roof-under9Mooring-height100-lowrange/fullpanel-nowind-amp0100-freq1300-per240-depth580-mstop30-run1.csv,9373/170,1.3,1.3006107807159424,0.1,no,below_90_loose,7.502912576075266,7.502912576075266,1.0,0.09779772641003202,0.09779772641003202,0.0
/Users/ole/Kodevik/wave_project/wavedata/20260326-ProbePos4_31_FPV_2-tett6roof-under9Mooring-height100-lowrange/fullpanel-nowind-amp0100-freq1300-per240-depth580-mstop30-run1.csv,12400/250,1.3,1.3008877038955688,0.1,no,below_90_loose,5.396599117806361,5.396599117806361,1.0,0.041993011278482505,0.041993011278482505,0.0
/Users/ole/Kodevik/wave_project/wavedata/20260326-ProbePos4_31_FPV_2-tett6roof-under9Mooring-height100-lowrange/fullpanel-fullwind-amp0100-freq1500-per240-depth580-mstop30-run1.csv,9373/170,1.5,1.5040106773376465,0.1,full,below_90_loose,7.313040646060403,7.313040646060403,1.0,4.271475668338492,4.271475668338492,0.0
/Users/ole/Kodevik/wave_project/wavedata/20260326-ProbePos4_31_FPV_2-tett6roof-under9Mooring-height100-lowrange/fullpanel-fullwind-amp0100-freq1500-per240-depth580-mstop30-run1.csv,12400/250,1.5,1.4985895156860352,0.1,full,below_90_loose,5.6733729190153435,5.6733729190153435,1.0,0.11559527327606701,0.11559527327606701,0.0
/Users/ole/Kodevik/wave_project/wavedata/20260326-ProbePos4_31_FPV_2-tett6roof-under9Mooring-height100-lowrange/fullpanel-nowind-amp0100-freq1300-per240-depth580-mstop30-run2.csv,9373/170,1.3,1.3006107807159424,0.1,no,below_90_loose,7.530747706459429,7.530747706459429,1.0,0.07215172789376345,0.07215172789376345,0.0
/Users/ole/Kodevik/wave_project/wavedata/20260326-ProbePos4_31_FPV_2-tett6roof-under9Mooring-height100-lowrange/fullpanel-nowind-amp0100-freq1300-per240-depth580-mstop30-run2.csv,12400/250,1.3,1.301285982131958,0.1,no,below_90_loose,5.2432126353560315,5.2432126353560315,1.0,0.036655390528710856,0.036655390528710856,0.0
/Users/ole/Kodevik/wave_project/wavedata/20260326-ProbePos4_31_FPV_2-tett6roof-under9Mooring-height100-lowrange/fullpanel-fullwind-amp0100-freq0700-per40-depth580-mstop30-run1.csv,9373/170,0.7,0.6963788270950317,0.1,full,below_90_loose,5.218855432360134,5.257136347804178,1.0073351170462932,15.698751340025003,15.698751365645451,-1.632005462640921e-09
/Users/ole/Kodevik/wave_project/wavedata/20260326-ProbePos4_31_FPV_2-tett6roof-under9Mooring-height100-lowrange/fullpanel-fullwind-amp0100-freq0700-per40-depth580-mstop30-run1.csv,12400/250,0.7,0.699343204498291,0.1,full,below_90_loose,5.734956844822208,5.743235358706673,1.001443518078421,0.025971892016927633,0.02597188890677801,1.1975061325405017e-07
/Users/ole/Kodevik/wave_project/wavedata/20260326-ProbePos4_31_FPV_2-tett6roof-under9Mooring-height100-lowrange/fullpanel-fullwind-amp0100-freq1000-per40-depth580-mstop30-run1.csv,9373/170,1.0,1.0031402111053467,0.1,full,below_90_loose,7.040623087024712,7.071673342642631,1.0044101573446167,13.378253465130332,13.378254888038349,-1.063597628463767e-07
/Users/ole/Kodevik/wave_project/wavedata/20260326-ProbePos4_31_FPV_2-tett6roof-under9Mooring-height100-lowrange/fullpanel-fullwind-amp0100-freq1000-per40-depth580-mstop30-run1.csv,12400/250,1.0,0.9994785189628601,0.1,full,below_90_loose,6.381333439109509,6.383015664592657,1.0002636166091616,0.04080695963727983,0.040806859434199684,2.455545012167157e-06
/Users/ole/Kodevik/wave_project/wavedata/20260326-ProbePos4_31_FPV_2-tett6roof-under9Mooring-height100-lowrange/fullpanel-fullwind-amp0200-freq1700-per240-depth580-mstop30-run1.csv,9373/170,1.7,1.6997071504592896,0.2,full,below_90_loose,15.71131303434635,15.922597475039582,1.0134479174484874,5.28036753338637,5.280298920801046,1.2994072182778331e-05
/Users/ole/Kodevik/wave_project/wavedata/20260326-ProbePos4_31_FPV_2-tett6roof-under9Mooring-height100-lowrange/fullpanel-fullwind-amp0200-freq1700-per240-depth580-mstop30-run1.csv,12400/250,1.7,1.6981639862060547,0.2,full,below_90_loose,9.701445345810725,10.309999848291588,1.0627282307727115,0.6070733622064064,0.6071297905738574,-9.2942840768323e-05
/Users/ole/Kodevik/wave_project/wavedata/20260326-ProbePos4_31_FPV_2-tett6roof-under9Mooring-height100-lowrange/fullpanel-fullwind-amp0300-freq1600-per240-depth580-mstop330-run1.csv,9373/170,1.6,1.5955325365066528,0.3,full,below_90_loose,24.129087675082353,24.129087675082353,1.0,6.240433922421652,6.240433922421652,0.0
/Users/ole/Kodevik/wave_project/wavedata/20260326-ProbePos4_31_FPV_2-tett6roof-under9Mooring-height100-lowrange/fullpanel-fullwind-amp0300-freq1600-per240-depth580-mstop330-run1.csv,12400/250,1.6,1.5923566818237305,0.3,full,below_90_loose,16.89187673163365,16.89187673163365,1.0,1.548053796078471,1.548053796078471,0.0
/Users/ole/Kodevik/wave_project/wavedata/20260326-ProbePos4_31_FPV_2-tett6roof-under9Mooring-height100-lowrange/fullpanel-fullwind-amp0100-freq1300-per240-depth580-mstop330-run1.csv,9373/170,1.3,1.2981393337249756,0.1,full,below_90_loose,7.408703748971091,7.408703748971091,1.0,7.3599295589250655,7.3599295589250655,0.0
/Users/ole/Kodevik/wave_project/wavedata/20260326-ProbePos4_31_FPV_2-tett6roof-under9Mooring-height100-lowrange/fullpanel-fullwind-amp0100-freq1300-per240-depth580-mstop330-run1.csv,12400/250,1.3,1.2985029220581055,0.1,full,below_90_loose,6.191118909376719,6.191118909376719,1.0,0.0835826525002126,0.0835826525002126,0.0
/Users/ole/Kodevik/wave_project/wavedata/20260326-ProbePos4_31_FPV_2-tett6roof-under9Mooring-height100-lowrange/fullpanel-fullwind-amp0300-freq1300-per240-depth580-mstop30-run1.csv,9373/170,1.3,1.2992637157440186,0.3,full,below_90_loose,21.754316973685704,21.754316973685704,1.0,7.481460565094581,7.481460565094581,0.0
/Users/ole/Kodevik/wave_project/wavedata/20260326-ProbePos4_31_FPV_2-tett6roof-under9Mooring-height100-lowrange/fullpanel-fullwind-amp0300-freq1300-per240-depth580-mstop30-run1.csv,12400/250,1.3,1.2957316637039185,0.3,full,below_90_loose,18.789476307036466,18.789476307036466,1.0,0.8185063276478557,0.8185063276478557,0.0
/Users/ole/Kodevik/wave_project/wavedata/20260326-ProbePos4_31_FPV_2-tett6roof-under9Mooring-height100-lowrange/fullpanel-fullwind-amp0100-freq1200-per40-depth580-mstop30-run2.csv,9373/170,1.2,1.204440712928772,0.1,full,below_90_loose,7.533617505717255,7.533617505717255,1.0,12.449742457534633,12.449742457534633,0.0
/Users/ole/Kodevik/wave_project/wavedata/20260326-ProbePos4_31_FPV_2-tett6roof-under9Mooring-height100-lowrange/fullpanel-fullwind-amp0100-freq1200-per40-depth580-mstop30-run2.csv,12400/250,1.2,1.200166940689087,0.1,full,below_90_loose,6.0119744911224915,6.0119744911224915,1.0,0.1086366782785068,0.1086366782785068,0.0
/Users/ole/Kodevik/wave_project/wavedata/20260326-ProbePos4_31_FPV_2-tett6roof-under9Mooring-height100-lowrange/fullpanel-fullwind-amp0200-freq0800-per240-depth580-mstop30-run1.csv,9373/170,0.8,0.8003721833229065,0.2,full,below_90_loose,11.647337218503598,11.806670620905692,1.013679813627184,14.304524679140409,14.304524588595106,6.329836566763117e-09
/Users/ole/Kodevik/wave_project/wavedata/20260326-ProbePos4_31_FPV_2-tett6roof-under9Mooring-height100-lowrange/fullpanel-fullwind-amp0200-freq0800-per240-depth580-mstop30-run1.csv,12400/250,0.8,0.8000063300132751,0.2,full,below_90_loose,12.32595734165196,12.329699773271468,1.0003036219837351,0.08983648177906207,0.08983648774461753,-6.640459352508893e-08
/Users/ole/Kodevik/wave_project/wavedata/20260326-ProbePos4_31_FPV_2-tett6roof-under9Mooring-height100-lowrange/fullpanel-fullwind-amp0300-freq1500-per240-depth580-mstop30-run1.csv,9373/170,1.5,1.4935280084609985,0.3,full,below_90_loose,24.64120499864967,24.64120499864967,1.0,10.31316916958265,10.31316916958265,0.0
/Users/ole/Kodevik/wave_project/wavedata/20260326-ProbePos4_31_FPV_2-tett6roof-under9Mooring-height100-lowrange/fullpanel-fullwind-amp0300-freq1500-per240-depth580-mstop30-run1.csv,12400/250,1.5,1.4897578954696655,0.3,full,below_90_loose,17.246508773919384,17.246508773919384,1.0,0.5131291674322376,0.5131291674322376,0.0
/Users/ole/Kodevik/wave_project/wavedata/20260326-ProbePos4_31_FPV_2-tett6roof-under9Mooring-height100-lowrange/fullpanel-fullwind-amp0200-freq1100-per240-depth580-mstop30-run1.csv,9373/170,1.1,1.1003425121307373,0.2,full,below_90_loose,14.280470249150152,14.42514146889007,1.0101307041866165,9.950594507445393,9.95059436717195,1.4096991341743753e-08
/Users/ole/Kodevik/wave_project/wavedata/20260326-ProbePos4_31_FPV_2-tett6roof-under9Mooring-height100-lowrange/fullpanel-fullwind-amp0200-freq1100-per240-depth580-mstop30-run1.csv,12400/250,1.1,1.099698781967163,0.2,full,below_90_loose,13.564823083373442,13.58652053716537,1.0015995382806373,0.19298285952996852,0.19298276411515872,4.944214072205557e-07
/Users/ole/Kodevik/wave_project/wavedata/20260326-ProbePos4_31_FPV_2-tett6roof-under9Mooring-height100-lowrange/fullpanel-fullwind-amp0100-freq1200-per40-depth580-mstop30-run1.csv,9373/170,1.2,1.2031805515289307,0.1,full,below_90_loose,7.4194237432679015,7.4194237432679015,1.0,12.787727304079626,12.787727304079626,0.0
/Users/ole/Kodevik/wave_project/wavedata/20260326-ProbePos4_31_FPV_2-tett6roof-under9Mooring-height100-lowrange/fullpanel-fullwind-amp0100-freq1200-per40-depth580-mstop30-run1.csv,12400/250,1.2,1.1991658210754395,0.1,full,below_90_loose,6.281793190461219,6.281793190461219,1.0,0.04183495342885808,0.04183495342885808,0.0
/Users/ole/Kodevik/wave_project/wavedata/20260326-ProbePos4_31_FPV_2-tett6roof-under9Mooring-height100-lowrange/fullpanel-fullwind-amp0100-freq1600-per240-depth580-mstop30-run1.csv,9373/170,1.6,1.6019222736358643,0.1,full,below_90_loose,7.858893862296607,7.858893862296607,1.0,6.9193429006776626,6.9193429006776626,0.0
/Users/ole/Kodevik/wave_project/wavedata/20260326-ProbePos4_31_FPV_2-tett6roof-under9Mooring-height100-lowrange/fullpanel-fullwind-amp0100-freq1600-per240-depth580-mstop30-run1.csv,12400/250,1.6,1.5968064069747925,0.1,full,below_90_loose,5.102060048421796,5.102060048421796,1.0,0.186597153789704,0.186597153789704,0.0
/Users/ole/Kodevik/wave_project/wavedata/20260326-ProbePos4_31_FPV_2-tett6roof-under9Mooring-height100-lowrange/fullpanel-fullwind-amp0100-freq1100-per40-depth580-mstop30-run1.csv,9373/170,1.1,1.1002678871154785,0.1,full,below_90_loose,7.103916466069547,7.105361282969132,1.0002033831487864,16.457795971003353,16.457796355090032,-2.333767356329119e-08
/Users/ole/Kodevik/wave_project/wavedata/20260326-ProbePos4_31_FPV_2-tett6roof-under9Mooring-height100-lowrange/fullpanel-fullwind-amp0100-freq1100-per40-depth580-mstop30-run1.csv,12400/250,1.1,1.0998469591140747,0.1,full,below_90_loose,6.240023312017781,6.242979840983603,1.0004738009488086,0.10318424272558985,0.10318427224675118,-2.8610136692466434e-07
/Users/ole/Kodevik/wave_project/wavedata/20260326-ProbePos4_31_FPV_2-tett6roof-under9Mooring-height100-lowrange/fullpanel-fullwind-amp0200-freq1600-per240-depth580-mstop30-run1.csv,9373/170,1.6,1.5904572010040283,0.2,full,below_90_loose,17.309260161940088,17.309260161940088,1.0,6.297015196405262,6.297015196405262,0.0
/Users/ole/Kodevik/wave_project/wavedata/20260326-ProbePos4_31_FPV_2-tett6roof-under9Mooring-height100-lowrange/fullpanel-fullwind-amp0200-freq1600-per240-depth580-mstop30-run1.csv,12400/250,1.6,1.5875980854034424,0.2,full,below_90_loose,11.170255266409937,11.170255266409937,1.0,0.6984109169141006,0.6984109169141006,0.0
/Users/ole/Kodevik/wave_project/wavedata/20260326-ProbePos4_31_FPV_2-tett6roof-under9Mooring-height100-lowrange/fullpanel-fullwind-amp0200-freq0900-per240-depth580-mstop30-run1.csv,9373/170,0.9,0.8994877934455872,0.2,full,below_90_loose,12.364303940351546,12.59619166440375,1.018754612080946,13.842825508707376,13.842825519968372,-8.13489679201878e-10
/Users/ole/Kodevik/wave_project/wavedata/20260326-ProbePos4_31_FPV_2-tett6roof-under9Mooring-height100-lowrange/fullpanel-fullwind-amp0200-freq0900-per240-depth580-mstop30-run1.csv,12400/250,0.9,0.8998386263847351,0.2,full,below_90_loose,12.0221777330725,12.03667983472135,1.00120627909276,0.12801926715963696,0.1280192548329529,9.62877348290602e-08
/Users/ole/Kodevik/wave_project/wavedata/20260326-ProbePos4_31_FPV_2-tett6roof-under9Mooring-height100-lowrange/fullpanel-fullwind-amp0100-freq1300-per40-depth580-mstop30-run2.csv,9373/170,1.3,1.299435019493103,0.1,full,below_90_loose,7.185868151149957,7.185868151149957,1.0,8.391024285557533,8.391024285557533,0.0
/Users/ole/Kodevik/wave_project/wavedata/20260326-ProbePos4_31_FPV_2-tett6roof-under9Mooring-height100-lowrange/fullpanel-fullwind-amp0100-freq1300-per40-depth580-mstop30-run2.csv,12400/250,1.3,1.2961268424987793,0.1,full,below_90_loose,6.462914671843099,6.462914671843099,1.0,0.05194205016279769,0.05194205016279769,0.0
/Users/ole/Kodevik/wave_project/wavedata/20260326-ProbePos4_31_FPV_2-tett6roof-under9Mooring-height100-lowrange/fullpanel-fullwind-amp0300-freq1400-per240-depth580-mstop30-run1.csv,9373/170,1.4,1.3966480493545532,0.3,full,below_90_loose,23.35525621810829,23.35525621810829,1.0,9.175946446337695,9.175946446337695,0.0
/Users/ole/Kodevik/wave_project/wavedata/20260326-ProbePos4_31_FPV_2-tett6roof-under9Mooring-height100-lowrange/fullpanel-fullwind-amp0300-freq1400-per240-depth580-mstop30-run1.csv,12400/250,1.4,1.3927576541900635,0.3,full,below_90_loose,18.027745313558214,18.027745313558214,1.0,1.4909261192455028,1.4909261192455028,0.0
/Users/ole/Kodevik/wave_project/wavedata/20260326-ProbePos4_31_FPV_2-tett6roof-under9Mooring-height100-lowrange/fullpanel-fullwind-amp0200-freq1000-per240-depth580-mstop30-run1.csv,9373/170,1.0,0.9996651411056519,0.2,full,below_90_loose,13.964674280206557,14.079067281072964,1.0081915982121077,12.522578387176301,12.522577149230742,9.885709184645528e-08
/Users/ole/Kodevik/wave_project/wavedata/20260326-ProbePos4_31_FPV_2-tett6roof-under9Mooring-height100-lowrange/fullpanel-fullwind-amp0200-freq1000-per240-depth580-mstop30-run1.csv,12400/250,1.0,0.9999212026596069,0.2,full,below_90_loose,13.174849244356562,13.185774675994384,1.0008292642621701,0.1596248847242738,0.15962487801535744,4.202926542720822e-08
/Users/ole/Kodevik/wave_project/wavedata/20260327-ProbePos4_31_FPV_2-tett6roof-under9Mooring30-height100-lowrange/fullpanel-fullwind-amp0100-freq1500-per40-depth580-mstop30-run1.csv,9373/170,1.5,1.4615135192871094,0.1,full,below_90_loose,5.750497998607684,5.750497998607684,1.0,6.071777242613656,6.071777242613656,0.0
/Users/ole/Kodevik/wave_project/wavedata/20260327-ProbePos4_31_FPV_2-tett6roof-under9Mooring30-height100-lowrange/fullpanel-fullwind-amp0100-freq1500-per40-depth580-mstop30-run1.csv,12400/250,1.5,1.5007061958312988,0.1,full,below_90_loose,5.064841188644862,5.064841188644862,1.0,0.0921857260545562,0.0921857260545562,0.0
/Users/ole/Kodevik/wave_project/wavedata/20260327-ProbePos4_31_FPV_2-tett6roof-under9Mooring30-height100-lowrange/fullpanel-fullwind-amp0300-freq1700-per40-depth580-mstop30-run1.csv,9373/170,1.7,1.737160086631775,0.3,full,below_90_loose,15.949126041270256,15.949126041270256,1.0,13.918439775272148,13.918439775272148,0.0
/Users/ole/Kodevik/wave_project/wavedata/20260327-ProbePos4_31_FPV_2-tett6roof-under9Mooring30-height100-lowrange/fullpanel-fullwind-amp0300-freq1700-per40-depth580-mstop30-run1.csv,12400/250,1.7,1.6840171813964844,0.3,full,below_90_loose,15.475241710881054,15.475241710881054,1.0,4.325113124556228,4.325113124556228,0.0
/Users/ole/Kodevik/wave_project/wavedata/20260327-ProbePos4_31_FPV_2-tett6roof-under9Mooring30-height100-lowrange/fullpanel-nowind-amp0200-freq1300-per240-depth580-mstop30-run1.csv,9373/170,1.3,1.299545168876648,0.2,no,below_90_loose,14.933491474561002,14.933491474561002,1.0,0.514551219331856,0.514551219331856,0.0
/Users/ole/Kodevik/wave_project/wavedata/20260327-ProbePos4_31_FPV_2-tett6roof-under9Mooring30-height100-lowrange/fullpanel-nowind-amp0200-freq1300-per240-depth580-mstop30-run1.csv,12400/250,1.3,1.3008877038955688,0.2,no,below_90_loose,11.859431155274986,11.859431155274986,1.0,0.05427052960805552,0.05427052960805552,0.0
/Users/ole/Kodevik/wave_project/wavedata/20260327-ProbePos4_31_FPV_2-tett6roof-under9Mooring30-height100-lowrange/fullpanel-fullwind-amp0200-freq1600-per40-depth580-mstop30-run1.csv,9373/170,1.6,1.5961692333221436,0.2,full,below_90_loose,16.316875434834163,16.316875434834163,1.0,5.642515791798298,5.642515791798298,0.0
/Users/ole/Kodevik/wave_project/wavedata/20260327-ProbePos4_31_FPV_2-tett6roof-under9Mooring30-height100-lowrange/fullpanel-fullwind-amp0200-freq1600-per40-depth580-mstop30-run1.csv,12400/250,1.6,1.595345377922058,0.2,full,below_90_loose,10.56451597373827,10.56451597373827,1.0,0.6966636556148812,0.6966636556148812,0.0
/Users/ole/Kodevik/wave_project/wavedata/20260327-ProbePos4_31_FPV_2-tett6roof-under9Mooring30-height100-lowrange/fullpanel-nowind-amp0100-freq1400-per240-depth580-mstop30-run1.csv,9373/170,1.4,1.3985083103179932,0.1,no,below_90_loose,7.823270388258483,7.823270388258483,1.0,0.0911535554342813,0.0911535554342813,0.0
/Users/ole/Kodevik/wave_project/wavedata/20260327-ProbePos4_31_FPV_2-tett6roof-under9Mooring30-height100-lowrange/fullpanel-nowind-amp0100-freq1400-per240-depth580-mstop30-run1.csv,12400/250,1.4,1.400791049003601,0.1,no,below_90_loose,4.095324175022395,4.095324175022395,1.0,0.015900648628136598,0.015900648628136598,0.0
/Users/ole/Kodevik/wave_project/wavedata/20260327-ProbePos4_31_FPV_2-tett6roof-under9Mooring30-height100-lowrange/fullpanel-fullwind-amp0200-freq1500-per240-depth580-mstop30-run1.csv,9373/170,1.5,1.5,0.2,full,below_90_loose,17.195504989708322,17.195504989708322,1.0,4.787818343877161,4.787818343877161,0.0
/Users/ole/Kodevik/wave_project/wavedata/20260327-ProbePos4_31_FPV_2-tett6roof-under9Mooring30-height100-lowrange/fullpanel-fullwind-amp0200-freq1500-per240-depth580-mstop30-run1.csv,12400/250,1.5,1.4933239221572876,0.2,full,below_90_loose,10.973727009592265,10.973727009592265,1.0,0.3018017773038752,0.3018017773038752,0.0
/Users/ole/Kodevik/wave_project/wavedata/20260327-ProbePos4_31_FPV_2-tett6roof-under9Mooring30-height100-lowrange/fullpanel-nowind-amp0200-freq1600-per40-depth580-mstop30-run1.csv,9373/170,1.6,1.5993602275848389,0.2,no,below_90_loose,14.572054067850305,14.572054067850305,1.0,1.3798389723063622,1.3798389723063622,0.0
/Users/ole/Kodevik/wave_project/wavedata/20260327-ProbePos4_31_FPV_2-tett6roof-under9Mooring30-height100-lowrange/fullpanel-nowind-amp0200-freq1600-per40-depth580-mstop30-run1.csv,12400/250,1.6,1.6019600629806519,0.2,no,below_90_loose,7.04665705559248,7.04665705559248,1.0,0.1848031247286014,0.1848031247286014,0.0
/Users/ole/Kodevik/wave_project/wavedata/20260327-ProbePos4_31_FPV_2-tett6roof-under9Mooring30-height100-lowrange/fullpanel-nowind-amp0200-freq1700-per240-depth580-mstop30-run1-rettetterpå.csv,9373/170,1.7,1.7001649141311646,0.2,no,below_90_loose,13.074283958943077,13.086447315660404,1.0009303267969032,0.9391893520460042,0.9391740805274751,1.626058346980239e-05
/Users/ole/Kodevik/wave_project/wavedata/20260327-ProbePos4_31_FPV_2-tett6roof-under9Mooring30-height100-lowrange/fullpanel-nowind-amp0200-freq1700-per240-depth580-mstop30-run1-rettetterpå.csv,12400/250,1.7,1.699764370918274,0.2,no,below_90_loose,5.222422073834308,5.234004259290421,1.0022177804268526,0.05237975436786253,0.0523803531275887,-1.143099827352988e-05
/Users/ole/Kodevik/wave_project/wavedata/20260327-ProbePos4_31_FPV_2-tett6roof-under9Mooring30-height100-lowrange/fullpanel-nowind-amp0100-freq1500-per40-depth580-mstop30-run1.csv,9373/170,1.5,1.498895525932312,0.1,no,below_90_loose,7.698682156714834,7.698682156714834,1.0,0.32134911788054926,0.32134911788054926,0.0
/Users/ole/Kodevik/wave_project/wavedata/20260327-ProbePos4_31_FPV_2-tett6roof-under9Mooring30-height100-lowrange/fullpanel-nowind-amp0100-freq1500-per40-depth580-mstop30-run1.csv,12400/250,1.5,1.5001765489578247,0.1,no,below_90_loose,3.66724818736561,3.66724818736561,1.0,0.024262951866536004,0.024262951866536004,0.0
/Users/ole/Kodevik/wave_project/wavedata/20260327-ProbePos4_31_FPV_2-tett6roof-under9Mooring30-height100-lowrange/fullpanel-fullwind-amp0300-freq1500-per40-depth580-mstop30-run2.csv,9373/170,1.5,1.493032455444336,0.3,full,below_90_loose,24.533594636452857,24.533594636452857,1.0,3.4679869193647996,3.4679869193647996,0.0
/Users/ole/Kodevik/wave_project/wavedata/20260327-ProbePos4_31_FPV_2-tett6roof-under9Mooring30-height100-lowrange/fullpanel-fullwind-amp0300-freq1500-per40-depth580-mstop30-run2.csv,12400/250,1.5,1.492537260055542,0.3,full,below_90_loose,17.631921902132852,17.631921902132852,1.0,0.7781642348549114,0.7781642348549114,0.0
/Users/ole/Kodevik/wave_project/wavedata/20260327-ProbePos4_31_FPV_2-tett6roof-under9Mooring30-height100-lowrange/fullpanel-fullwind-amp0200-freq1300-per240-depth580-mstop30-run1.csv,9373/170,1.3,1.2975778579711914,0.2,full,below_90_loose,15.34600782646176,15.34600782646176,1.0,7.5463661928457135,7.5463661928457135,0.0
/Users/ole/Kodevik/wave_project/wavedata/20260327-ProbePos4_31_FPV_2-tett6roof-under9Mooring30-height100-lowrange/fullpanel-fullwind-amp0200-freq1300-per240-depth580-mstop30-run1.csv,12400/250,1.3,1.2969179153442383,0.2,full,below_90_loose,12.514304528396435,12.514304528396435,1.0,0.3376723186351077,0.3376723186351077,0.0
/Users/ole/Kodevik/wave_project/wavedata/20260327-ProbePos4_31_FPV_2-tett6roof-under9Mooring30-height100-lowrange/fullpanel-nowind-amp0200-freq1400-per40-depth580-mstop30-run1.csv,9373/170,1.4,1.3996267318725586,0.2,no,below_90_loose,15.066265137967823,15.066265137967823,1.0,0.4166653775730067,0.4166653775730067,0.0
/Users/ole/Kodevik/wave_project/wavedata/20260327-ProbePos4_31_FPV_2-tett6roof-under9Mooring30-height100-lowrange/fullpanel-nowind-amp0200-freq1400-per40-depth580-mstop30-run1.csv,12400/250,1.4,1.3994072675704956,0.2,no,below_90_loose,10.585370313298048,10.585370313298048,1.0,0.1308922523245044,0.1308922523245044,0.0
/Users/ole/Kodevik/wave_project/wavedata/20260327-ProbePos4_31_FPV_2-tett6roof-under9Mooring30-height100-lowrange/fullpanel-fullwind-amp0200-freq0800-per40-depth580-mstop30-run1.csv,9373/170,0.8,0.8175743222236633,0.2,full,below_90_loose,7.461921531187733,10.767707586433158,1.4430207475954566,16.933404864061313,16.93340575053139,-5.235037115812178e-08
/Users/ole/Kodevik/wave_project/wavedata/20260327-ProbePos4_31_FPV_2-tett6roof-under9Mooring30-height100-lowrange/fullpanel-fullwind-amp0200-freq0800-per40-depth580-mstop30-run1.csv,12400/250,0.8,0.8001669645309448,0.2,full,below_90_loose,11.71117800543723,11.714080984937722,1.0002478810841355,0.06716697711590135,0.06716696554298156,1.7230076862327848e-07
/Users/ole/Kodevik/wave_project/wavedata/20260327-ProbePos4_31_FPV_2-tett6roof-under9Mooring30-height100-lowrange/fullpanel-nowind-amp0300-freq1500-per40-depth580-mstop30-run1.csv,9373/170,1.5,1.4955134391784668,0.3,no,below_90_loose,21.167028302364532,21.167028302364532,1.0,4.246854798337273,4.246854798337273,0.0
/Users/ole/Kodevik/wave_project/wavedata/20260327-ProbePos4_31_FPV_2-tett6roof-under9Mooring30-height100-lowrange/fullpanel-nowind-amp0300-freq1500-per40-depth580-mstop30-run1.csv,12400/250,1.5,1.4985895156860352,0.3,no,below_90_loose,13.199201510649013,13.199201510649013,1.0,0.20098632377816442,0.20098632377816442,0.0
/Users/ole/Kodevik/wave_project/wavedata/20260327-ProbePos4_31_FPV_2-tett6roof-under9Mooring30-height100-lowrange/fullpanel-fullwind-amp0200-freq1400-per40-depth580-mstop30-run1.csv,9373/170,1.4,1.398135781288147,0.2,full,below_90_loose,16.550260241139735,16.550260241139735,1.0,6.0055059817237035,6.0055059817237035,0.0
/Users/ole/Kodevik/wave_project/wavedata/20260327-ProbePos4_31_FPV_2-tett6roof-under9Mooring30-height100-lowrange/fullpanel-fullwind-amp0200-freq1400-per40-depth580-mstop30-run1.csv,12400/250,1.4,1.3934426307678223,0.2,full,below_90_loose,11.645116718708104,11.645116718708104,1.0,0.5782406621265241,0.5782406621265241,0.0
/Users/ole/Kodevik/wave_project/wavedata/20260327-ProbePos4_31_FPV_2-tett6roof-under9Mooring30-height100-lowrange/fullpanel-fullwind-amp0100-freq1400-per240-depth580-mstop30-run1.csv,9373/170,1.4,1.402618169784546,0.1,full,below_90_loose,7.812463662177309,7.812463662177309,1.0,4.327468144550803,4.327468144550803,0.0
/Users/ole/Kodevik/wave_project/wavedata/20260327-ProbePos4_31_FPV_2-tett6roof-under9Mooring30-height100-lowrange/fullpanel-fullwind-amp0100-freq1400-per240-depth580-mstop30-run1.csv,12400/250,1.4,1.3966480493545532,0.1,full,below_90_loose,5.379764424734119,5.379764424734119,1.0,0.0500828365618189,0.0500828365618189,0.0
/Users/ole/Kodevik/wave_project/wavedata/20260327-ProbePos4_31_FPV_2-tett6roof-under9Mooring30-height100-lowrange/fullpanel-nowind-amp0200-freq1500-per240-depth580-mstop30-run1.csv,9373/170,1.5,1.4995001554489136,0.2,no,below_90_loose,15.235501870418407,15.235501870418407,1.0,1.5572293066114724,1.5572293066114724,0.0
/Users/ole/Kodevik/wave_project/wavedata/20260327-ProbePos4_31_FPV_2-tett6roof-under9Mooring30-height100-lowrange/fullpanel-nowind-amp0200-freq1500-per240-depth580-mstop30-run1.csv,12400/250,1.5,1.4991182088851929,0.2,no,below_90_loose,9.03597922602556,9.03597922602556,1.0,0.06996864076013787,0.06996864076013787,0.0
/Users/ole/Kodevik/wave_project/wavedata/20260327-ProbePos4_31_FPV_2-tett6roof-under9Mooring30-height100-lowrange/fullpanel-fullwind-amp0300-freq1500-per40-depth580-mstop30-run1.csv,9373/170,1.5,1.4990006685256958,0.3,full,below_90_loose,24.246735747997622,24.246735747997622,1.0,4.307117377065022,4.307117377065022,0.0
/Users/ole/Kodevik/wave_project/wavedata/20260327-ProbePos4_31_FPV_2-tett6roof-under9Mooring30-height100-lowrange/fullpanel-fullwind-amp0300-freq1500-per40-depth580-mstop30-run1.csv,12400/250,1.5,1.4958863258361816,0.3,full,below_90_loose,17.285416128030654,17.285416128030654,1.0,0.7761814554864795,0.7761814554864795,0.0
/Users/ole/Kodevik/wave_project/wavedata/20260327-ProbePos4_31_FPV_2-tett6roof-under9Mooring30-height100-lowrange/fullpanel-fullwind-amp0100-freq1400-per40-depth580-mstop30-run1.csv,9373/170,1.4,1.3936820030212402,0.1,full,below_90_loose,7.905496247290705,7.905496247290705,1.0,14.059973565719442,14.059973565719442,0.0
/Users/ole/Kodevik/wave_project/wavedata/20260327-ProbePos4_31_FPV_2-tett6roof-under9Mooring30-height100-lowrange/fullpanel-fullwind-amp0100-freq1400-per40-depth580-mstop30-run1.csv,12400/250,1.4,1.397566556930542,0.1,full,below_90_loose,5.784874321525072,5.784874321525072,1.0,0.10752939567246726,0.10752939567246726,0.0
/Users/ole/Kodevik/wave_project/wavedata/20260327-ProbePos4_31_FPV_2-tett6roof-under9Mooring30-height100-lowrange/fullpanel-fullwind-amp0100-freq1300-per40-depth580-mstop330-run2.csv,9373/170,1.3,1.2982614040374756,0.1,full,below_90_loose,7.475825029639897,7.475825029639897,1.0,13.926047291337163,13.926047291337163,0.0
/Users/ole/Kodevik/wave_project/wavedata/20260327-ProbePos4_31_FPV_2-tett6roof-under9Mooring30-height100-lowrange/fullpanel-fullwind-amp0100-freq1300-per40-depth580-mstop330-run2.csv,12400/250,1.3,1.2977099418640137,0.1,full,below_90_loose,5.916519153621219,5.916519153621219,1.0,0.040625307130383745,0.040625307130383745,0.0
/Users/ole/Kodevik/wave_project/wavedata/20260327-ProbePos4_31_FPV_2-tett6roof-under9Mooring30-height100-lowrange/fullpanel-nowind-amp0300-freq1600-per40-depth580-mstop30-run3.csv,9373/170,1.6,1.5955325365066528,0.3,no,below_90_loose,21.572535446530768,21.572535446530768,1.0,4.4972871401457875,4.4972871401457875,0.0
/Users/ole/Kodevik/wave_project/wavedata/20260327-ProbePos4_31_FPV_2-tett6roof-under9Mooring30-height100-lowrange/fullpanel-nowind-amp0300-freq1600-per40-depth580-mstop30-run3.csv,12400/250,1.6,1.6001505851745605,0.3,no,below_90_loose,10.812151656720866,10.812151656720866,1.0,0.20813427565687426,0.20813427565687426,0.0
/Users/ole/Kodevik/wave_project/wavedata/20260327-ProbePos4_31_FPV_2-tett6roof-under9Mooring30-height100-lowrange/fullpanel-fullwind-amp0100-freq1300-per240-depth580-mstop30-run1.csv,9373/170,1.3,1.325088381767273,0.1,full,below_90_loose,5.275703323402051,5.275703323402051,1.0,10.542322229134477,10.542322229134477,0.0
/Users/ole/Kodevik/wave_project/wavedata/20260327-ProbePos4_31_FPV_2-tett6roof-under9Mooring30-height100-lowrange/fullpanel-fullwind-amp0100-freq1300-per240-depth580-mstop30-run1.csv,12400/250,1.3,1.3004895448684692,0.1,full,below_90_loose,5.694131350780152,5.694131350780152,1.0,0.0378929686950795,0.0378929686950795,0.0
/Users/ole/Kodevik/wave_project/wavedata/20260327-ProbePos4_31_FPV_2-tett6roof-under9Mooring30-height100-lowrange/fullpanel-fullwind-amp0300-freq1600-per40-depth580-mstop30-run1.csv,9373/170,1.6,1.5942606925964355,0.3,full,below_90_loose,25.46707240879653,25.46707240879653,1.0,3.236504635740933,3.236504635740933,0.0
/Users/ole/Kodevik/wave_project/wavedata/20260327-ProbePos4_31_FPV_2-tett6roof-under9Mooring30-height100-lowrange/fullpanel-fullwind-amp0300-freq1600-per40-depth580-mstop30-run1.csv,12400/250,1.6,1.5911643505096436,0.3,full,below_90_loose,16.064896746277523,16.064896746277523,1.0,2.1276743862350784,2.1276743862350784,0.0
/Users/ole/Kodevik/wave_project/wavedata/20260327-ProbePos4_31_FPV_2-tett6roof-under9Mooring30-height100-lowrange/fullpanel-nowind-amp0100-freq1500-per240-depth580-mstop30-run1.csv,9373/170,1.5,1.498895525932312,0.1,no,below_90_loose,8.011543376062818,8.011543376062818,1.0,0.48207079744834785,0.48207079744834785,0.0
/Users/ole/Kodevik/wave_project/wavedata/20260327-ProbePos4_31_FPV_2-tett6roof-under9Mooring30-height100-lowrange/fullpanel-nowind-amp0100-freq1500-per240-depth580-mstop30-run1.csv,12400/250,1.5,1.5017668008804321,0.1,no,below_90_loose,3.515505076914751,3.515505076914751,1.0,0.023886954755305678,0.023886954755305678,0.0
/Users/ole/Kodevik/wave_project/wavedata/20260327-ProbePos4_31_FPV_2-tett6roof-under9Mooring30-height100-lowrange/fullpanel-fullwind-amp0200-freq1400-per240-depth580-mstop30-run1.csv,9373/170,1.4,1.4003734588623047,0.2,full,below_90_loose,15.921084216328694,15.921084216328694,1.0,4.16726461627116,4.16726461627116,0.0
/Users/ole/Kodevik/wave_project/wavedata/20260327-ProbePos4_31_FPV_2-tett6roof-under9Mooring30-height100-lowrange/fullpanel-fullwind-amp0200-freq1400-per240-depth580-mstop30-run1.csv,12400/250,1.4,1.400791049003601,0.2,full,below_90_loose,11.58491579119231,11.58491579119231,1.0,0.5056771479396343,0.5056771479396343,0.0
/Users/ole/Kodevik/wave_project/wavedata/20260327-ProbePos4_31_FPV_2-tett6roof-under9Mooring30-height100-lowrange/fullpanel-nowind-amp0100-freq1300-per240-depth580-mstop30-run4.csv,9373/170,1.3,1.3014938831329346,0.1,no,below_90_loose,7.635938858201428,7.635938858201428,1.0,0.09004307662548748,0.09004307662548748,0.0
/Users/ole/Kodevik/wave_project/wavedata/20260327-ProbePos4_31_FPV_2-tett6roof-under9Mooring30-height100-lowrange/fullpanel-nowind-amp0100-freq1300-per240-depth580-mstop30-run4.csv,12400/250,1.3,1.2996941804885864,0.1,no,below_90_loose,4.902931042543174,4.902931042543174,1.0,0.014456808705455378,0.014456808705455378,0.0
/Users/ole/Kodevik/wave_project/wavedata/20260327-ProbePos4_31_FPV_2-tett6roof-under9Mooring30-height100-lowrange/fullpanel-nowind-amp0100-freq1400-per40-depth580-mstop30-run1.csv,9373/170,1.4,1.3992537260055542,0.1,no,below_90_loose,7.963982129660945,7.963982129660945,1.0,0.08750455625173527,0.08750455625173527,0.0
/Users/ole/Kodevik/wave_project/wavedata/20260327-ProbePos4_31_FPV_2-tett6roof-under9Mooring30-height100-lowrange/fullpanel-nowind-amp0100-freq1400-per40-depth580-mstop30-run1.csv,12400/250,1.4,1.4003294706344604,0.1,no,below_90_loose,4.531592638124348,4.531592638124348,1.0,0.013565404423342512,0.013565404423342512,0.0
/Users/ole/Kodevik/wave_project/wavedata/20260327-ProbePos4_31_FPV_2-tett6roof-under9Mooring30-height100-lowrange/fullpanel-fullwind-amp0300-freq1600-per40-depth580-mstop30-run2.csv,9373/170,1.6,1.5869656801223755,0.3,full,below_90_loose,24.48950629516931,24.48950629516931,1.0,3.9235340926732527,3.9235340926732527,0.0
/Users/ole/Kodevik/wave_project/wavedata/20260327-ProbePos4_31_FPV_2-tett6roof-under9Mooring30-height100-lowrange/fullpanel-fullwind-amp0300-freq1600-per40-depth580-mstop30-run2.csv,12400/250,1.6,1.5899738073349,0.3,full,below_90_loose,16.531779883970476,16.531779883970476,1.0,1.5750385218866552,1.5750385218866552,0.0
/Users/ole/Kodevik/wave_project/wavedata/20260327-ProbePos4_31_FPV_2-tett6roof-under9Mooring30-height100-lowrange/fullpanel-fullwind-amp0300-freq1600-per240-depth580-mstop30-run1.csv,9373/170,1.6,1.5904572010040283,0.3,full,below_90_loose,24.13810524830562,24.13810524830562,1.0,2.6682989005152686,2.6682989005152686,0.0
/Users/ole/Kodevik/wave_project/wavedata/20260327-ProbePos4_31_FPV_2-tett6roof-under9Mooring30-height100-lowrange/fullpanel-fullwind-amp0300-freq1600-per240-depth580-mstop30-run1.csv,12400/250,1.6,1.588191270828247,0.3,full,below_90_loose,15.873137896585417,15.873137896585417,1.0,1.6199111594280655,1.6199111594280655,0.0
/Users/ole/Kodevik/wave_project/wavedata/20260327-ProbePos4_31_FPV_2-tett6roof-under9Mooring30-height100-lowrange/fullpanel-fullwind-amp0300-freq1400-per40-depth580-mstop30-run2.csv,9373/170,1.4,1.3959053754806519,0.3,full,below_90_loose,24.631701466657624,24.631701466657624,1.0,10.559833974478686,10.559833974478686,0.0
/Users/ole/Kodevik/wave_project/wavedata/20260327-ProbePos4_31_FPV_2-tett6roof-under9Mooring30-height100-lowrange/fullpanel-fullwind-amp0300-freq1400-per40-depth580-mstop30-run2.csv,12400/250,1.4,1.39130437374115,0.3,full,below_90_loose,18.198847474148092,18.198847474148092,1.0,1.096010715784406,1.096010715784406,0.0
/Users/ole/Kodevik/wave_project/wavedata/20260327-ProbePos4_31_FPV_2-tett6roof-under9Mooring30-height100-lowrange/fullpanel-nowind-amp0100-freq1600-per40-depth580-mstop30-run1.csv,9373/170,1.6,1.600000023841858,0.1,no,below_90_loose,7.064899365448299,7.064899365448299,1.0,0.11836890655607478,0.11836890655607478,0.0
/Users/ole/Kodevik/wave_project/wavedata/20260327-ProbePos4_31_FPV_2-tett6roof-under9Mooring30-height100-lowrange/fullpanel-nowind-amp0100-freq1600-per40-depth580-mstop30-run1.csv,12400/250,1.6,1.6019600629806519,0.1,no,below_90_loose,2.7201723835045297,2.7201723835045297,1.0,0.018038665847206137,0.018038665847206137,0.0
/Users/ole/Kodevik/wave_project/wavedata/20260327-ProbePos4_31_FPV_2-tett6roof-under9Mooring30-height100-lowrange/fullpanel-nowind-amp0300-freq1600-per40-depth580-mstop30-run4.csv,9373/170,1.6,1.5968064069747925,0.3,no,below_90_loose,21.45719636052405,21.45719636052405,1.0,5.169141454323027,5.169141454323027,0.0
/Users/ole/Kodevik/wave_project/wavedata/20260327-ProbePos4_31_FPV_2-tett6roof-under9Mooring30-height100-lowrange/fullpanel-nowind-amp0300-freq1600-per40-depth580-mstop30-run4.csv,12400/250,1.6,1.6001505851745605,0.3,no,below_90_loose,10.964283627424631,10.964283627424631,1.0,0.26742861108407884,0.26742861108407884,0.0
/Users/ole/Kodevik/wave_project/wavedata/20260327-ProbePos4_31_FPV_2-tett6roof-under9Mooring30-height100-lowrange/fullpanel-fullwind-amp0200-freq0900-per40-depth580-mstop30-run1.csv,9373/170,0.9,0.9019607901573181,0.2,full,below_90_loose,12.766460928602449,12.82035358538402,1.004221424957392,15.936002564676707,15.936003420815986,-5.372358777633553e-08
/Users/ole/Kodevik/wave_project/wavedata/20260327-ProbePos4_31_FPV_2-tett6roof-under9Mooring30-height100-lowrange/fullpanel-fullwind-amp0200-freq0900-per40-depth580-mstop30-run1.csv,12400/250,0.9,0.8997027277946472,0.2,full,below_90_loose,12.39965309681472,12.399968236135471,1.0000254151723673,0.10462043074702207,0.10462044280730894,-1.1527658020538772e-07
/Users/ole/Kodevik/wave_project/wavedata/20260327-ProbePos4_31_FPV_2-tett6roof-under9Mooring30-height100-lowrange/fullpanel-nowind-amp0100-freq1300-per240-depth580-mstop30-run1.csv,9373/170,1.3,1.3011993169784546,0.1,no,below_90_loose,7.458552137738963,7.458552137738963,1.0,0.11355060793008458,0.11355060793008458,0.0
/Users/ole/Kodevik/wave_project/wavedata/20260327-ProbePos4_31_FPV_2-tett6roof-under9Mooring30-height100-lowrange/fullpanel-nowind-amp0100-freq1300-per240-depth580-mstop30-run1.csv,12400/250,1.3,1.3000917434692383,0.1,no,below_90_loose,5.316770353417259,5.316770353417259,1.0,0.030279535438936273,0.030279535438936273,0.0
/Users/ole/Kodevik/wave_project/wavedata/20260327-ProbePos4_31_FPV_2-tett6roof-under9Mooring30-height100-lowrange/fullpanel-nowind-amp0200-freq1500-per40-depth580-mstop30-run1.csv,9373/170,1.5,1.4990006685256958,0.2,no,below_90_loose,15.189248214029261,15.189248214029261,1.0,1.218395320161213,1.218395320161213,0.0
/Users/ole/Kodevik/wave_project/wavedata/20260327-ProbePos4_31_FPV_2-tett6roof-under9Mooring30-height100-lowrange/fullpanel-nowind-amp0200-freq1500-per40-depth580-mstop30-run1.csv,12400/250,1.5,1.5001765489578247,0.2,no,below_90_loose,8.840478206053776,8.840478206053776,1.0,0.04377909779237888,0.04377909779237888,0.0
/Users/ole/Kodevik/wave_project/wavedata/20260327-ProbePos4_31_FPV_2-tett6roof-under9Mooring30-height100-lowrange/fullpanel-fullwind-amp0100-freq1500-per240-depth580-mstop30-run1.csv,9373/170,1.5,1.5010006427764893,0.1,full,below_90_loose,9.200166409520989,9.200166409520989,1.0,6.560832611190263,6.560832611190263,0.0
/Users/ole/Kodevik/wave_project/wavedata/20260327-ProbePos4_31_FPV_2-tett6roof-under9Mooring30-height100-lowrange/fullpanel-fullwind-amp0100-freq1500-per240-depth580-mstop30-run1.csv,12400/250,1.5,1.5001765489578247,0.1,full,below_90_loose,5.644449580886405,5.644449580886405,1.0,0.04618938057032341,0.04618938057032341,0.0
/Users/ole/Kodevik/wave_project/wavedata/20260327-ProbePos4_31_FPV_2-tett6roof-under9Mooring30-height100-lowrange/fullpanel-fullwind-amp0300-freq1400-per40-depth580-mstop30-run1.csv,9373/170,1.4,1.396276593208313,0.3,full,below_90_loose,23.45376756334518,23.45376756334518,1.0,8.37515312937439,8.37515312937439,0.0
/Users/ole/Kodevik/wave_project/wavedata/20260327-ProbePos4_31_FPV_2-tett6roof-under9Mooring30-height100-lowrange/fullpanel-fullwind-amp0300-freq1400-per40-depth580-mstop30-run1.csv,12400/250,1.4,1.3927576541900635,0.3,full,below_90_loose,18.243670767053402,18.243670767053402,1.0,0.8471321633035188,0.8471321633035188,0.0
/Users/ole/Kodevik/wave_project/wavedata/20260327-ProbePos4_31_FPV_2-tett6roof-under9Mooring30-height100-lowrange/fullpanel-nowind-amp0100-freq1300-per240-depth580-mstop330-run3.csv,9373/170,1.3,1.3014938831329346,0.1,no,below_90_loose,7.4676733272698215,7.4676733272698215,1.0,0.11691158536215726,0.11691158536215726,0.0
/Users/ole/Kodevik/wave_project/wavedata/20260327-ProbePos4_31_FPV_2-tett6roof-under9Mooring30-height100-lowrange/fullpanel-nowind-amp0100-freq1300-per240-depth580-mstop330-run3.csv,12400/250,1.3,1.2996941804885864,0.1,no,below_90_loose,5.319672014460684,5.319672014460684,1.0,0.018937291628353344,0.018937291628353344,0.0
/Users/ole/Kodevik/wave_project/wavedata/20260327-ProbePos4_31_FPV_2-tett6roof-under9Mooring30-height100-lowrange/fullpanel-nowind-amp0200-freq1400-per240-depth580-mstop30-run1.csv,9373/170,1.4,1.398135781288147,0.2,no,below_90_loose,15.234663188922353,15.234663188922353,1.0,0.38253747616499106,0.38253747616499106,0.0
/Users/ole/Kodevik/wave_project/wavedata/20260327-ProbePos4_31_FPV_2-tett6roof-under9Mooring30-height100-lowrange/fullpanel-nowind-amp0200-freq1400-per240-depth580-mstop30-run1.csv,12400/250,1.4,1.4003294706344604,0.2,no,below_90_loose,10.685120114777037,10.685120114777037,1.0,0.1731553479402231,0.1731553479402231,0.0
/Users/ole/Kodevik/wave_project/wavedata/20260327-ProbePos4_31_FPV_2-tett6roof-under9Mooring30-height100-lowrange/fullpanel-fullwind-amp0200-freq1500-per40-depth580-mstop30-run1.csv,9373/170,1.5,1.4970059394836426,0.2,full,below_90_loose,17.079657959111156,17.079657959111156,1.0,3.134612170713626,3.134612170713626,0.0
/Users/ole/Kodevik/wave_project/wavedata/20260327-ProbePos4_31_FPV_2-tett6roof-under9Mooring30-height100-lowrange/fullpanel-fullwind-amp0200-freq1500-per40-depth580-mstop30-run1.csv,12400/250,1.5,1.4922752380371094,0.2,full,below_90_loose,11.352134009683466,11.352134009683466,1.0,0.15306719424359214,0.15306719424359214,0.0
/Users/ole/Kodevik/wave_project/wavedata/20260327-ProbePos4_31_FPV_2-tett6roof-under9Mooring30-height100-lowrange/fullpanel-fullwind-amp0100-freq1600-per40-depth580-mstop30-run1.csv,9373/170,1.6,1.6006402969360352,0.1,full,below_90_loose,8.807606957876587,8.807606957876587,1.0,7.702076572440363,7.702076572440363,0.0
/Users/ole/Kodevik/wave_project/wavedata/20260327-ProbePos4_31_FPV_2-tett6roof-under9Mooring30-height100-lowrange/fullpanel-fullwind-amp0100-freq1600-per40-depth580-mstop30-run1.csv,12400/250,1.6,1.5971438884735107,0.1,full,below_90_loose,4.747169484431764,4.747169484431764,1.0,0.13115546708199857,0.13115546708199857,0.0
/Users/ole/Kodevik/wave_project/wavedata/20260327-ProbePos4_31_FPV_2-tett6roof-under9Mooring30-height100-lowrange/fullpanel-nowind-amp0100-freq1300-per240-depth580-mstop30-run2.csv,9373/170,1.3,1.3009049892425537,0.1,no,below_90_loose,7.41590449379558,7.41590449379558,1.0,0.134482390652335,0.134482390652335,0.0
/Users/ole/Kodevik/wave_project/wavedata/20260327-ProbePos4_31_FPV_2-tett6roof-under9Mooring30-height100-lowrange/fullpanel-nowind-amp0100-freq1300-per240-depth580-mstop30-run2.csv,12400/250,1.3,1.3004895448684692,0.1,no,below_90_loose,5.249744916727854,5.249744916727854,1.0,0.020401353436361496,0.020401353436361496,0.0
/Users/ole/Kodevik/wave_project/wavedata/20260327-ProbePos4_31_FPV_2-tett6roof-under9Mooring30-height100-lowrange/fullpanel-fullwind-amp0200-freq1300-per40-depth580-mstop30-run1.csv,9373/170,1.3,1.299435019493103,0.2,full,below_90_loose,15.371051406473264,15.371051406473264,1.0,8.547939058528407,8.547939058528407,0.0
/Users/ole/Kodevik/wave_project/wavedata/20260327-ProbePos4_31_FPV_2-tett6roof-under9Mooring30-height100-lowrange/fullpanel-fullwind-amp0200-freq1300-per40-depth580-mstop30-run1.csv,12400/250,1.3,1.2969179153442383,0.2,full,below_90_loose,12.251875437655393,12.251875437655393,1.0,0.3324594310576907,0.3324594310576907,0.0
/Users/ole/Kodevik/wave_project/wavedata/20260327-ProbePos4_31_FPV_2-tett6roof-under9Mooring30-height100-lowrange/fullpanel-nowind-amp0300-freq1500-per240-depth580-mstop30-run1.csv,9373/170,1.5,1.4975041151046753,0.3,no,below_90_loose,21.31680909581533,21.31680909581533,1.0,4.9246292451642795,4.9246292451642795,0.0
/Users/ole/Kodevik/wave_project/wavedata/20260327-ProbePos4_31_FPV_2-tett6roof-under9Mooring30-height100-lowrange/fullpanel-nowind-amp0300-freq1500-per240-depth580-mstop30-run1.csv,12400/250,1.5,1.4980612993240356,0.3,no,below_90_loose,13.151550001029722,13.151550001029722,1.0,0.08357021917072908,0.08357021917072908,0.0
/Users/ole/Kodevik/wave_project/wavedata/20260327-ProbePos4_31_FPV_2-tett6roof-under9Mooring30-height100-lowrange/fullpanel-nowind-amp0100-freq1300-per40-depth580-mstop30-run2-rettetterpå.csv,9373/170,1.3,1.3014938831329346,0.1,no,below_90_loose,7.4282211294342035,7.4282211294342035,1.0,0.08632243168896307,0.08632243168896307,0.0
/Users/ole/Kodevik/wave_project/wavedata/20260327-ProbePos4_31_FPV_2-tett6roof-under9Mooring30-height100-lowrange/fullpanel-nowind-amp0100-freq1300-per40-depth580-mstop30-run2-rettetterpå.csv,12400/250,1.3,1.29889976978302,0.1,no,below_90_loose,5.278935627041298,5.278935627041298,1.0,0.017464834336165067,0.017464834336165067,0.0
/Users/ole/Kodevik/wave_project/wavedata/20260327-ProbePos4_31_FPV_2-tett6roof-under9Mooring30-height100-lowrange/fullpanel-fullwind-amp0100-freq1300-per240-depth580-mstop330-run1.csv,9373/170,1.3,1.2729687690734863,0.1,full,below_90_loose,4.5015775187041704,4.5015775187041704,1.0,8.567885415210235,8.567885415210235,0.0
/Users/ole/Kodevik/wave_project/wavedata/20260327-ProbePos4_31_FPV_2-tett6roof-under9Mooring30-height100-lowrange/fullpanel-fullwind-amp0100-freq1300-per240-depth580-mstop330-run1.csv,12400/250,1.3,1.2992968559265137,0.1,full,below_90_loose,5.805116974478723,5.805116974478723,1.0,0.07898742384525247,0.07898742384525247,0.0
/Users/ole/Kodevik/wave_project/wavedata/20260327-ProbePos4_31_FPV_2-tett6roof-under9Mooring30-height100-lowrange/fullpanel-nowind-amp0100-freq1600-per240-depth580-mstop30-run1.csv,9373/170,1.6,1.6006402969360352,0.1,no,below_90_loose,6.990838864749104,6.990838864749104,1.0,0.12634516724852496,0.12634516724852496,0.0
/Users/ole/Kodevik/wave_project/wavedata/20260327-ProbePos4_31_FPV_2-tett6roof-under9Mooring30-height100-lowrange/fullpanel-nowind-amp0100-freq1600-per240-depth580-mstop30-run1.csv,12400/250,1.6,1.6025640964508057,0.1,no,below_90_loose,2.687874739496435,2.687874739496435,1.0,0.01699133753272064,0.01699133753272064,0.0
/Users/ole/Kodevik/wave_project/wavedata/20260327-ProbePos4_31_FPV_2-tett6roof-under9Mooring30-height100-lowrange/fullpanel-nowind-amp0200-freq1300-per40-depth580-mstop30-run1.csv,9373/170,1.3,1.300316572189331,0.2,no,below_90_loose,14.90023221992914,14.90023221992914,1.0,0.5573614776172492,0.5573614776172492,0.0
/Users/ole/Kodevik/wave_project/wavedata/20260327-ProbePos4_31_FPV_2-tett6roof-under9Mooring30-height100-lowrange/fullpanel-nowind-amp0200-freq1300-per40-depth580-mstop30-run1.csv,12400/250,1.3,1.2996941804885864,0.2,no,below_90_loose,11.849676330754678,11.849676330754678,1.0,0.0638727383652139,0.0638727383652139,0.0
/Users/ole/Kodevik/wave_project/wavedata/20260327-ProbePos4_31_FPV_2-tett6roof-under9Mooring30-height100-lowrange/fullpanel-fullwind-amp0300-freq1300-per240-depth580-mstop30-run1.csv,9373/170,1.3,1.294461965560913,0.3,full,below_90_loose,21.913443778661904,21.913443778661904,1.0,8.32892524835912,8.32892524835912,0.0
/Users/ole/Kodevik/wave_project/wavedata/20260327-ProbePos4_31_FPV_2-tett6roof-under9Mooring30-height100-lowrange/fullpanel-fullwind-amp0300-freq1300-per240-depth580-mstop30-run1.csv,12400/250,1.3,1.2965222597122192,0.3,full,below_90_loose,18.60156341970159,18.60156341970159,1.0,1.1609678644916903,1.1609678644916903,0.0
/Users/ole/Kodevik/wave_project/wavedata/20260327-ProbePos4_31_FPV_2-tett6roof-under9Mooring30-height100-lowrange/fullpanel-fullwind-amp0300-freq1500-per240-depth580-mstop30-run1.csv,9373/170,1.5,1.492537260055542,0.3,full,below_90_loose,23.38057258288645,23.38057258288645,1.0,4.953578497574329,4.953578497574329,0.0
/Users/ole/Kodevik/wave_project/wavedata/20260327-ProbePos4_31_FPV_2-tett6roof-under9Mooring30-height100-lowrange/fullpanel-fullwind-amp0300-freq1500-per240-depth580-mstop30-run1.csv,12400/250,1.5,1.491424322128296,0.3,full,below_90_loose,16.78141510906759,16.78141510906759,1.0,0.8910769101568323,0.8910769101568323,0.0
/Users/ole/Kodevik/wave_project/wavedata/20260327-ProbePos4_31_FPV_2-tett6roof-under9Mooring30-height100-lowrange/fullpanel-fullwind-amp0100-freq1600-per240-depth580-mstop30-run1.csv,9373/170,1.6,1.5948963165283203,0.1,full,below_90_loose,9.30951985885283,9.30951985885283,1.0,11.330188199978883,11.330188199978883,0.0
/Users/ole/Kodevik/wave_project/wavedata/20260327-ProbePos4_31_FPV_2-tett6roof-under9Mooring30-height100-lowrange/fullpanel-fullwind-amp0100-freq1600-per240-depth580-mstop30-run1.csv,12400/250,1.6,1.5942606925964355,0.1,full,below_90_loose,5.10490062016032,5.10490062016032,1.0,0.178899235342298,0.178899235342298,0.0
/Users/ole/Kodevik/wave_project/wavedata/20260327-ProbePos4_31_FPV_2-tett6roof-under9Mooring30-height100-lowrange/fullpanel-nowind-amp0300-freq1300-per240-depth580-mstop30-run1.csv,9373/170,1.3,1.2992637157440186,0.3,no,below_90_loose,21.405314512395627,21.405314512395627,1.0,3.044054577837778,3.044054577837778,0.0
/Users/ole/Kodevik/wave_project/wavedata/20260327-ProbePos4_31_FPV_2-tett6roof-under9Mooring30-height100-lowrange/fullpanel-nowind-amp0300-freq1300-per240-depth580-mstop30-run1.csv,12400/250,1.3,1.2992968559265137,0.3,no,below_90_loose,17.81547559579049,17.81547559579049,1.0,0.23892909546192867,0.23892909546192867,0.0
/Users/ole/Kodevik/wave_project/wavedata/20260327-ProbePos4_31_FPV_2-tett6roof-under9Mooring30-height100-lowrange/fullpanel-fullwind-amp0200-freq1100-per40-depth580-mstop30-run1.csv,9373/170,1.1,1.1000573635101318,0.2,full,below_90_loose,14.144831463881063,14.151080675450043,1.0004418017694263,9.261913248947906,9.261914158839716,-9.824014715453554e-08
/Users/ole/Kodevik/wave_project/wavedata/20260327-ProbePos4_31_FPV_2-tett6roof-under9Mooring30-height100-lowrange/fullpanel-fullwind-amp0200-freq1100-per40-depth580-mstop30-run1.csv,12400/250,1.1,1.0985862016677856,0.2,full,below_90_loose,13.25231366202301,13.259685048548294,1.0005562339311669,0.20639868497525468,0.20639867363968148,5.4920765731804644e-08
/Users/ole/Kodevik/wave_project/wavedata/20260327-ProbePos4_31_FPV_2-tett6roof-under9Mooring30-height100-lowrange/fullpanel-fullwind-amp0300-freq1300-per40-depth580-mstop30-run1.csv,9373/170,1.3,1.2956286668777466,0.3,full,below_90_loose,22.02526102146667,22.02526102146667,1.0,11.543449984210037,11.543449984210037,0.0
/Users/ole/Kodevik/wave_project/wavedata/20260327-ProbePos4_31_FPV_2-tett6roof-under9Mooring30-height100-lowrange/fullpanel-fullwind-amp0300-freq1300-per40-depth580-mstop30-run1.csv,12400/250,1.3,1.2977099418640137,0.3,full,below_90_loose,18.580850004717263,18.580850004717263,1.0,1.5116544950045157,1.5116544950045157,0.0
/Users/ole/Kodevik/wave_project/wavedata/20260327-ProbePos4_31_FPV_2-tett6roof-under9Mooring30-height100-lowrange/fullpanel-nowind-amp0300-freq1400-per240-depth580-mstop30-run1.csv,9373/170,1.4,1.3992537260055542,0.3,no,below_90_loose,22.092881768456586,22.092881768456586,1.0,2.7389720982416836,2.7389720982416836,0.0
/Users/ole/Kodevik/wave_project/wavedata/20260327-ProbePos4_31_FPV_2-tett6roof-under9Mooring30-height100-lowrange/fullpanel-nowind-amp0300-freq1400-per240-depth580-mstop30-run1.csv,12400/250,1.4,1.3994072675704956,0.3,no,below_90_loose,15.381579147747015,15.381579147747015,1.0,0.4016255908959263,0.4016255908959263,0.0
/Users/ole/Kodevik/wave_project/wavedata/20260327-ProbePos4_31_FPV_2-tett6roof-under9Mooring30-height100-lowrange/fullpanel-fullwind-amp0200-freq1200-per40-depth580-mstop30-run1.csv,9373/170,1.2,1.1969192028045654,0.2,full,below_90_loose,15.281649150445995,15.281649150445995,1.0,6.654821051786312,6.654821051786312,0.0
/Users/ole/Kodevik/wave_project/wavedata/20260327-ProbePos4_31_FPV_2-tett6roof-under9Mooring30-height100-lowrange/fullpanel-fullwind-amp0200-freq1200-per40-depth580-mstop30-run1.csv,12400/250,1.2,1.1986658573150635,0.2,full,below_90_loose,13.168688757672705,13.168688757672705,1.0,0.3645214032752857,0.3645214032752857,0.0
/Users/ole/Kodevik/wave_project/wavedata/20260327-ProbePos4_31_FPV_2-tett6roof-under9Mooring30-height100-lowrange/fullpanel-fullwind-amp0300-freq1300-per40-depth580-mstop30-run2.csv,9373/170,1.3,1.2985546588897705,0.3,full,below_90_loose,22.66488185311839,22.66488185311839,1.0,9.648370838656575,9.648370838656575,0.0
/Users/ole/Kodevik/wave_project/wavedata/20260327-ProbePos4_31_FPV_2-tett6roof-under9Mooring30-height100-lowrange/fullpanel-fullwind-amp0300-freq1300-per40-depth580-mstop30-run2.csv,12400/250,1.3,1.2945476770401,0.3,full,below_90_loose,18.314513706596358,18.314513706596358,1.0,1.2606405271648509,1.2606405271648509,0.0
/Users/ole/Kodevik/wave_project/wavedata/20260327-ProbePos4_31_FPV_2-tett6roof-under9Mooring30-height100-lowrange/fullpanel-fullwind-amp0200-freq1600-per240-depth580-mstop30-run1.csv,9373/170,1.6,1.5961692333221436,0.2,full,below_90_loose,17.62769180153364,17.62769180153364,1.0,6.667871810513952,6.667871810513952,0.0
/Users/ole/Kodevik/wave_project/wavedata/20260327-ProbePos4_31_FPV_2-tett6roof-under9Mooring30-height100-lowrange/fullpanel-fullwind-amp0200-freq1600-per240-depth580-mstop30-run1.csv,12400/250,1.6,1.5911643505096436,0.2,full,below_90_loose,10.132381574174781,10.132381574174781,1.0,0.6708835152381918,0.6708835152381918,0.0
/Users/ole/Kodevik/wave_project/wavedata/20260327-ProbePos4_31_FPV_2-tett6roof-under9Mooring30-height100-lowrange/fullpanel-nowind-amp0300-freq1300-per40-depth580-mstop30-run1.csv,9373/170,1.3,1.3000226020812988,0.3,no,below_90_loose,21.52056710507639,21.52056710507639,1.0,2.43196000107118,2.43196000107118,0.0
/Users/ole/Kodevik/wave_project/wavedata/20260327-ProbePos4_31_FPV_2-tett6roof-under9Mooring30-height100-lowrange/fullpanel-nowind-amp0300-freq1300-per40-depth580-mstop30-run1.csv,12400/250,1.3,1.29889976978302,0.3,no,below_90_loose,17.591383520236125,17.591383520236125,1.0,0.46302330187867996,0.46302330187867996,0.0
/Users/ole/Kodevik/wave_project/wavedata/20260327-ProbePos4_31_FPV_2-tett6roof-under9Mooring30-height100-lowrange/fullpanel-fullwind-amp0100-freq1300-per40-depth580-mstop30-run2.csv,9373/170,1.3,1.2729687690734863,0.1,full,below_90_loose,4.575711236479547,4.575711236479547,1.0,13.640473764034653,13.640473764034653,0.0
/Users/ole/Kodevik/wave_project/wavedata/20260327-ProbePos4_31_FPV_2-tett6roof-under9Mooring30-height100-lowrange/fullpanel-fullwind-amp0100-freq1300-per40-depth580-mstop30-run2.csv,12400/250,1.3,1.29889976978302,0.1,full,below_90_loose,5.690115605495957,5.690115605495957,1.0,0.04425627274242422,0.04425627274242422,0.0
/Users/ole/Kodevik/wave_project/wavedata/20260327-ProbePos4_31_FPV_2-tett6roof-under9Mooring30-height100-lowrange/fullpanel-fullwind-amp0300-freq1400-per240-depth580-mstop30-run1.csv,9373/170,1.4,1.3951634168624878,0.3,full,below_90_loose,22.72449036352501,22.72449036352501,1.0,6.560440923934519,6.560440923934519,0.0
/Users/ole/Kodevik/wave_project/wavedata/20260327-ProbePos4_31_FPV_2-tett6roof-under9Mooring30-height100-lowrange/fullpanel-fullwind-amp0300-freq1400-per240-depth580-mstop30-run1.csv,12400/250,1.4,1.395673394203186,0.3,full,below_90_loose,17.304321017857394,17.304321017857394,1.0,1.1424302533377155,1.1424302533377155,0.0
/Users/ole/Kodevik/wave_project/wavedata/20260327-ProbePos4_31_FPV_2-tett6roof-under9Mooring30-height100-lowrange/fullpanel-fullwind-amp0100-freq1300-per40-depth580-mstop30-run3.csv,9373/170,1.3,1.299435019493103,0.1,full,below_90_loose,7.362609112312125,7.362609112312125,1.0,8.244555328866948,8.244555328866948,0.0
/Users/ole/Kodevik/wave_project/wavedata/20260327-ProbePos4_31_FPV_2-tett6roof-under9Mooring30-height100-lowrange/fullpanel-fullwind-amp0100-freq1300-per40-depth580-mstop30-run3.csv,12400/250,1.3,1.2977099418640137,0.1,full,below_90_loose,5.714262603279527,5.714262603279527,1.0,0.20960750418899035,0.20960750418899035,0.0
/Users/ole/Kodevik/wave_project/wavedata/20260327-ProbePos4_31_FPV_2-tett6roof-under9Mooring30-height100-lowrange/fullpanel-nowind-amp0100-freq1300-per40-depth580-mstop30-run1.csv,9373/170,1.3,1.3011993169784546,0.1,no,below_90_loose,7.577869516136635,7.577869516136635,1.0,0.1695829961623195,0.1695829961623195,0.0
/Users/ole/Kodevik/wave_project/wavedata/20260327-ProbePos4_31_FPV_2-tett6roof-under9Mooring30-height100-lowrange/fullpanel-nowind-amp0100-freq1300-per40-depth580-mstop30-run1.csv,12400/250,1.3,1.3000917434692383,0.1,no,below_90_loose,5.318633060835268,5.318633060835268,1.0,0.014682983882450134,0.014682983882450134,0.0
/Users/ole/Kodevik/wave_project/wavedata/20260327-ProbePos4_31_FPV_2-tett6roof-under9Mooring30-height100-lowrange/fullpanel-nowind-amp0100-freq1300-per40-depth580-mstop30-run3.csv,9373/170,1.3,1.3011993169784546,0.1,no,below_90_loose,7.3913862060791535,7.3913862060791535,1.0,0.11812359774969135,0.11812359774969135,0.0
/Users/ole/Kodevik/wave_project/wavedata/20260327-ProbePos4_31_FPV_2-tett6roof-under9Mooring30-height100-lowrange/fullpanel-nowind-amp0100-freq1300-per40-depth580-mstop30-run3.csv,12400/250,1.3,1.2996941804885864,0.1,no,below_90_loose,5.3456935859008095,5.3456935859008095,1.0,0.02017866432053048,0.02017866432053048,0.0
/Users/ole/Kodevik/wave_project/wavedata/20260327-ProbePos4_31_FPV_2-tett6roof-under9Mooring30-height100-lowrange/fullpanel-nowind-amp0200-freq1600-per240-depth580-mstop30-run1.csv,9373/170,1.6,1.600000023841858,0.2,no,below_90_loose,14.96137466841052,14.96137466841052,1.0,1.0927139804350043,1.0927139804350043,0.0
/Users/ole/Kodevik/wave_project/wavedata/20260327-ProbePos4_31_FPV_2-tett6roof-under9Mooring30-height100-lowrange/fullpanel-nowind-amp0200-freq1600-per240-depth580-mstop30-run1.csv,12400/250,1.6,1.6007533073425293,0.2,no,below_90_loose,7.060724329886441,7.060724329886441,1.0,0.1505435090038169,0.1505435090038169,0.0
/Users/ole/Kodevik/wave_project/wavedata/20260327-ProbePos4_31_FPV_2-tett6roof-under9Mooring30-height100-lowrange/fullpanel-fullwind-amp0100-freq1700-per240-depth580-mstop30-run1.csv,9373/170,1.7,1.699936032295227,0.1,full,below_90_loose,9.228476295900363,9.31336985703682,1.0091990875215413,6.375735259202573,6.375716903495537,2.8790028343413604e-06
/Users/ole/Kodevik/wave_project/wavedata/20260327-ProbePos4_31_FPV_2-tett6roof-under9Mooring30-height100-lowrange/fullpanel-fullwind-amp0100-freq1700-per240-depth580-mstop30-run1.csv,12400/250,1.7,1.6994211673736572,0.1,full,below_90_loose,4.31716637946881,4.366937422119584,1.0115286366741552,0.1313687066553843,0.1313682520701577,3.460388788285567e-06
/Users/ole/Kodevik/wave_project/wavedata/20260327-ProbePos4_31_FPV_2-tett6roof-under9Mooring30-height100-lowrange/fullpanel-fullwind-amp0100-freq1300-per40-depth580-mstop30-run1.csv,9373/170,1.3,1.2982614040374756,0.1,full,below_90_loose,7.727605029472891,7.727605029472891,1.0,11.54406288996785,11.54406288996785,0.0
/Users/ole/Kodevik/wave_project/wavedata/20260327-ProbePos4_31_FPV_2-tett6roof-under9Mooring30-height100-lowrange/fullpanel-fullwind-amp0100-freq1300-per40-depth580-mstop30-run1.csv,12400/250,1.3,1.2996941804885864,0.1,full,below_90_loose,5.550603541970577,5.550603541970577,1.0,0.1819241073891111,0.1819241073891111,0.0
/Users/ole/Kodevik/wave_project/wavedata/20260327-ProbePos4_31_FPV_2-tett6roof-under9Mooring30-height100-lowrange/fullpanel-fullwind-amp0200-freq1000-per40-depth580-mstop30-run1.csv,9373/170,1.0,0.9993048310279846,0.2,full,below_90_loose,14.125657368366056,14.132837058584862,1.0005082729979622,11.584650903043945,11.584650440035725,3.9967388105925984e-08
/Users/ole/Kodevik/wave_project/wavedata/20260327-ProbePos4_31_FPV_2-tett6roof-under9Mooring30-height100-lowrange/fullpanel-fullwind-amp0200-freq1000-per40-depth580-mstop30-run1.csv,12400/250,1.0,1.0,0.2,full,below_90_loose,13.464002478523922,13.468468867776075,1.0003317281959268,0.13645809626433025,0.13645740976814297,5.03084580347731e-06
