short_path,file_date,category,Mooring,PanelCondition,WindCondition,WaveFrequencyInput [Hz],WaveAmplitudeInput [Volt],per_train,mstop_sec,run_num,Kt_FFT,Kt_LS,Kt_PSD,Kt_eff,override_fired,quality_flag,cut_in_any,cut_out_any,fft_ls_dis,ws_in_low,any_flag
20260307-ProbPos4_31_FPV_2-tett6roof/fullpanel-fullwind-amp0100-freq1200-per40-depth580-mstop30-run1.csv,2026-03-07,canon_above_loose,above_50,full,full,1.2,0.1,40.0,30.0,1,0.7198197705347283,0.7189385029950238,0.6845969186824504,0.7198197705347283,False,ok,False,False,False,True,True
20260314-ProbePos4_31_FPV_2-tett6roof/fullpanel-fullwind-amp0100-freq1200-per240-depth580-mstop30-run1.csv,2026-03-14,canon_above_loose,above_50,full,full,1.2,0.1,240.0,30.0,1,0.7574955875460619,0.7552047011533576,0.7716694697655399,0.7574955875460619,False,ok,False,False,False,True,True
20260307-ProbPos4_31_FPV_2-tett6roof/fullpanel-nowind-amp0100-freq1200-per40-depth580-mstop30-run1.csv,2026-03-07,canon_above_loose,above_50,full,no,1.2,0.1,40.0,30.0,1,0.7514581089856208,0.7518897505506608,0.747169625823731,0.7514581089856208,False,ok,False,False,False,False,False
20260314-ProbePos4_31_FPV_2-tett6roof/fullpanel-nowind-amp0100-freq1200-per240-depth580-mstop30-run1.csv,2026-03-14,canon_above_loose,above_50,full,no,1.2,0.1,240.0,30.0,1,0.711558598469256,0.7119907681245965,0.7064946154146571,0.711558598469256,False,ok,False,False,False,False,False
20260307-ProbPos4_31_FPV_2-tett6roof/fullpanel-fullwind-amp0200-freq1200-per40-depth580-mstop30-run1.csv,2026-03-07,canon_above_loose,above_50,full,full,1.2,0.2,40.0,30.0,1,0.8071342948530913,0.8032459136344225,0.7891388561618395,0.8071342948530913,False,ok,False,False,False,False,False
20260314-ProbePos4_31_FPV_2-tett6roof/fullpanel-fullwind-amp0200-freq1200-per240-depth580-mstop30-run1.csv,2026-03-14,canon_above_loose,above_50,full,full,1.2,0.2,240.0,30.0,1,0.8148485068221285,0.8124826139870399,0.838119266437762,0.8148485068221285,False,ok,False,False,False,False,False
20260307-ProbPos4_31_FPV_2-tett6roof/fullpanel-nowind-amp0200-freq1200-per40-depth580-mstop30-run1.csv,2026-03-07,canon_above_loose,above_50,full,no,1.2,0.2,40.0,30.0,1,0.7772062305185675,0.7767019787729585,0.7836021784941032,0.7772062305185675,False,ok,False,False,False,False,False
20260313-ProbePos4_31_FPV_2-tett6roof/fullpanel-nowind-amp0200-freq1200-per240-depth580-mstop30-run1.csv,2026-03-13,canon_above_loose,above_50,full,no,1.2,0.2,240.0,30.0,1,0.8462352115715993,0.846033166933509,0.8475489963404081,0.8462352115715993,False,ok,False,False,False,False,False
20260312-ProbPos4_31_FPV_2-tett6roof/fullpanel-fullwind-amp0300-freq1200-per40-depth580-mstop30-run1.csv,2026-03-12,canon_above_loose,above_50,full,full,1.2,0.3,40.0,30.0,1,0.8311168554858407,0.8292345114884625,0.8329598509655848,0.8311168554858407,False,ok,False,False,False,False,False
20260314-ProbePos4_31_FPV_2-tett6roof/fullpanel-fullwind-amp0300-freq1200-per240-depth580-mstop30-run1.csv,2026-03-14,canon_above_loose,above_50,full,full,1.2,0.3,240.0,30.0,1,0.7842467397501062,0.7829260033389321,0.7723989629267055,0.7842467397501062,False,ok,False,False,False,False,False
20260312-ProbPos4_31_FPV_2-tett6roof/fullpanel-nowind-amp0300-freq1200-per40-depth580-mstop30-run1.csv,2026-03-12,canon_above_loose,above_50,full,no,1.2,0.3,40.0,30.0,1,0.8609534382503026,0.858129747495445,0.8539295059242038,0.8609534382503026,False,ok,False,False,False,False,False
20260313-ProbePos4_31_FPV_2-tett6roof/fullpanel-nowind-amp0300-freq1200-per240-depth580-mstop30-run1.csv,2026-03-13,canon_above_loose,above_50,full,no,1.2,0.3,240.0,30.0,1,0.8303790154188613,0.8271532629319723,0.8265034905182326,0.8303790154188613,False,ok,False,False,False,False,False
20260307-ProbPos4_31_FPV_2-tett6roof/fullpanel-fullwind-amp0100-freq1300-per40-depth580-mstop90-run3.csv,2026-03-07,canon_above_loose,above_50,full,full,1.3,0.1,40.0,90.0,3,0.6073517399950877,0.607588853949724,0.6091708727325242,0.6073517399950877,False,ok,False,False,False,False,False
20260307-ProbPos4_31_FPV_2-tett6roof/fullpanel-fullwind-amp0100-freq1300-per40-depth580-mstop30-run2.csv,2026-03-07,canon_above_loose,above_50,full,full,1.3,0.1,40.0,30.0,2,0.6427577003281957,0.6424913882938199,0.6484755000432305,0.6427577003281957,False,ok,False,False,False,True,True
20260307-ProbPos4_31_FPV_2-tett6roof/fullpanel-fullwind-amp0100-freq1300-per40-depth580-mstop30-run1.csv,2026-03-07,canon_above_loose,above_50,full,full,1.3,0.1,40.0,30.0,1,0.6145356423195739,0.6148321168520049,0.6031929890226956,0.6145356423195739,False,ok,False,False,False,True,True
20260314-ProbePos4_31_FPV_2-tett6roof/fullpanel-fullwind-amp0100-freq1300-per240-depth580-mstop30-run1.csv,2026-03-14,canon_above_loose,above_50,full,full,1.3,0.1,240.0,30.0,1,0.6715692192729634,0.6748212544645809,0.6677329354238242,0.6715692192729634,False,ok,False,False,False,False,False
20260307-ProbPos4_31_FPV_2-tett6roof/fullpanel-nowind-amp0100-freq1300-per40-depth580-mstop30-run5.csv,2026-03-07,canon_above_loose,above_50,full,no,1.3,0.1,40.0,30.0,5,0.6546071810677652,0.6550162937718395,0.6702576949338037,0.6546071810677652,False,ok,False,False,False,False,False
20260307-ProbPos4_31_FPV_2-tett6roof/fullpanel-nowind-amp0100-freq1300-per40-depth580-mstop30-run4.csv,2026-03-07,canon_above_loose,above_50,full,no,1.3,0.1,40.0,30.0,4,0.6581795327544605,0.6578396022705396,0.6665998858195282,0.6581795327544605,False,ok,False,False,False,False,False
20260307-ProbPos4_31_FPV_2-tett6roof/fullpanel-nowind-amp0100-freq1300-per40-depth580-mstop30-run1.csv,2026-03-07,canon_above_loose,above_50,full,no,1.3,0.1,40.0,30.0,1,0.6878815142825521,0.6891081699459308,0.6983716104128066,0.6878815142825521,False,ok,False,False,False,False,False
20260307-ProbPos4_31_FPV_2-tett6roof/fullpanel-nowind-amp0100-freq1300-per40-depth580-mstop30-run3.csv,2026-03-07,canon_above_loose,above_50,full,no,1.3,0.1,40.0,30.0,3,0.6291770885872056,0.6298558165171744,0.6376701511229447,0.6291770885872056,False,ok,False,False,False,False,False
20260307-ProbPos4_31_FPV_2-tett6roof/fullpanel-nowind-amp0100-freq1300-per40-depth580-mstop30-run2.csv,2026-03-07,canon_above_loose,above_50,full,no,1.3,0.1,40.0,30.0,2,0.6528809226123108,0.6523526664872877,0.6688435032547798,0.6528809226123108,False,ok,False,False,False,False,False
20260312-ProbPos4_31_FPV_2-tett6roof/fullpanel-nowind-amp0100-freq1300-per40-depth580-mstop30-run1.csv,2026-03-12,canon_above_loose,above_50,full,no,1.3,0.1,40.0,30.0,1,0.568845952275019,0.5690160862974937,0.5705081617343538,0.568845952275019,False,ok,False,False,False,False,False
20260313-ProbePos4_31_FPV_2-tett6roof/fullpanel-nowind-amp0100-freq1300-per240-depth580-mstop30-run1.csv,2026-03-13,canon_above_loose,above_50,full,no,1.3,0.1,240.0,30.0,1,0.5988037776605865,0.5978926125404378,0.6018436026471635,0.5988037776605865,False,ok,False,False,False,False,False
20260313-ProbePos4_31_FPV_2-tett6roof/fullpanel-nowind-amp0100-freq1300-per240-depth580-mstop30-run2.csv,2026-03-13,canon_above_loose,above_50,full,no,1.3,0.1,240.0,30.0,2,0.6275298844368525,0.6265039895851,0.6276437817717706,0.6275298844368525,False,ok,False,False,False,False,False
20260314-ProbePos4_31_FPV_2-tett6roof/fullpanel-nowind-amp0100-freq1300-per240-depth580-mstop30-run1.csv,2026-03-14,canon_above_loose,above_50,full,no,1.3,0.1,240.0,30.0,1,0.5896298030115753,0.5905600514923365,0.5900417021031504,0.5896298030115753,False,ok,False,False,False,False,False
20260307-ProbPos4_31_FPV_2-tett6roof/fullpanel-fullwind-amp0200-freq1300-per40-depth580-mstop90-run1.csv,2026-03-07,canon_above_loose,above_50,full,full,1.3,0.2,40.0,90.0,1,0.7073951790540809,0.7056909552444312,0.6973030127467006,0.7073951790540809,False,ok,False,False,False,False,False
20260314-ProbePos4_31_FPV_2-tett6roof/fullpanel-fullwind-amp0200-freq1300-per240-depth580-mstop30-run1.csv,2026-03-14,canon_above_loose,above_50,full,full,1.3,0.2,240.0,30.0,1,0.7172337891696982,0.7146638019653189,0.711132735775853,0.7172337891696982,False,ok,False,False,False,False,False
20260307-ProbPos4_31_FPV_2-tett6roof/fullpanel-nowind-amp0200-freq1300-per40-depth580-mstop30-run1.csv,2026-03-07,canon_above_loose,above_50,full,no,1.3,0.2,40.0,30.0,1,0.7140653046561283,0.7135235579778905,0.7214527000211145,0.7140653046561283,False,ok,False,False,False,False,False
20260313-ProbePos4_31_FPV_2-tett6roof/fullpanel-nowind-amp0200-freq1300-per240-depth580-mstop30-run1.csv,2026-03-13,canon_above_loose,above_50,full,no,1.3,0.2,240.0,30.0,1,0.7315962660171662,0.731616776438339,0.7401575908468738,0.7315962660171662,False,ok,False,False,False,False,False
20260312-ProbPos4_31_FPV_2-tett6roof/fullpanel-fullwind-amp0300-freq1300-per40-depth580-mstop30-run1.csv,2026-03-12,canon_above_loose,above_50,full,full,1.3,0.3,40.0,30.0,1,0.7285209631350478,0.731213828310638,0.738390359778261,0.7285209631350478,False,ok,False,False,False,False,False
20260312-ProbPos4_31_FPV_2-tett6roof/fullpanel-fullwind-amp0300-freq1300-per40-depth580-mstop30-run2.csv,2026-03-12,canon_above_loose,above_50,full,full,1.3,0.3,40.0,30.0,2,0.7424233267600752,0.742754575781725,0.7426336172850595,0.7424233267600752,False,ok,False,False,False,False,False
20260314-ProbePos4_31_FPV_2-tett6roof/fullpanel-fullwind-amp0300-freq1300-per240-depth580-mstop30-run1.csv,2026-03-14,canon_above_loose,above_50,full,full,1.3,0.3,240.0,30.0,1,0.7049365277822677,0.7059635655139653,0.6983552189468017,0.7049365277822677,False,ok,False,False,False,False,False
20260312-ProbPos4_31_FPV_2-tett6roof/fullpanel-nowind-amp0300-freq1300-per40-depth580-mstop30-run1.csv,2026-03-12,canon_above_loose,above_50,full,no,1.3,0.3,40.0,30.0,1,0.748780568838057,0.7468274202602248,0.7353112435477139,0.748780568838057,False,ok,False,False,False,False,False
20260313-ProbePos4_31_FPV_2-tett6roof/fullpanel-nowind-amp0300-freq1300-per240-depth580-mstop30-run1.csv,2026-03-13,canon_above_loose,above_50,full,no,1.3,0.3,240.0,30.0,1,0.7297133603087697,0.7286678761005319,0.7306358958248934,0.7297133603087697,False,ok,False,False,False,False,False
20260307-ProbPos4_31_FPV_2-tett6roof/fullpanel-fullwind-amp0100-freq1400-per40-depth580-mstop30-run1.csv,2026-03-07,canon_above_loose,above_50,full,full,1.4,0.1,40.0,30.0,1,0.5744261301295107,0.5755590570766262,0.5841135625950654,0.5744261301295107,False,ok,False,False,False,True,True
20260307-ProbPos4_31_FPV_2-tett6roof/fullpanel-fullwind-amp0100-freq1400-per40-depth580-mstop30-run2.csv,2026-03-07,canon_above_loose,above_50,full,full,1.4,0.1,40.0,30.0,2,0.6052173231949297,0.6055968149610867,0.6186086186982499,0.6052173231949297,False,ok,False,False,False,True,True
20260307-ProbPos4_31_FPV_2-tett6roof/fullpanel-nowind-amp0100-freq1400-per40-depth580-mstop30-run1.csv,2026-03-07,canon_above_loose,above_50,full,no,1.4,0.1,40.0,30.0,1,0.5241060812806576,0.5239683984949494,0.5310643598103642,0.5241060812806576,False,ok,False,False,False,False,False
20260313-ProbePos4_31_FPV_2-tett6roof/fullpanel-nowind-amp0100-freq1400-per240-depth580-mstop30-run1.csv,2026-03-13,canon_above_loose,above_50,full,no,1.4,0.1,240.0,30.0,1,0.5541498614982734,0.5530378267968336,0.5746289309880979,0.5541498614982734,False,ok,False,False,False,False,False
20260307-ProbPos4_31_FPV_2-tett6roof/fullpanel-fullwind-amp0200-freq1400-per40-depth580-mstop30-run1.csv,2026-03-07,canon_above_loose,above_50,full,full,1.4,0.2,40.0,30.0,1,0.651219359762826,0.6528864580583759,0.6567219636694386,0.651219359762826,False,ok,False,False,False,False,False
20260314-ProbePos4_31_FPV_2-tett6roof/fullpanel-fullwind-amp0200-freq1400-per240-depth580-mstop30-run1.csv,2026-03-14,canon_above_loose,above_50,full,full,1.4,0.2,240.0,30.0,1,0.5699945051010733,0.5703442549741958,0.5864660935183906,0.5699945051010733,False,ok,False,False,False,False,False
20260307-ProbPos4_31_FPV_2-tett6roof/fullpanel-nowind-amp0200-freq1400-per40-depth580-mstop30-run1.csv,2026-03-07,canon_above_loose,above_50,full,no,1.4,0.2,40.0,30.0,1,0.7009912995816474,0.6992952594260772,0.6951538042086024,0.7009912995816474,False,ok,False,False,False,False,False
20260313-ProbePos4_31_FPV_2-tett6roof/fullpanel-nowind-amp0200-freq1400-per240-depth580-mstop30-run1.csv,2026-03-13,canon_above_loose,above_50,full,no,1.4,0.2,240.0,30.0,1,0.6842529181738576,0.684300026649354,0.6858751389306063,0.6842529181738576,False,ok,False,False,False,False,False
20260312-ProbPos4_31_FPV_2-tett6roof/fullpanel-fullwind-amp0300-freq1400-per40-depth580-mstop30-run1.csv,2026-03-12,canon_above_loose,above_50,full,full,1.4,0.3,40.0,30.0,1,0.7341696666097366,0.7369519259722705,0.7402371013082627,0.7341696666097366,False,ok,False,False,False,False,False
20260314-ProbePos4_31_FPV_2-tett6roof/fullpanel-fullwind-amp0300-freq1400-per240-depth580-mstop30-run1.csv,2026-03-14,canon_above_loose,above_50,full,full,1.4,0.3,240.0,30.0,1,0.7471876999987247,0.7453821711618168,0.7343378180514859,0.7471876999987247,False,ok,False,False,False,False,False
20260312-ProbPos4_31_FPV_2-tett6roof/fullpanel-nowind-amp0300-freq1400-per40-depth580-mstop30-run1.csv,2026-03-12,canon_above_loose,above_50,full,no,1.4,0.3,40.0,30.0,1,0.7048207885014688,0.7034709975844303,0.7199484769438724,0.7048207885014688,False,ok,False,False,False,False,False
20260313-ProbePos4_31_FPV_2-tett6roof/fullpanel-nowind-amp0300-freq1400-per240-depth580-mstop30-run1.csv,2026-03-13,canon_above_loose,above_50,full,no,1.4,0.3,240.0,30.0,1,0.8313928942562069,0.7007552727364581,0.7153210923938266,0.7007552727364581,True,ok,True,False,True,False,True
20260307-ProbPos4_31_FPV_2-tett6roof/fullpanel-fullwind-amp0100-freq1500-per40-depth580-mstop30-run1.csv,2026-03-07,canon_above_loose,above_50,full,full,1.5,0.1,40.0,30.0,1,0.5863376407771078,0.5893195151621045,0.6030739288626343,0.5863376407771078,False,ok,False,False,False,True,True
20260307-ProbPos4_31_FPV_2-tett6roof/fullpanel-nowind-amp0100-freq1500-per40-depth580-mstop30-run1.csv,2026-03-07,canon_above_loose,above_50,full,no,1.5,0.1,40.0,30.0,1,0.38969309580094214,0.38955936947173025,0.40228687888878817,0.38969309580094214,False,ok,False,False,False,False,False
20260313-ProbePos4_31_FPV_2-tett6roof/fullpanel-nowind-amp0100-freq1500-per240-depth580-mstop30-run2.csv,2026-03-13,canon_above_loose,above_50,full,no,1.5,0.1,240.0,30.0,2,0.42144046666334806,0.42104558301455813,0.43239107386225956,0.42144046666334806,False,ok,False,False,False,False,False
20260313-ProbePos4_31_FPV_2-tett6roof/fullpanel-nowind-amp0100-freq1500-per240-depth580-mstop30-run1.csv,2026-03-13,canon_above_loose,above_50,full,no,1.5,0.1,240.0,30.0,1,0.37591206253383597,0.3745399640085643,0.38196501596681576,0.37591206253383597,False,ok,False,False,False,False,False
20260307-ProbPos4_31_FPV_2-tett6roof/fullpanel-fullwind-amp0200-freq1500-per40-depth580-mstop30-run1.csv,2026-03-07,canon_above_loose,above_50,full,full,1.5,0.2,40.0,30.0,1,0.6199375467061196,0.620558984953949,0.6201888532440063,0.6199375467061196,False,ok,False,False,False,False,False
20260314-ProbePos4_31_FPV_2-tett6roof/fullpanel-fullwind-amp0200-freq1500-per240-depth580-mstop30-run1.csv,2026-03-14,canon_above_loose,above_50,full,full,1.5,0.2,240.0,30.0,1,0.5962402769408727,0.5971232125146702,0.6016092218158982,0.5962402769408727,False,ok,False,False,False,False,False
20260307-ProbPos4_31_FPV_2-tett6roof/fullpanel-nowind-amp0200-freq1500-per40-depth580-mstop30-run1.csv,2026-03-07,canon_above_loose,above_50,full,no,1.5,0.2,40.0,30.0,1,0.5738458625672028,0.5730236824136088,0.5788596894336387,0.5738458625672028,False,ok,False,False,False,False,False
20260313-ProbePos4_31_FPV_2-tett6roof/fullpanel-nowind-amp0200-freq1500-per240-depth580-mstop30-run1.csv,2026-03-13,canon_above_loose,above_50,full,no,1.5,0.2,240.0,30.0,1,0.5700862241598296,0.5682495212321583,0.5795282203372284,0.5700862241598296,False,ok,False,False,False,False,False
20260312-ProbPos4_31_FPV_2-tett6roof/fullpanel-fullwind-amp0300-freq1500-per40-depth580-mstop30-run1.csv,2026-03-12,canon_above_loose,above_50,full,full,1.5,0.3,40.0,30.0,1,0.6496449130074287,0.6511319460406204,0.6561629122636454,0.6496449130074287,False,ok,False,False,False,False,False
20260314-ProbePos4_31_FPV_2-tett6roof/fullpanel-fullwind-amp0300-freq1500-per240-depth580-mstop30-run1.csv,2026-03-14,canon_above_loose,above_50,full,full,1.5,0.3,240.0,30.0,1,0.6549899505697124,0.6565579936253911,0.6628796432164007,0.6549899505697124,False,ok,False,False,False,False,False
20260312-ProbPos4_31_FPV_2-tett6roof/fullpanel-nowind-amp0300-freq1500-per40-depth580-mstop30-run1.csv,2026-03-12,canon_above_loose,above_50,full,no,1.5,0.3,40.0,30.0,1,0.5772583289168333,0.575692504085416,0.5694894602847475,0.5772583289168333,False,ok,False,False,False,False,False
20260313-ProbePos4_31_FPV_2-tett6roof/fullpanel-nowind-amp0300-freq1500-per240-depth580-mstop30-run1.csv,2026-03-13,canon_above_loose,above_50,full,no,1.5,0.3,240.0,30.0,1,0.574856664843374,0.5732198174982324,0.5632285225255825,0.574856664843374,False,ok,False,False,False,False,False
20260307-ProbPos4_31_FPV_2-tett6roof/fullpanel-fullwind-amp0100-freq1600-per40-depth580-mstop30-run1.csv,2026-03-07,canon_above_loose,above_50,full,full,1.6,0.1,40.0,30.0,1,0.4817981607319542,0.48343557672297005,0.5135152629248988,0.4817981607319542,False,ok,False,False,False,False,False
20260307-ProbPos4_31_FPV_2-tett6roof/fullpanel-nowind-amp0100-freq1600-per40-depth580-mstop30-run1.csv,2026-03-07,canon_above_loose,above_50,full,no,1.6,0.1,40.0,30.0,1,0.2830289105609512,0.2822966429228425,0.29640475026379476,0.2830289105609512,False,ok,False,False,False,False,False
20260316-ProbePos4_31_FPV_2-tett6roof/fullpanel-nowind-amp0100-freq1600-per240-depth580-mstop30-run1.csv,2026-03-16,canon_above_loose,above_50,full,no,1.6,0.1,240.0,30.0,1,0.2778428999157663,0.2776084194546925,0.26178418447384705,0.2778428999157663,False,ok,False,False,False,False,False
20260307-ProbPos4_31_FPV_2-tett6roof/fullpanel-fullwind-amp0200-freq1600-per40-depth580-mstop30-run1.csv,2026-03-07,canon_above_loose,above_50,full,full,1.6,0.2,40.0,30.0,1,0.541319676475271,0.5391997100262584,0.5419569989101415,0.541319676475271,False,ok,False,False,False,False,False
20260314-ProbePos4_31_FPV_2-tett6roof/fullpanel-fullwind-amp0200-freq1600-per240-depth580-mstop30-run1.csv,2026-03-14,canon_above_loose,above_50,full,full,1.6,0.2,240.0,30.0,1,0.39531005338796604,0.3981551715991172,0.39539377316554924,0.39531005338796604,False,ok,False,False,False,False,False
20260307-ProbPos4_31_FPV_2-tett6roof/fullpanel-nowind-amp0200-freq1600-per40-depth580-mstop30-run1.csv,2026-03-07,canon_above_loose,above_50,full,no,1.6,0.2,40.0,30.0,1,0.4558480816512382,0.4515245119647367,0.4402965063764218,0.4558480816512382,False,ok,False,False,False,False,False
20260313-ProbePos4_31_FPV_2-tett6roof/fullpanel-nowind-amp0200-freq1600-per240-depth580-mstop30-run1.csv,2026-03-13,canon_above_loose,above_50,full,no,1.6,0.2,240.0,30.0,1,0.4506369308412961,0.4504206905224566,0.45128515279951514,0.4506369308412961,False,ok,False,False,False,False,False
20260316-ProbePos4_31_FPV_2-tett6roof/fullpanel-nowind-amp0200-freq1600-per240-depth580-mstop30-run1.csv,2026-03-16,canon_above_loose,above_50,full,no,1.6,0.2,240.0,30.0,1,0.44952941327362,0.4480131095598299,0.46345634032012245,0.44952941327362,False,ok,False,False,False,False,False
20260312-ProbPos4_31_FPV_2-tett6roof/fullpanel-fullwind-amp0300-freq1600-per40-depth580-mstop30-run1.csv,2026-03-12,canon_above_loose,above_50,full,full,1.6,0.3,40.0,30.0,1,0.6895405288297382,0.688895486719076,0.6814489827235586,0.6895405288297382,False,ok,False,False,False,False,False
20260314-ProbePos4_31_FPV_2-tett6roof/fullpanel-fullwind-amp0300-freq1600-per240-depth580-mstop30-run1.csv,2026-03-14,canon_above_loose,above_50,full,full,1.6,0.3,240.0,30.0,1,0.6200209456165643,0.6188634111816943,0.6118631415676765,0.6200209456165643,False,ok,False,False,False,False,False
20260312-ProbPos4_31_FPV_2-tett6roof/fullpanel-nowind-amp0300-freq1600-per40-depth580-mstop30-run1.csv,2026-03-12,canon_above_loose,above_50,full,no,1.6,0.3,40.0,30.0,1,0.4845032301332474,0.48436832755555254,0.4726000543451724,0.4845032301332474,False,ok,False,False,False,False,False
20260313-ProbePos4_31_FPV_2-tett6roof/fullpanel-nowind-amp0300-freq1600-per240-depth580-mstop30-run1.csv,2026-03-13,canon_above_loose,above_50,full,no,1.6,0.3,240.0,30.0,1,0.4765968070673502,0.479843274052454,0.4792384658243892,0.4765968070673502,False,dropout_critical,True,False,False,False,True
20260326-ProbePos4_31_FPV_2-tett6roof-under9Mooring-height100-lowrange/fullpanel-fullwind-amp0100-freq1200-per40-depth580-mstop30-run2.csv,2026-03-26,canon_loose230,below_90_loose230,full,full,1.2,0.1,40.0,30.0,2,0.8185058168293193,0.8181895408446619,0.8077100905076299,0.8185058168293193,False,ok,False,False,False,True,True
20260326-ProbePos4_31_FPV_2-tett6roof-under9Mooring-height100-lowrange/fullpanel-fullwind-amp0100-freq1200-per40-depth580-mstop30-run1.csv,2026-03-26,canon_loose230,below_90_loose230,full,full,1.2,0.1,40.0,30.0,1,0.8322838261213293,0.8320913593401423,0.8379319443753238,0.8322838261213293,False,ok,False,False,False,True,True
20260324-ProbePos4_31_FPV_2-tett6roof-under9Mooring-height100/fullpanel-fullwind-amp0200-freq1200-per40-depth580-run1.csv,2026-03-24,canon_loose230,below_90_loose230,full,full,1.2,0.2,40.0,,1,0.8830022982607936,0.875304898802237,0.8821209872490393,0.8830022982607936,False,ok,False,False,False,False,False
20260326-ProbePos4_31_FPV_2-tett6roof-under9Mooring-height100-lowrange/fullpanel-fullwind-amp0200-freq1200-per240-depth580-mstop30-run1.csv,2026-03-26,canon_loose230,below_90_loose230,full,full,1.2,0.2,240.0,30.0,1,0.8630116798818325,0.8610694333976386,0.8738880639443354,0.8630116798818325,False,ok,False,False,False,False,False
20260324-ProbePos4_31_FPV_2-tett6roof-under9Mooring-height100/fullpanel-nowind-amp0200-freq1200-per40-depth580-run1.csv,2026-03-24,canon_loose230,below_90_loose230,full,no,1.2,0.2,40.0,,1,0.8586049084147915,0.858075748094538,0.857070952645195,0.8586049084147915,False,ok,False,False,False,False,False
20260325-ProbePos4_31_FPV_2-tett6roof-under9Mooring-height100/fullpanel-nowind-amp0200-freq1200-per240-depth580-mstop30-run1.csv,2026-03-25,canon_loose230,below_90_loose230,full,no,1.2,0.2,240.0,30.0,1,0.8316381547959608,0.8311364610329699,0.8330243905822851,0.8316381547959608,False,ok,False,False,False,False,False
20260319-ProbePos4_31_FPV_2-tett6roof-under9Mooring/fullpanel-fullwind-amp0100-freq1300-per240-depth580-mstop30-run1.csv,2026-03-19,canon_loose230,below_90_loose230,full,full,1.3,0.1,240.0,30.0,1,0.7183955647068712,0.7169423024318116,0.7088292195630385,0.7183955647068712,False,ok,False,False,False,True,True
20260323-ProbePos4_31_FPV_2-tett6roof-under9Mooring-height100/fullpanel-fullwind-amp0100-freq1300-per40-depth580-mstop30-run2.csv,2026-03-23,canon_loose230,below_90_loose230,full,full,1.3,0.1,40.0,30.0,2,0.8025946847386164,0.8025892245483099,0.803806228372751,0.8025946847386164,False,ok,False,False,False,True,True
20260323-ProbePos4_31_FPV_2-tett6roof-under9Mooring-height100/fullpanel-fullwind-amp0100-freq1300-per40-depth580-mstop30-run3.csv,2026-03-23,canon_loose230,below_90_loose230,full,full,1.3,0.1,40.0,30.0,3,0.7515078558066105,0.7519220433716548,0.7472299661173648,0.7515078558066105,False,ok,False,False,False,True,True
20260323-ProbePos4_31_FPV_2-tett6roof-under9Mooring-height100/fullpanel-fullwind-amp0100-freq1300-per40-depth580-mstop30-run1.csv,2026-03-23,canon_loose230,below_90_loose230,full,full,1.3,0.1,40.0,30.0,1,0.7429714774969469,0.7373062993940863,0.7371929556336932,0.7429714774969469,False,ok,False,False,False,True,True
20260324-ProbePos4_31_FPV_2-tett6roof-under9Mooring-height100/fullpanel-fullwind-amp0100-freq1300-per40-depth580-run1.csv,2026-03-24,canon_loose230,below_90_loose230,full,full,1.3,0.1,40.0,,1,0.7728303870136604,0.774296578846463,0.7648676307040903,0.7728303870136604,False,ok,False,False,False,True,True
20260326-ProbePos4_31_FPV_2-tett6roof-under9Mooring-height100-lowrange/fullpanel-fullwind-amp0100-freq1300-per240-depth580-mstop30-run1.csv,2026-03-26,canon_loose230,below_90_loose230,full,full,1.3,0.1,240.0,30.0,1,0.8110745142065084,0.8106564467878163,0.7860405188804116,0.8110745142065084,False,ok,False,False,False,True,True
20260326-ProbePos4_31_FPV_2-tett6roof-under9Mooring-height100-lowrange/fullpanel-fullwind-amp0100-freq1300-per40-depth580-mstop330-run1.csv,2026-03-26,canon_loose230,below_90_loose230,full,full,1.3,0.1,40.0,330.0,1,0.8243915453290819,0.8245757318123449,0.8000106461367691,0.8243915453290819,False,ok,False,False,False,False,False
20260326-ProbePos4_31_FPV_2-tett6roof-under9Mooring-height100-lowrange/fullpanel-fullwind-amp0100-freq1300-per240-depth580-mstop330-run1.csv,2026-03-26,canon_loose230,below_90_loose230,full,full,1.3,0.1,240.0,330.0,1,0.8025204609254766,0.8024528294219212,0.7880886146661475,0.8025204609254766,False,ok,False,False,False,True,True
20260326-ProbePos4_31_FPV_2-tett6roof-under9Mooring-height100-lowrange/fullpanel-fullwind-amp0100-freq1300-per40-depth580-mstop30-run2.csv,2026-03-26,canon_loose230,below_90_loose230,full,full,1.3,0.1,40.0,30.0,2,0.8805832794778503,0.8800593076597819,0.8642599564794663,0.8805832794778503,False,ok,False,False,False,False,False
20260316-ProbePos4_31_FPV_2-tett6roof-under9Mooring/fullpanel-nowind-amp0100-freq1300-per40-depth580-mstop30-run1.csv,2026-03-16,canon_loose230,below_90_loose230,full,no,1.3,0.1,40.0,30.0,1,0.6601043833591616,0.6609564807699387,0.6753150787729187,0.6601043833591616,False,ok,False,False,False,False,False
20260319-ProbePos4_31_FPV_2-tett6roof-under9Mooring/fullpanel-nowind-amp0100-freq1300-per240-depth580-mstop30-run1.csv,2026-03-19,canon_loose230,below_90_loose230,full,no,1.3,0.1,240.0,30.0,1,0.6438770769662869,0.6441063806093507,0.6447956526276112,0.6438770769662869,False,ok,False,False,False,False,False
20260319-ProbePos4_31_FPV_2-tett6roof-under9Mooring/fullpanel-nowind-amp0100-freq1300-per240-depth580-mstop30-run2.csv,2026-03-19,canon_loose230,below_90_loose230,full,no,1.3,0.1,240.0,30.0,2,0.6674282515361819,0.6666807862102593,0.661599029220168,0.6674282515361819,False,ok,False,False,False,False,False
20260321-ProbePos4_31_FPV_2-tett6roof-under9Mooring-height100-RENAMED/fullpanel-nowind-amp0100-freq1300-per240-depth580-mstop30-run1.csv,2026-03-21,canon_loose230,below_90_loose230,full,no,1.3,0.1,240.0,30.0,1,0.6373947145422064,0.6359663557714166,0.6276240697097636,0.6373947145422064,False,ok,False,False,False,False,False
20260323-ProbePos4_31_FPV_2-tett6roof-under9Mooring-height100/fullpanel-nowind-amp0100-freq1300-per240-depth580-mstop30-run1.csv,2026-03-23,canon_loose230,below_90_loose230,full,no,1.3,0.1,240.0,30.0,1,0.6199696398673548,0.6200494761193084,0.6207946177786169,0.6199696398673548,False,ok,False,False,False,False,False
20260323-ProbePos4_31_FPV_2-tett6roof-under9Mooring-height100/fullpanel-nowind-amp0100-freq1300-per40-depth580-mstop30-run1.csv,2026-03-23,canon_loose230,below_90_loose230,full,no,1.3,0.1,40.0,30.0,1,0.6739765213972021,0.6747397877261222,0.6628237082105892,0.6739765213972021,False,ok,False,False,False,False,False
20260323-ProbePos4_31_FPV_2-tett6roof-under9Mooring-height100/fullpanel-nowind-amp0100-freq1300-per40-depth580-mstop30-run2.csv,2026-03-23,canon_loose230,below_90_loose230,full,no,1.3,0.1,40.0,30.0,2,0.6319494642431233,0.6318623999733048,0.6318187510473041,0.6319494642431233,False,ok,False,False,False,False,False
20260324-ProbePos4_31_FPV_2-tett6roof-under9Mooring-height100/fullpanel-nowind-amp0100-freq1300-per240-depth580-run2.csv,2026-03-24,canon_loose230,below_90_loose230,full,no,1.3,0.1,240.0,,2,0.7154364735537998,0.7153264004303342,0.7065484708697941,0.7154364735537998,False,ok,False,False,False,False,False
20260324-ProbePos4_31_FPV_2-tett6roof-under9Mooring-height100/fullpanel-nowind-amp0100-freq1300-per40-depth580-run1.csv,2026-03-24,canon_loose230,below_90_loose230,full,no,1.3,0.1,40.0,,1,0.6939324877505586,0.6927693646373952,0.7035212405848801,0.6939324877505586,False,ok,False,False,False,False,False
20260325-ProbePos4_31_FPV_2-tett6roof-under9Mooring-height100/fullpanel-nowind-amp0100-freq1300-per240-depth580-mstop30.csv,2026-03-25,canon_loose230,below_90_loose230,full,no,1.3,0.1,240.0,30.0,,0.6678801843142714,0.6679238740516265,0.6730964534161062,0.6678801843142714,False,ok,False,False,False,False,False
20260325-ProbePos4_31_FPV_2-tett6roof-under9Mooring-height100/fullpanel-nowind-amp0100-freq1300-per240-depth580-mstop30-run1.csv,2026-03-25,canon_loose230,below_90_loose230,full,no,1.3,0.1,240.0,30.0,1,0.6704684066895193,0.671453841488279,0.667032852132028,0.6704684066895193,False,ok,False,False,False,False,False
20260325-ProbePos4_31_FPV_2-tett6roof-under9Mooring-height100/fullpanel-nowind-amp0100-freq1300-per240-depth580-mstop30-run1-FALSEDATE.csv,2026-03-25,canon_loose230,below_90_loose230,full,no,1.3,0.1,240.0,30.0,1,0.6073837788799835,0.6074768352429963,0.6041201478873782,0.6073837788799835,False,ok,False,False,False,False,False
20260325-ProbePos4_31_FPV_2-tett6roof-under9Mooring-height100/fullpanel-nowind-amp0100-freq1300-per40-depth580-mstop30-run2.csv,2026-03-25,canon_loose230,below_90_loose230,full,no,1.3,0.1,40.0,30.0,2,0.6699297036965094,0.6693310957851667,0.6673806913367188,0.6699297036965094,False,ok,False,False,False,False,False
20260326-ProbePos4_31_FPV_2-tett6roof-under9Mooring-height100/fullpanel-nowind-amp0100-freq1300-per240-depth580-mstop30-run1-coldstart.csv,2026-03-26,canon_loose230,below_90_loose230,full,no,1.3,0.1,240.0,30.0,1,0.6291476495872604,0.6292645872632474,0.6396138760391675,0.6291476495872604,False,ok,False,False,False,False,False
20260326-ProbePos4_31_FPV_2-tett6roof-under9Mooring-height100-lowrange/fullpanel-nowind-amp0100-freq1300-per240-depth580-mstop30-run1.csv,2026-03-26,canon_loose230,below_90_loose230,full,no,1.3,0.1,240.0,30.0,1,0.6677066479681504,0.6682699331313673,0.6670160585202091,0.6677066479681504,False,ok,False,False,False,False,False
20260326-ProbePos4_31_FPV_2-tett6roof-under9Mooring-height100-lowrange/fullpanel-nowind-amp0100-freq1300-per240-depth580-mstop30-run2.csv,2026-03-26,canon_loose230,below_90_loose230,full,no,1.3,0.1,240.0,30.0,2,0.6236905205111236,0.6227705513394858,0.6262908283295088,0.6236905205111236,False,ok,False,False,False,False,False
20260323-ProbePos4_31_FPV_2-tett6roof-under9Mooring-height100/fullpanel-fullwind-amp0200-freq1300-per40-depth580-mstop30-run1.csv,2026-03-23,canon_loose230,below_90_loose230,full,full,1.3,0.2,40.0,30.0,1,0.8077051699329109,0.8079608375603418,0.8126242748356991,0.8077051699329109,False,ok,False,False,False,False,False
20260323-ProbePos4_31_FPV_2-tett6roof-under9Mooring-height100/fullpanel-fullwind-amp0200-freq1300-per40-depth580-mstop30-run2.csv,2026-03-23,canon_loose230,below_90_loose230,full,full,1.3,0.2,40.0,30.0,2,0.8482275445735189,0.8466216879702432,0.8525404762538232,0.8482275445735189,False,ok,False,False,False,False,False
20260324-ProbePos4_31_FPV_2-tett6roof-under9Mooring-height100/fullpanel-fullwind-amp0200-freq1300-per40-depth580-run1.csv,2026-03-24,canon_loose230,below_90_loose230,full,full,1.3,0.2,40.0,,1,0.8455893656685789,0.845629307437958,0.8595075837844236,0.8455893656685789,False,ok,False,False,False,False,False
20260326-ProbePos4_31_FPV_2-tett6roof-under9Mooring-height100-lowrange/fullpanel-fullwind-amp0200-freq1300-per240-depth580-mstop30-run1.csv,2026-03-26,canon_loose230,below_90_loose230,full,full,1.3,0.2,240.0,30.0,1,0.8818166188830034,0.8805090740281635,0.8843978210472512,0.8818166188830034,False,ok,False,False,False,False,False
20260321-ProbePos4_31_FPV_2-tett6roof-under9Mooring-height100-RENAMED/fullpanel-nowind-amp0200-freq1300-per240-depth580-mstop30-run1.csv,2026-03-21,canon_loose230,below_90_loose230,full,no,1.3,0.2,240.0,30.0,1,0.7855288821225677,0.7846401640138264,0.79490780716751,0.7855288821225677,False,ok,False,False,False,False,False
20260323-ProbePos4_31_FPV_2-tett6roof-under9Mooring-height100/fullpanel-nowind-amp0200-freq1300-per40-depth580-mstop30-run1.csv,2026-03-23,canon_loose230,below_90_loose230,full,no,1.3,0.2,40.0,30.0,1,0.8038558452463023,0.8021707210432092,0.8127846260921869,0.8038558452463023,False,ok,False,False,False,False,False
20260324-ProbePos4_31_FPV_2-tett6roof-under9Mooring-height100/fullpanel-nowind-amp0200-freq1300-per240-depth580-run1.csv,2026-03-24,canon_loose230,below_90_loose230,full,no,1.3,0.2,240.0,,1,0.8279903113420854,0.8270608162105447,0.8299600875504021,0.8279903113420854,False,ok,False,False,False,False,False
20260325-ProbePos4_31_FPV_2-tett6roof-under9Mooring-height100/fullpanel-nowind-amp0200-freq1300-per240-depth580-mstop30.csv,2026-03-25,canon_loose230,below_90_loose230,full,no,1.3,0.2,240.0,30.0,,0.7981066277275904,0.7973069281974455,0.8029729148329168,0.7981066277275904,False,ok,False,False,False,False,False
20260325-ProbePos4_31_FPV_2-tett6roof-under9Mooring-height100/fullpanel-nowind-amp0200-freq1300-per240-depth580-mstop30-run1.csv,2026-03-25,canon_loose230,below_90_loose230,full,no,1.3,0.2,240.0,30.0,1,0.7846598868801117,0.7826091167009112,0.770886927846104,0.7846598868801117,False,ok,False,False,False,False,False
20260323-ProbePos4_31_FPV_2-tett6roof-under9Mooring-height100/fullpanel-fullwind-amp0300-freq1300-per40-depth580-mstop30-run1.csv,2026-03-23,canon_loose230,below_90_loose230,full,full,1.3,0.3,40.0,30.0,1,0.8193971022527544,0.8205439198436967,0.8244107921965838,0.8193971022527544,False,ok,False,False,False,False,False
20260323-ProbePos4_31_FPV_2-tett6roof-under9Mooring-height136/fullpanel-fullwind-amp0300-freq1300-per40-depth580-mstop30-run1.csv,2026-03-23,canon_loose230,below_90_loose230,full,full,1.3,0.3,40.0,30.0,1,0.7580142774024514,0.7583955786426724,0.7600291827045087,0.7580142774024514,False,dropout_critical,True,False,False,True,True
20260326-ProbePos4_31_FPV_2-tett6roof-under9Mooring-height100-lowrange/fullpanel-fullwind-amp0300-freq1300-per240-depth580-mstop30-run1.csv,2026-03-26,canon_loose230,below_90_loose230,full,full,1.3,0.3,240.0,30.0,1,0.81882531324393,0.8209836651924475,0.834874477425114,0.81882531324393,False,ok,False,False,False,False,False
20260323-ProbePos4_31_FPV_2-tett6roof-under9Mooring-height100/fullpanel-nowind-amp0300-freq1300-per40-depth580-mstop30-run1.csv,2026-03-23,canon_loose230,below_90_loose230,full,no,1.3,0.3,40.0,30.0,1,0.8021695205403911,0.8022648352631384,0.8059001976255561,0.8021695205403911,False,ok,False,False,False,False,False
20260324-ProbePos4_31_FPV_2-tett6roof-under9Mooring-height100/fullpanel-nowind-amp0300-freq1300-per240-depth580-run1.csv,2026-03-24,canon_loose230,below_90_loose230,full,no,1.3,0.3,240.0,,1,0.8054582928878061,0.804889332499352,0.8070588940858384,0.8054582928878061,False,dropout_critical,True,False,False,False,True
20260325-ProbePos4_31_FPV_2-tett6roof-under9Mooring-height100/fullpanel-nowind-amp0300-freq1300-per240-depth580-mstop30.csv,2026-03-25,canon_loose230,below_90_loose230,full,no,1.3,0.3,240.0,30.0,,0.7925023106294239,0.792273911578877,0.7930027591118205,0.7925023106294239,False,dropout_critical,True,False,False,False,True
20260319-ProbePos4_31_FPV_2-tett6roof-under9Mooring/fullpanel-fullwind-amp0100-freq1400-per240-depth580-mstop30-run2.csv,2026-03-19,canon_loose230,below_90_loose230,full,full,1.4,0.1,240.0,30.0,2,0.6854187596135578,0.6821148517359853,0.7020908031688714,0.6854187596135578,False,ok,False,False,False,True,True
20260319-ProbePos4_31_FPV_2-tett6roof-under9Mooring/fullpanel-fullwind-amp0100-freq1400-per240-depth580-mstop30-run1.csv,2026-03-19,canon_loose230,below_90_loose230,full,full,1.4,0.1,240.0,30.0,1,0.7061391564019288,0.7044322231072837,0.70544493132352,0.7061391564019288,False,ok,False,False,False,True,True
20260323-ProbePos4_31_FPV_2-tett6roof-under9Mooring-height100/fullpanel-fullwind-amp0100-freq1400-per40-depth580-mstop30-run1.csv,2026-03-23,canon_loose230,below_90_loose230,full,full,1.4,0.1,40.0,30.0,1,0.7023892642572813,0.703621187486585,0.7123606253398779,0.7023892642572813,False,ok,False,False,False,True,True
20260326-ProbePos4_31_FPV_2-tett6roof-under9Mooring-height100-lowrange/fullpanel-fullwind-amp0100-freq1400-per240-depth580-mstop30-run1.csv,2026-03-26,canon_loose230,below_90_loose230,full,full,1.4,0.1,240.0,30.0,1,0.8124107686489684,0.8105741702140885,0.8048062323205059,0.8124107686489684,False,ok,False,False,False,True,True
20260319-ProbePos4_31_FPV_2-tett6roof-under9Mooring/fullpanel-nowind-amp0100-freq1400-per240-depth580-mstop30-run1.csv,2026-03-19,canon_loose230,below_90_loose230,full,no,1.4,0.1,240.0,30.0,1,0.5051389475922111,0.5061950674250183,0.5150658977423099,0.5051389475922111,False,ok,False,False,False,False,False
20260321-ProbePos4_31_FPV_2-tett6roof-under9Mooring-height100-RENAMED/fullpanel-nowind-amp0100-freq1400-per240-depth580-mstop30-run1.csv,2026-03-21,canon_loose230,below_90_loose230,full,no,1.4,0.1,240.0,30.0,1,0.494778510688974,0.49509729944531955,0.49589049679666536,0.494778510688974,False,ok,False,False,False,False,False
20260323-ProbePos4_31_FPV_2-tett6roof-under9Mooring-height100/fullpanel-nowind-amp0100-freq1400-per40-depth580-mstop30-run1.csv,2026-03-23,canon_loose230,below_90_loose230,full,no,1.4,0.1,40.0,30.0,1,0.5418888341047364,0.5429499487089133,0.5583806450268245,0.5418888341047364,False,ok,False,False,False,False,False
20260324-ProbePos4_31_FPV_2-tett6roof-under9Mooring-height100/fullpanel-nowind-amp0100-freq1400-per240-depth580-run1.csv,2026-03-24,canon_loose230,below_90_loose230,full,no,1.4,0.1,240.0,,1,0.5766157027246028,0.5765268629532452,0.5929121563095957,0.5766157027246028,False,ok,False,False,False,False,False
20260324-ProbePos4_31_FPV_2-tett6roof-under9Mooring-height100/fullpanel-nowind-amp0100-freq1400-per40-depth580-run1.csv,2026-03-24,canon_loose230,below_90_loose230,full,no,1.4,0.1,40.0,,1,0.5868057425083806,0.5881345024775633,0.609461084788404,0.5868057425083806,False,ok,False,False,False,False,False
20260323-ProbePos4_31_FPV_2-tett6roof-under9Mooring-height100/fullpanel-fullwind-amp0200-freq1400-per40-depth580-mstop30-run2.csv,2026-03-23,canon_loose230,below_90_loose230,full,full,1.4,0.2,40.0,30.0,2,0.7485461425959817,0.7483716580132518,0.7482548746810155,0.7485461425959817,False,ok,False,False,False,False,False
20260323-ProbePos4_31_FPV_2-tett6roof-under9Mooring-height100/fullpanel-fullwind-amp0200-freq1400-per40-depth580-mstop30-run1.csv,2026-03-23,canon_loose230,below_90_loose230,full,full,1.4,0.2,40.0,30.0,1,0.7357631511605077,0.7339898663818029,0.7218670428708401,0.7357631511605077,False,ok,False,False,False,False,False
20260323-ProbePos4_31_FPV_2-tett6roof-under9Mooring-height100/fullpanel-fullwind-amp0200-freq1400-per240-depth580-mstop30-run1.csv,2026-03-23,canon_loose230,below_90_loose230,full,full,1.4,0.2,240.0,30.0,1,0.7546656984123137,0.7555437953045532,0.7589393897899995,0.7546656984123137,False,ok,False,False,False,False,False
20260324-ProbePos4_31_FPV_2-tett6roof-under9Mooring-height100/fullpanel-fullwind-amp0200-freq1400-per240-depth580-run1.csv,2026-03-24,canon_loose230,below_90_loose230,full,full,1.4,0.2,240.0,,1,0.7372576069214104,0.7371848733054454,0.7434429742003941,0.7372576069214104,False,ok,False,False,False,False,False
20260324-ProbePos4_31_FPV_2-tett6roof-under9Mooring-height100/fullpanel-fullwind-amp0200-freq1400-per40-depth580-run1.csv,2026-03-24,canon_loose230,below_90_loose230,full,full,1.4,0.2,40.0,,1,0.7976744799137423,0.7945695641395235,0.7931768621360055,0.7976744799137423,False,ok,False,False,False,False,False
20260326-ProbePos4_31_FPV_2-tett6roof-under9Mooring-height100-lowrange/fullpanel-fullwind-amp0200-freq1400-per240-depth580-mstop30-run1.csv,2026-03-26,canon_loose230,below_90_loose230,full,full,1.4,0.2,240.0,30.0,1,0.8220189917078118,0.8212234925556624,0.814506948844418,0.8220189917078118,False,ok,False,False,False,False,False
20260321-ProbePos4_31_FPV_2-tett6roof-under9Mooring-height100-RENAMED/fullpanel-nowind-amp0200-freq1400-per240-depth580-mstop30-run1.csv,2026-03-21,canon_loose230,below_90_loose230,full,no,1.4,0.2,240.0,30.0,1,0.6748639561318992,0.6741216714837943,0.6814150693406318,0.6748639561318992,False,ok,False,False,False,False,False
20260323-ProbePos4_31_FPV_2-tett6roof-under9Mooring-height100/fullpanel-nowind-amp0200-freq1400-per40-depth580-mstop30-run1.csv,2026-03-23,canon_loose230,below_90_loose230,full,no,1.4,0.2,40.0,30.0,1,0.7149491769468015,0.7137722350165735,0.7035293454057204,0.7149491769468015,False,ok,False,False,False,False,False
20260324-ProbePos4_31_FPV_2-tett6roof-under9Mooring-height100/fullpanel-nowind-amp0200-freq1400-per240-depth580-run1.csv,2026-03-24,canon_loose230,below_90_loose230,full,no,1.4,0.2,240.0,,1,0.725831076792322,0.7251023119057693,0.7200431864814804,0.725831076792322,False,ok,False,False,False,False,False
20260325-ProbePos4_31_FPV_2-tett6roof-under9Mooring-height100/fullpanel-nowind-amp0200-freq1400-per240-depth580-mstop30-runx-P2malfunction.csv,2026-03-25,canon_loose230,below_90_loose230,full,no,1.4,0.2,240.0,30.0,,0.7116643837916083,0.7115917696712223,0.7084390221554998,0.7116643837916083,False,dropout_critical,False,True,False,False,True
20260325-ProbePos4_31_FPV_2-tett6roof-under9Mooring-height100/fullpanel-nowind-amp0200-freq1400-per240-depth580-mstop30-run2.csv,2026-03-25,canon_loose230,below_90_loose230,full,no,1.4,0.2,240.0,30.0,2,0.7523513165525729,0.7512653679170445,0.7507942472716104,0.7523513165525729,False,ok,False,False,False,False,False
20260325-ProbePos4_31_FPV_2-tett6roof-under9Mooring-height100/fullpanel-nowind-amp0200-freq1400-per240-depth580-mstop30-run1.csv,2026-03-25,canon_loose230,below_90_loose230,full,no,1.4,0.2,240.0,30.0,1,0.7120839500814546,0.7118277861776968,0.7277241046947304,0.7120839500814546,False,ok,False,False,False,False,False
20260323-ProbePos4_31_FPV_2-tett6roof-under9Mooring-height100/fullpanel-fullwind-amp0300-freq1400-per40-depth580-mstop30-run2.csv,2026-03-23,canon_loose230,below_90_loose230,full,full,1.4,0.3,40.0,30.0,2,0.7680591152638374,0.7676076053278059,0.7650243444579822,0.7680591152638374,False,ok,False,False,False,False,False
20260326-ProbePos4_31_FPV_2-tett6roof-under9Mooring-height100-lowrange/fullpanel-fullwind-amp0300-freq1400-per240-depth580-mstop30-run1.csv,2026-03-26,canon_loose230,below_90_loose230,full,full,1.4,0.3,240.0,30.0,1,0.757020880098691,0.7527155045704532,0.7407040325920029,0.757020880098691,False,ok,False,False,False,False,False
20260323-ProbePos4_31_FPV_2-tett6roof-under9Mooring-height100/fullpanel-nowind-amp0300-freq1400-per40-depth580-mstop30-run1.csv,2026-03-23,canon_loose230,below_90_loose230,full,no,1.4,0.3,40.0,30.0,1,0.7299651975159418,0.7283311584407698,0.7170433705565806,0.7299651975159418,False,ok,False,False,False,False,False
20260324-ProbePos4_31_FPV_2-tett6roof-under9Mooring-height100/fullpanel-nowind-amp0300-freq1400-per240-depth580-run1.csv,2026-03-24,canon_loose230,below_90_loose230,full,no,1.4,0.3,240.0,,1,0.7528724788016643,0.7527623309545511,0.7593249569294591,0.7528724788016643,False,ok,False,False,False,False,False
20260325-ProbePos4_31_FPV_2-tett6roof-under9Mooring-height100/fullpanel-nowind-amp0300-freq1400-per240-depth580-mstop30-run2.csv,2026-03-25,canon_loose230,below_90_loose230,full,no,1.4,0.3,240.0,30.0,2,0.7024933883648716,0.7012991172792217,0.7000555518019653,0.7024933883648716,False,ok,False,False,False,True,True
20260319-ProbePos4_31_FPV_2-tett6roof-under9Mooring/fullpanel-fullwind-amp0100-freq1500-per240-depth580-mstop30-run1.csv,2026-03-19,canon_loose230,below_90_loose230,full,full,1.5,0.1,240.0,30.0,1,0.8398415549956929,0.6737034697159902,0.696444893658164,0.6737034697159902,True,ok,False,False,True,True,True
20260323-ProbePos4_31_FPV_2-tett6roof-under9Mooring-height100/fullpanel-fullwind-amp0100-freq1500-per40-depth580-mstop30-run1.csv,2026-03-23,canon_loose230,below_90_loose230,full,full,1.5,0.1,40.0,30.0,1,0.6906403818626882,0.6795712331679374,0.6770603488842848,0.6906403818626882,False,ok,False,False,False,False,False
20260326-ProbePos4_31_FPV_2-tett6roof-under9Mooring-height100-lowrange/fullpanel-fullwind-amp0100-freq1500-per240-depth580-mstop30-run1.csv,2026-03-26,canon_loose230,below_90_loose230,full,full,1.5,0.1,240.0,30.0,1,0.7641792587858661,0.7566807156059467,0.7716874701294697,0.7641792587858661,False,ok,False,False,False,True,True
20260319-ProbePos4_31_FPV_2-tett6roof-under9Mooring/fullpanel-nowind-amp0100-freq1500-per240-depth580-mstop30-run1.csv,2026-03-19,canon_loose230,below_90_loose230,full,no,1.5,0.1,240.0,30.0,1,0.4106451077331304,0.40988574711485176,0.41515766839931567,0.4106451077331304,False,ok,False,False,False,False,False
20260321-ProbePos4_31_FPV_2-tett6roof-under9Mooring-height100-RENAMED/fullpanel-nowind-amp0100-freq1500-per240-depth580-mstop30-run2.csv,2026-03-21,canon_loose230,below_90_loose230,full,no,1.5,0.1,240.0,30.0,2,0.43177573442378336,0.4302256695891411,0.4450608126443178,0.43177573442378336,False,ok,False,False,False,False,False
20260321-ProbePos4_31_FPV_2-tett6roof-under9Mooring-height100-RENAMED/fullpanel-nowind-amp0100-freq1500-per240-depth580-mstop30-run1.csv,2026-03-21,canon_loose230,below_90_loose230,full,no,1.5,0.1,240.0,30.0,1,0.4384235224953517,0.437904722519675,0.46418839748888735,0.4384235224953517,False,ok,False,False,False,False,False
20260323-ProbePos4_31_FPV_2-tett6roof-under9Mooring-height100/fullpanel-nowind-amp0100-freq1500-per40-depth580-mstop30-run1.csv,2026-03-23,canon_loose230,below_90_loose230,full,no,1.5,0.1,40.0,30.0,1,0.41785867140973626,0.41937617128641597,0.43272195314856476,0.41785867140973626,False,ok,False,False,False,False,False
20260324-ProbePos4_31_FPV_2-tett6roof-under9Mooring-height100/fullpanel-nowind-amp0100-freq1500-per240-depth580-run1.csv,2026-03-24,canon_loose230,below_90_loose230,full,no,1.5,0.1,240.0,,1,0.49415963961378473,0.49338704976257775,0.5144370626406818,0.49415963961378473,False,ok,False,False,False,False,False
20260323-ProbePos4_31_FPV_2-tett6roof-under9Mooring-height100/fullpanel-fullwind-amp0200-freq1500-per240-depth580-mstop30-run1.csv,2026-03-23,canon_loose230,below_90_loose230,full,full,1.5,0.2,240.0,30.0,1,0.7099288254534947,0.7091990386749434,0.7041989917542628,0.7099288254534947,False,ok,False,False,False,False,False
20260323-ProbePos4_31_FPV_2-tett6roof-under9Mooring-height100/fullpanel-fullwind-amp0200-freq1500-per40-depth580-mstop30-run2.csv,2026-03-23,canon_loose230,below_90_loose230,full,full,1.5,0.2,40.0,30.0,2,0.6618735578166468,0.6597065572076956,0.6551581767487936,0.6618735578166468,False,ok,False,False,False,False,False
20260323-ProbePos4_31_FPV_2-tett6roof-under9Mooring-height100/fullpanel-fullwind-amp0200-freq1500-per40-depth580-mstop30-run1.csv,2026-03-23,canon_loose230,below_90_loose230,full,full,1.5,0.2,40.0,30.0,1,0.7015921283332751,0.7051343401896804,0.7016956505369013,0.7015921283332751,False,ok,False,False,False,False,False
20260324-ProbePos4_31_FPV_2-tett6roof-under9Mooring-height100/fullpanel-fullwind-amp0200-freq1500-per40-depth580-run1.csv,2026-03-24,canon_loose230,below_90_loose230,full,full,1.5,0.2,40.0,,1,0.6785893769586243,0.6762824379985407,0.6754570727323039,0.6785893769586243,False,ok,False,False,False,False,False
20260324-ProbePos4_31_FPV_2-tett6roof-under9Mooring-height100/fullpanel-fullwind-amp0200-freq1500-per240-depth580-run1-P2malfunction.csv,2026-03-24,canon_loose230,below_90_loose230,full,full,1.5,0.2,240.0,,1,0.6776705973751329,0.6791333786345292,0.6778670802223803,0.6776705973751329,False,dropout_critical,False,True,False,False,True
20260326-ProbePos4_31_FPV_2-tett6roof-under9Mooring-height100-lowrange/fullpanel-fullwind-amp0200-freq1500-per240-depth580-mstop30-run1.csv,2026-03-26,canon_loose230,below_90_loose230,full,full,1.5,0.2,240.0,30.0,1,0.7890446985318814,0.7883163168407223,0.7809180884857859,0.7890446985318814,False,ok,False,False,False,False,False
20260321-ProbePos4_31_FPV_2-tett6roof-under9Mooring-height100-RENAMED/fullpanel-nowind-amp0200-freq1500-per240-depth580-mstop30-run1.csv,2026-03-21,canon_loose230,below_90_loose230,full,no,1.5,0.2,240.0,30.0,1,0.6004114759497257,0.6001476490040374,0.6083417413461116,0.6004114759497257,False,dropout_critical,True,False,False,False,True
20260323-ProbePos4_31_FPV_2-tett6roof-under9Mooring-height100/fullpanel-nowind-amp0200-freq1500-per40-depth580-mstop30-run1.csv,2026-03-23,canon_loose230,below_90_loose230,full,no,1.5,0.2,40.0,30.0,1,0.6320519885524173,0.6314341476535011,0.6283569930196707,0.6320519885524173,False,ok,False,False,False,False,False
20260324-ProbePos4_31_FPV_2-tett6roof-under9Mooring-height100/fullpanel-nowind-amp0200-freq1500-per240-depth580-run1.csv,2026-03-24,canon_loose230,below_90_loose230,full,no,1.5,0.2,240.0,,1,0.6328231995074441,0.6321116337100513,0.6108514859878689,0.6328231995074441,False,ok,False,False,False,False,False
20260325-ProbePos4_31_FPV_2-tett6roof-under9Mooring-height100/fullpanel-nowind-amp0200-freq1500-per240-depth580-mstop30-run2.csv,2026-03-25,canon_loose230,below_90_loose230,full,no,1.5,0.2,240.0,30.0,2,0.5914378484600533,0.5912272763540165,0.5812779157475906,0.5914378484600533,False,ok,False,False,False,False,False
20260325-ProbePos4_31_FPV_2-tett6roof-under9Mooring-height100/fullpanel-nowind-amp0200-freq1500-per240-depth580-mstop30-run1.csv,2026-03-25,canon_loose230,below_90_loose230,full,no,1.5,0.2,240.0,30.0,1,0.6122092328482981,0.6116299878706682,0.6135189404493997,0.6122092328482981,False,ok,False,False,False,False,False
20260323-ProbePos4_31_FPV_2-tett6roof-under9Mooring-height100/fullpanel-fullwind-amp0300-freq1500-per40-depth580-mstop30-run2.csv,2026-03-23,canon_loose230,below_90_loose230,full,full,1.5,0.3,40.0,30.0,2,0.7234689963045713,0.7277114981566136,0.7308100856168308,0.7234689963045713,False,ok,False,False,False,False,False
20260326-ProbePos4_31_FPV_2-tett6roof-under9Mooring-height100-lowrange/fullpanel-fullwind-amp0300-freq1500-per240-depth580-mstop30-run1.csv,2026-03-26,canon_loose230,below_90_loose230,full,full,1.5,0.3,240.0,30.0,1,0.7272698823674372,0.7248835220971055,0.7213300826781659,0.7272698823674372,False,ok,False,False,False,False,False
20260323-ProbePos4_31_FPV_2-tett6roof-under9Mooring-height100/fullpanel-nowind-amp0300-freq1500-per40-depth580-mstop30-run1.csv,2026-03-23,canon_loose230,below_90_loose230,full,no,1.5,0.3,40.0,30.0,1,0.6042139468800934,0.6031084143156931,0.605556815496521,0.6042139468800934,False,ok,False,False,False,False,False
20260323-ProbePos4_31_FPV_2-tett6roof-under9Mooring-height136/fullpanel-nowind-amp0300-freq1500-per40-depth580-mstop30-run1.csv,2026-03-23,canon_loose230,below_90_loose230,full,no,1.5,0.3,40.0,30.0,1,0.6143433688084081,0.6136766332171979,0.6095891036722404,0.6143433688084081,False,ok,True,False,False,False,True
20260324-ProbePos4_31_FPV_2-tett6roof-under9Mooring-height100/fullpanel-nowind-amp0300-freq1500-per240-depth580-run1.csv,2026-03-24,canon_loose230,below_90_loose230,full,no,1.5,0.3,240.0,,1,0.5939038842181071,0.5937403472955689,0.5901311920054775,0.5939038842181071,False,ok,False,False,False,False,False
20260325-ProbePos4_31_FPV_2-tett6roof-under9Mooring-height100/fullpanel-nowind-amp0300-freq1500-per240-depth580-mstop30-run2.csv,2026-03-25,canon_loose230,below_90_loose230,full,no,1.5,0.3,240.0,30.0,2,0.6142407193763277,0.6139477683197282,0.6105392488525482,0.6142407193763277,False,ok,False,False,False,False,False
20260319-ProbePos4_31_FPV_2-tett6roof-under9Mooring/fullpanel-fullwind-amp0100-freq1600-per240-depth580-mstop30-run1.csv,2026-03-19,canon_loose230,below_90_loose230,full,full,1.6,0.1,240.0,30.0,1,0.5674219266890416,0.5612007955924008,0.5662097003860103,0.5674219266890416,False,ok,False,False,False,False,False
20260323-ProbePos4_31_FPV_2-tett6roof-under9Mooring-height100/fullpanel-fullwind-amp0100-freq1600-per40-depth580-mstop30-run1.csv,2026-03-23,canon_loose230,below_90_loose230,full,full,1.6,0.1,40.0,30.0,1,0.5579350778112978,0.5519914059034033,0.544647441283377,0.5579350778112978,False,ok,False,False,False,False,False
20260326-ProbePos4_31_FPV_2-tett6roof-under9Mooring-height100-lowrange/fullpanel-fullwind-amp0100-freq1600-per240-depth580-mstop30-run1.csv,2026-03-26,canon_loose230,below_90_loose230,full,full,1.6,0.1,240.0,30.0,1,0.6466717102702577,0.6436499671078042,0.643781387790698,0.6466717102702577,False,ok,False,False,False,False,False
20260319-ProbePos4_31_FPV_2-tett6roof-under9Mooring/fullpanel-nowind-amp0100-freq1600-per240-depth580-mstop30-run1.csv,2026-03-19,canon_loose230,below_90_loose230,full,no,1.6,0.1,240.0,30.0,1,0.33506232373280453,0.33423515835165324,0.3413759091224498,0.33506232373280453,False,ok,False,False,False,False,False
20260321-ProbePos4_31_FPV_2-tett6roof-under9Mooring-height100-RENAMED/fullpanel-nowind-amp0100-freq1600-per240-depth580-mstop30-run1.csv,2026-03-21,canon_loose230,below_90_loose230,full,no,1.6,0.1,240.0,30.0,1,0.3151234737427205,0.3137191190158725,0.3239354382491845,0.3151234737427205,False,ok,False,False,False,False,False
20260323-ProbePos4_31_FPV_2-tett6roof-under9Mooring-height100/fullpanel-nowind-amp0100-freq1600-per40-depth580-mstop30-run1.csv,2026-03-23,canon_loose230,below_90_loose230,full,no,1.6,0.1,40.0,30.0,1,0.34835221627305624,0.34796498686616945,0.3774745183566437,0.34835221627305624,False,ok,False,False,False,False,False
20260324-ProbePos4_31_FPV_2-tett6roof-under9Mooring-height100/fullpanel-nowind-amp0100-freq1600-per240-depth580-run1.csv,2026-03-24,canon_loose230,below_90_loose230,full,no,1.6,0.1,240.0,,1,0.36937708659329543,0.3672517384247845,0.37370755977823816,0.36937708659329543,False,ok,False,False,False,False,False
20260323-ProbePos4_31_FPV_2-tett6roof-under9Mooring-height100/fullpanel-fullwind-amp0200-freq1600-per40-depth580-mstop30-run1.csv,2026-03-23,canon_loose230,below_90_loose230,full,full,1.6,0.2,40.0,30.0,1,0.6451588498459192,0.6447013117605706,0.6489068790260948,0.6451588498459192,False,ok,False,False,False,False,False
20260323-ProbePos4_31_FPV_2-tett6roof-under9Mooring-height100/fullpanel-fullwind-amp0200-freq1600-per40-depth580-mstop30-run2.csv,2026-03-23,canon_loose230,below_90_loose230,full,full,1.6,0.2,40.0,30.0,2,0.6505465613504785,0.6509347276558419,0.654189329277034,0.6505465613504785,False,ok,False,False,False,False,False
20260323-ProbePos4_31_FPV_2-tett6roof-under9Mooring-height100/fullpanel-fullwind-amp0200-freq1600-per240-depth580-mstop30-run1.csv,2026-03-23,canon_loose230,below_90_loose230,full,full,1.6,0.2,240.0,30.0,1,0.6267728296815434,0.6261632608887886,0.6278945544233042,0.6267728296815434,False,ok,False,False,False,False,False
20260324-ProbePos4_31_FPV_2-tett6roof-under9Mooring-height100/fullpanel-fullwind-amp0200-freq1600-per40-depth580-run1.csv,2026-03-24,canon_loose230,below_90_loose230,full,full,1.6,0.2,40.0,,1,0.6170485489179035,0.6185673594501507,0.6283253910267179,0.6170485489179035,False,ok,False,False,False,False,False
20260326-ProbePos4_31_FPV_2-tett6roof-under9Mooring-height100-lowrange/fullpanel-fullwind-amp0200-freq1600-per240-depth580-mstop30-run1.csv,2026-03-26,canon_loose230,below_90_loose230,full,full,1.6,0.2,240.0,30.0,1,0.686621416716908,0.6859443179286052,0.6732563750483501,0.686621416716908,False,ok,False,False,False,False,False
20260323-ProbePos4_31_FPV_2-tett6roof-under9Mooring-height100/fullpanel-nowind-amp0200-freq1600-per40-depth580-mstop30-run1.csv,2026-03-23,canon_loose230,below_90_loose230,full,no,1.6,0.2,40.0,30.0,1,0.5072171749947205,0.5058008962622247,0.5098919492047248,0.5072171749947205,False,ok,False,False,False,False,False
20260324-ProbePos4_31_FPV_2-tett6roof-under9Mooring-height100/fullpanel-nowind-amp0200-freq1600-per240-depth580-run1.csv,2026-03-24,canon_loose230,below_90_loose230,full,no,1.6,0.2,240.0,,1,0.507614996006295,0.5067702949395748,0.5036873985510182,0.507614996006295,False,ok,False,False,False,False,False
20260325-ProbePos4_31_FPV_2-tett6roof-under9Mooring-height100/fullpanel-nowind-amp0200-freq1600-per240-depth580-mstop30-run2.csv,2026-03-25,canon_loose230,below_90_loose230,full,no,1.6,0.2,240.0,30.0,2,0.4860078214539004,0.4850491510666225,0.49084113578554206,0.4860078214539004,False,ok,False,False,False,False,False
20260325-ProbePos4_31_FPV_2-tett6roof-under9Mooring-height100/fullpanel-nowind-amp0200-freq1600-per240-depth580-mstop30-run1.csv,2026-03-25,canon_loose230,below_90_loose230,full,no,1.6,0.2,240.0,30.0,1,0.500863169829298,0.5005429957800946,0.5002134575491982,0.500863169829298,False,ok,False,False,False,False,False
20260323-ProbePos4_31_FPV_2-tett6roof-under9Mooring-height100/fullpanel-fullwind-amp0300-freq1600-per40-depth580-mstop30-run1.csv,2026-03-23,canon_loose230,below_90_loose230,full,full,1.6,0.3,40.0,30.0,1,0.671610243675836,0.6730026570864827,0.6694192938534747,0.671610243675836,False,ok,False,False,False,False,False
20260323-ProbePos4_31_FPV_2-tett6roof-under9Mooring-height136/fullpanel-fullwind-amp0300-freq1600-per40-depth580-mstop30-run1.csv,2026-03-23,canon_loose230,below_90_loose230,full,full,1.6,0.3,40.0,30.0,1,0.6641113156070583,0.6611106722053083,0.668134664819738,0.6641113156070583,False,dropout_critical,True,False,False,True,True
20260324-ProbePos4_31_FPV_2-tett6roof-under9Mooring-height100/fullpanel-fullwind-amp0300-freq1600-per240-depth580-run1.csv,2026-03-24,canon_loose230,below_90_loose230,full,full,1.6,0.3,240.0,,1,0.6795794271786717,0.6809838948213202,0.6843850585031025,0.6795794271786717,False,ok,True,False,False,False,True
20260326-ProbePos4_31_FPV_2-tett6roof-under9Mooring-height100-lowrange/fullpanel-fullwind-amp0300-freq1600-per40-depth580-mstop30-run1-P2Malfunction.csv,2026-03-26,canon_loose230,below_90_loose230,full,full,1.6,0.3,40.0,30.0,1,0.7119676279743966,0.714393900543737,0.7105703309517419,0.7119676279743966,False,dropout_critical,False,True,False,False,True
20260326-ProbePos4_31_FPV_2-tett6roof-under9Mooring-height100-lowrange/fullpanel-fullwind-amp0300-freq1600-per240-depth580-mstop30-run1.csv,2026-03-26,canon_loose230,below_90_loose230,full,full,1.6,0.3,240.0,30.0,1,0.6984131568949687,0.6925463632931745,0.6896124696963779,0.6984131568949687,False,ok,False,False,False,False,False
20260326-ProbePos4_31_FPV_2-tett6roof-under9Mooring-height100-lowrange/fullpanel-fullwind-amp0300-freq1600-per240-depth580-mstop330-run1.csv,2026-03-26,canon_loose230,below_90_loose230,full,full,1.6,0.3,240.0,330.0,1,0.7000413818050512,0.7000954832476012,0.7123800288759309,0.7000413818050512,False,ok,False,False,False,False,False
20260323-ProbePos4_31_FPV_2-tett6roof-under9Mooring-height100/fullpanel-nowind-amp0300-freq1600-per40-depth580-mstop30-run1.csv,2026-03-23,canon_loose230,below_90_loose230,full,no,1.6,0.3,40.0,30.0,1,0.5614220057698827,0.5619100784485821,0.566292500715192,0.5614220057698827,False,ok,False,False,False,True,True
20260323-ProbePos4_31_FPV_2-tett6roof-under9Mooring-height100/fullpanel-nowind-amp0300-freq1600-per80-depth580-mstop30-run1.csv,2026-03-23,canon_loose230,below_90_loose230,full,no,1.6,0.3,80.0,30.0,1,0.563890103430672,0.5641301063967624,0.5774790069905503,0.563890103430672,False,in_probe_low_snr,False,False,False,True,True
20260323-ProbePos4_31_FPV_2-tett6roof-under9Mooring-height136/fullpanel-nowind-amp0300-freq1600-per60-depth580-mstop30-coldstart-run1.csv,2026-03-23,canon_loose230,below_90_loose230,full,no,1.6,0.3,60.0,30.0,1,0.5401816633550739,0.5400011437074409,0.5353285359466126,0.5401816633550739,False,ok,True,False,False,False,True
20260324-ProbePos4_31_FPV_2-tett6roof-under9Mooring-height100/fullpanel-nowind-amp0300-freq1600-per240-depth580-run1.csv,2026-03-24,canon_loose230,below_90_loose230,full,no,1.6,0.3,240.0,,1,0.5631095810846067,0.5630673336499475,0.566501444665345,0.5631095810846067,False,ok,False,False,False,True,True
20260325-ProbePos4_31_FPV_2-tett6roof-under9Mooring-height100/fullpanel-nowind-amp0300-freq1600-per240-depth580-mstop30-run2.csv,2026-03-25,canon_loose230,below_90_loose230,full,no,1.6,0.3,240.0,30.0,2,0.5171269463444561,0.5174849195277877,0.5211591993536003,0.5171269463444561,False,ok,False,False,False,False,False
20260327-ProbePos4_31_FPV_2-tett6roof-under9Mooring30-height100-lowrange/fullpanel-fullwind-amp0200-freq1200-per40-depth580-mstop30-run1.csv,2026-03-27,canon_loose300,below_90_loose300,full,full,1.2,0.2,40.0,30.0,1,0.8440782714019921,0.8434432292275911,0.8483927977264074,0.8440782714019921,False,ok,False,False,False,False,False
20260327-ProbePos4_31_FPV_2-tett6roof-under9Mooring30-height100-lowrange/fullpanel-fullwind-amp0100-freq1300-per40-depth580-mstop330-run2.csv,2026-03-27,canon_loose300,below_90_loose300,full,full,1.3,0.1,40.0,330.0,2,0.7803748047019546,0.7816238481123079,0.7728701249713593,0.7803748047019546,False,ok,False,False,False,False,False
20260327-ProbePos4_31_FPV_2-tett6roof-under9Mooring30-height100-lowrange/fullpanel-fullwind-amp0100-freq1300-per240-depth580-mstop30-run1.csv,2026-03-27,canon_loose300,below_90_loose300,full,full,1.3,0.1,240.0,30.0,1,0.7492926593067075,0.7490133274457135,0.7527392888760546,0.7492926593067075,False,ok,False,False,False,True,True
20260327-ProbePos4_31_FPV_2-tett6roof-under9Mooring30-height100-lowrange/fullpanel-fullwind-amp0100-freq1300-per240-depth580-mstop330-run1.csv,2026-03-27,canon_loose300,below_90_loose300,full,full,1.3,0.1,240.0,330.0,1,0.7808062686898263,0.7763957510560541,0.7722390711395641,0.7808062686898263,False,ok,False,False,False,True,True
20260327-ProbePos4_31_FPV_2-tett6roof-under9Mooring30-height100-lowrange/fullpanel-fullwind-amp0100-freq1300-per40-depth580-mstop30-run2.csv,2026-03-27,canon_loose300,below_90_loose300,full,full,1.3,0.1,40.0,30.0,2,0.7626340314603618,0.7615471894015589,0.7576978937218388,0.7626340314603618,False,ok,False,False,False,False,False
20260327-ProbePos4_31_FPV_2-tett6roof-under9Mooring30-height100-lowrange/fullpanel-fullwind-amp0100-freq1300-per40-depth580-mstop30-run3.csv,2026-03-27,canon_loose300,below_90_loose300,full,full,1.3,0.1,40.0,30.0,3,0.7544839350102797,0.7548216960403198,0.752002971421163,0.7544839350102797,False,ok,False,False,False,False,False
20260327-ProbePos4_31_FPV_2-tett6roof-under9Mooring30-height100-lowrange/fullpanel-fullwind-amp0100-freq1300-per40-depth580-mstop30-run1.csv,2026-03-27,canon_loose300,below_90_loose300,full,full,1.3,0.1,40.0,30.0,1,0.714850438660233,0.7152014335462106,0.7136657555879827,0.714850438660233,False,ok,False,False,False,False,False
20260327-ProbePos4_31_FPV_2-tett6roof-under9Mooring30-height100-lowrange/fullpanel-nowind-amp0100-freq1300-per240-depth580-mstop30-run4.csv,2026-03-27,canon_loose300,below_90_loose300,full,no,1.3,0.1,240.0,30.0,4,0.6157718765073391,0.6161356522779272,0.6542318606335149,0.6157718765073391,False,ok,False,False,False,False,False
20260327-ProbePos4_31_FPV_2-tett6roof-under9Mooring30-height100-lowrange/fullpanel-nowind-amp0100-freq1300-per240-depth580-mstop30-run1.csv,2026-03-27,canon_loose300,below_90_loose300,full,no,1.3,0.1,240.0,30.0,1,0.662182760525963,0.661925054986896,0.6659688458590056,0.662182760525963,False,ok,False,False,False,False,False
20260327-ProbePos4_31_FPV_2-tett6roof-under9Mooring30-height100-lowrange/fullpanel-nowind-amp0100-freq1300-per240-depth580-mstop330-run3.csv,2026-03-27,canon_loose300,below_90_loose300,full,no,1.3,0.1,240.0,330.0,3,0.6610324065262375,0.6611136812614913,0.6657845833230546,0.6610324065262375,False,ok,False,False,False,False,False
20260327-ProbePos4_31_FPV_2-tett6roof-under9Mooring30-height100-lowrange/fullpanel-nowind-amp0100-freq1300-per240-depth580-mstop30-run2.csv,2026-03-27,canon_loose300,below_90_loose300,full,no,1.3,0.1,240.0,30.0,2,0.6627944021774408,0.6621860255645027,0.6674759259666294,0.6627944021774408,False,ok,False,False,False,False,False
20260327-ProbePos4_31_FPV_2-tett6roof-under9Mooring30-height100-lowrange/fullpanel-nowind-amp0100-freq1300-per40-depth580-mstop30-run2-rettetterpå.csv,2026-03-27,canon_loose300,below_90_loose300,full,no,1.3,0.1,40.0,30.0,2,0.7102338538320818,0.7102724724001733,0.7065774321436149,0.7102338538320818,False,ok,False,False,False,False,False
20260327-ProbePos4_31_FPV_2-tett6roof-under9Mooring30-height100-lowrange/fullpanel-nowind-amp0100-freq1300-per40-depth580-mstop30-run1.csv,2026-03-27,canon_loose300,below_90_loose300,full,no,1.3,0.1,40.0,30.0,1,0.6808653189871752,0.6810316093336025,0.6917739393618184,0.6808653189871752,False,ok,False,False,False,False,False
20260327-ProbePos4_31_FPV_2-tett6roof-under9Mooring30-height100-lowrange/fullpanel-nowind-amp0100-freq1300-per40-depth580-mstop30-run3.csv,2026-03-27,canon_loose300,below_90_loose300,full,no,1.3,0.1,40.0,30.0,3,0.6597568977369019,0.65948597307654,0.6582578516577852,0.6597568977369019,False,ok,False,False,False,False,False
20260327-ProbePos4_31_FPV_2-tett6roof-under9Mooring30-height100-lowrange/fullpanel-fullwind-amp0200-freq1300-per240-depth580-mstop30-run1.csv,2026-03-27,canon_loose300,below_90_loose300,full,full,1.3,0.2,240.0,30.0,1,0.8519887606942448,0.8453714730979534,0.8572755473203156,0.8519887606942448,False,ok,False,False,False,False,False
20260327-ProbePos4_31_FPV_2-tett6roof-under9Mooring30-height100-lowrange/fullpanel-fullwind-amp0200-freq1300-per40-depth580-mstop30-run1.csv,2026-03-27,canon_loose300,below_90_loose300,full,full,1.3,0.2,40.0,30.0,1,0.8394146561576624,0.8405608716469959,0.8346132835287906,0.8394146561576624,False,ok,False,False,False,False,False
20260327-ProbePos4_31_FPV_2-tett6roof-under9Mooring30-height100-lowrange/fullpanel-nowind-amp0200-freq1300-per240-depth580-mstop30-run1.csv,2026-03-27,canon_loose300,below_90_loose300,full,no,1.3,0.2,240.0,30.0,1,0.8161605510375268,0.8127256925459766,0.809029110128448,0.8161605510375268,False,ok,False,False,False,False,False
20260327-ProbePos4_31_FPV_2-tett6roof-under9Mooring30-height100-lowrange/fullpanel-nowind-amp0200-freq1300-per40-depth580-mstop30-run1.csv,2026-03-27,canon_loose300,below_90_loose300,full,no,1.3,0.2,40.0,30.0,1,0.8049497300725384,0.8031318050940853,0.8138236848215696,0.8049497300725384,False,ok,False,False,False,False,False
20260327-ProbePos4_31_FPV_2-tett6roof-under9Mooring30-height100-lowrange/fullpanel-fullwind-amp0300-freq1300-per240-depth580-mstop30-run1.csv,2026-03-27,canon_loose300,below_90_loose300,full,full,1.3,0.3,240.0,30.0,1,0.8577458418227724,0.8589061066004607,0.8812747411444266,0.8577458418227724,False,ok,False,False,False,False,False
20260327-ProbePos4_31_FPV_2-tett6roof-under9Mooring30-height100-lowrange/fullpanel-fullwind-amp0300-freq1300-per40-depth580-mstop30-run1.csv,2026-03-27,canon_loose300,below_90_loose300,full,full,1.3,0.3,40.0,30.0,1,0.8299582455346265,0.8308174695389701,0.8418789621524844,0.8299582455346265,False,ok,False,False,False,False,False
20260327-ProbePos4_31_FPV_2-tett6roof-under9Mooring30-height100-lowrange/fullpanel-fullwind-amp0300-freq1300-per40-depth580-mstop30-run2.csv,2026-03-27,canon_loose300,below_90_loose300,full,full,1.3,0.3,40.0,30.0,2,0.8240903442451569,0.8234820081740051,0.8261591328726484,0.8240903442451569,False,ok,False,False,False,False,False
20260327-ProbePos4_31_FPV_2-tett6roof-under9Mooring30-height100-lowrange/fullpanel-nowind-amp0300-freq1300-per240-depth580-mstop30-run1.csv,2026-03-27,canon_loose300,below_90_loose300,full,no,1.3,0.3,240.0,30.0,1,0.8312567580663177,0.8312488298991053,0.8413883515933344,0.8312567580663177,False,ok,False,False,False,False,False
20260327-ProbePos4_31_FPV_2-tett6roof-under9Mooring30-height100-lowrange/fullpanel-nowind-amp0300-freq1300-per40-depth580-mstop30-run1.csv,2026-03-27,canon_loose300,below_90_loose300,full,no,1.3,0.3,40.0,30.0,1,0.8280433163633509,0.8280211307602644,0.8420512818514295,0.8280433163633509,False,ok,False,False,False,False,False
20260327-ProbePos4_31_FPV_2-tett6roof-under9Mooring30-height100-lowrange/fullpanel-fullwind-amp0100-freq1400-per240-depth580-mstop30-run1.csv,2026-03-27,canon_loose300,below_90_loose300,full,full,1.4,0.1,240.0,30.0,1,0.6408238087193528,0.6408540619393366,0.6445283382679707,0.6408238087193528,False,ok,False,False,False,False,False
20260327-ProbePos4_31_FPV_2-tett6roof-under9Mooring30-height100-lowrange/fullpanel-fullwind-amp0100-freq1400-per40-depth580-mstop30-run1.csv,2026-03-27,canon_loose300,below_90_loose300,full,full,1.4,0.1,40.0,30.0,1,0.7101572927520715,0.7080406173353452,0.7064745618242617,0.7101572927520715,False,ok,False,False,False,True,True
20260327-ProbePos4_31_FPV_2-tett6roof-under9Mooring30-height100-lowrange/fullpanel-nowind-amp0100-freq1400-per240-depth580-mstop30-run1.csv,2026-03-27,canon_loose300,below_90_loose300,full,no,1.4,0.1,240.0,30.0,1,0.47805207614855466,0.47859367928964447,0.47955915967417734,0.47805207614855466,False,ok,False,False,False,False,False
20260327-ProbePos4_31_FPV_2-tett6roof-under9Mooring30-height100-lowrange/fullpanel-nowind-amp0100-freq1400-per40-depth580-mstop30-run1.csv,2026-03-27,canon_loose300,below_90_loose300,full,no,1.4,0.1,40.0,30.0,1,0.5266152147253389,0.5262938180942267,0.5307695612619,0.5266152147253389,False,ok,False,False,False,False,False
20260327-ProbePos4_31_FPV_2-tett6roof-under9Mooring30-height100-lowrange/fullpanel-fullwind-amp0200-freq1400-per40-depth580-mstop30-run1.csv,2026-03-27,canon_loose300,below_90_loose300,full,full,1.4,0.2,40.0,30.0,1,0.7182740908765375,0.7184529461391269,0.7149041876151095,0.7182740908765375,False,ok,False,False,False,False,False
20260327-ProbePos4_31_FPV_2-tett6roof-under9Mooring30-height100-lowrange/fullpanel-fullwind-amp0200-freq1400-per240-depth580-mstop30-run1.csv,2026-03-27,canon_loose300,below_90_loose300,full,full,1.4,0.2,240.0,30.0,1,0.7370976716706892,0.7354282170586649,0.7380116842358303,0.7370976716706892,False,ok,False,False,False,False,False
20260327-ProbePos4_31_FPV_2-tett6roof-under9Mooring30-height100-lowrange/fullpanel-nowind-amp0200-freq1400-per40-depth580-mstop30-run1.csv,2026-03-27,canon_loose300,below_90_loose300,full,no,1.4,0.2,40.0,30.0,1,0.6853300915510325,0.682440919725783,0.6932688142158686,0.6853300915510325,False,ok,False,False,False,False,False
20260327-ProbePos4_31_FPV_2-tett6roof-under9Mooring30-height100-lowrange/fullpanel-nowind-amp0200-freq1400-per240-depth580-mstop30-run1.csv,2026-03-27,canon_loose300,below_90_loose300,full,no,1.4,0.2,240.0,30.0,1,0.6885217131026192,0.6874734099870674,0.6878070650994863,0.6885217131026192,False,ok,False,False,False,False,False
20260327-ProbePos4_31_FPV_2-tett6roof-under9Mooring30-height100-lowrange/fullpanel-fullwind-amp0300-freq1400-per40-depth580-mstop30-run2.csv,2026-03-27,canon_loose300,below_90_loose300,full,full,1.4,0.3,40.0,30.0,2,0.768986461659838,0.7686579149018103,0.7604809290122837,0.768986461659838,False,ok,False,False,False,False,False
20260327-ProbePos4_31_FPV_2-tett6roof-under9Mooring30-height100-lowrange/fullpanel-fullwind-amp0300-freq1400-per40-depth580-mstop30-run1.csv,2026-03-27,canon_loose300,below_90_loose300,full,full,1.4,0.3,40.0,30.0,1,0.7733818849488399,0.7731177940440334,0.7636036532041773,0.7733818849488399,False,ok,False,False,False,False,False
20260327-ProbePos4_31_FPV_2-tett6roof-under9Mooring30-height100-lowrange/fullpanel-fullwind-amp0300-freq1400-per240-depth580-mstop30-run1.csv,2026-03-27,canon_loose300,below_90_loose300,full,full,1.4,0.3,240.0,30.0,1,0.7651519530290513,0.7647568224731759,0.7580732310487774,0.7651519530290513,False,ok,False,False,False,False,False
20260327-ProbePos4_31_FPV_2-tett6roof-under9Mooring30-height100-lowrange/fullpanel-nowind-amp0300-freq1400-per40-depth580-mstop30-run1.csv,2026-03-27,canon_loose300,below_90_loose300,full,no,1.4,0.3,40.0,30.0,1,0.6694723780839026,0.6682472871390103,0.6701650211519903,0.6694723780839026,False,ok,False,False,False,True,True
20260327-ProbePos4_31_FPV_2-tett6roof-under9Mooring30-height100-lowrange/fullpanel-nowind-amp0300-freq1400-per240-depth580-mstop30-run1.csv,2026-03-27,canon_loose300,below_90_loose300,full,no,1.4,0.3,240.0,30.0,1,0.6737520646943147,0.6742611751704704,0.6767755602598531,0.6737520646943147,False,ok,False,False,False,False,False
20260327-ProbePos4_31_FPV_2-tett6roof-under9Mooring30-height100-lowrange/fullpanel-fullwind-amp0100-freq1500-per40-depth580-mstop30-run1.csv,2026-03-27,canon_loose300,below_90_loose300,full,full,1.5,0.1,40.0,30.0,1,0.6163962129693796,0.6141892170675947,0.6179803355388871,0.6163962129693796,False,ok,False,False,False,True,True
20260327-ProbePos4_31_FPV_2-tett6roof-under9Mooring30-height100-lowrange/fullpanel-fullwind-amp0100-freq1500-per240-depth580-mstop30-run1.csv,2026-03-27,canon_loose300,below_90_loose300,full,full,1.5,0.1,240.0,30.0,1,0.7049838242750296,0.7046922982955076,0.7025997415346904,0.7049838242750296,False,ok,False,False,False,False,False
20260327-ProbePos4_31_FPV_2-tett6roof-under9Mooring30-height100-lowrange/fullpanel-nowind-amp0100-freq1500-per40-depth580-mstop30-run1.csv,2026-03-27,canon_loose300,below_90_loose300,full,no,1.5,0.1,40.0,30.0,1,0.46412861984782555,0.46511580460069213,0.47649233982592853,0.46412861984782555,False,ok,False,False,False,False,False
20260327-ProbePos4_31_FPV_2-tett6roof-under9Mooring30-height100-lowrange/fullpanel-nowind-amp0100-freq1500-per240-depth580-mstop30-run1.csv,2026-03-27,canon_loose300,below_90_loose300,full,no,1.5,0.1,240.0,30.0,1,0.44123220467369334,0.4428477094621807,0.4555282706874391,0.44123220467369334,False,ok,False,False,False,False,False
20260327-ProbePos4_31_FPV_2-tett6roof-under9Mooring30-height100-lowrange/fullpanel-fullwind-amp0200-freq1500-per240-depth580-mstop30-run1.csv,2026-03-27,canon_loose300,below_90_loose300,full,full,1.5,0.2,240.0,30.0,1,0.7064801595525766,0.7031651045853099,0.7118422271980165,0.7064801595525766,False,ok,False,False,False,False,False
20260327-ProbePos4_31_FPV_2-tett6roof-under9Mooring30-height100-lowrange/fullpanel-fullwind-amp0200-freq1500-per40-depth580-mstop30-run1.csv,2026-03-27,canon_loose300,below_90_loose300,full,full,1.5,0.2,40.0,30.0,1,0.7027059163157248,0.7046967588975678,0.7197993478864607,0.7027059163157248,False,ok,False,False,False,False,False
20260327-ProbePos4_31_FPV_2-tett6roof-under9Mooring30-height100-lowrange/fullpanel-nowind-amp0200-freq1500-per240-depth580-mstop30-run1.csv,2026-03-27,canon_loose300,below_90_loose300,full,no,1.5,0.2,240.0,30.0,1,0.6085670782985625,0.6078687928452696,0.6214477024078825,0.6085670782985625,False,ok,False,False,False,False,False
20260327-ProbePos4_31_FPV_2-tett6roof-under9Mooring30-height100-lowrange/fullpanel-nowind-amp0200-freq1500-per40-depth580-mstop30-run1.csv,2026-03-27,canon_loose300,below_90_loose300,full,no,1.5,0.2,40.0,30.0,1,0.5801099493603972,0.5802997243506907,0.581023168490846,0.5801099493603972,False,ok,False,False,False,False,False
20260327-ProbePos4_31_FPV_2-tett6roof-under9Mooring30-height100-lowrange/fullpanel-fullwind-amp0300-freq1500-per40-depth580-mstop30-run2.csv,2026-03-27,canon_loose300,below_90_loose300,full,full,1.5,0.3,40.0,30.0,2,0.7131171110495463,0.7184797477893886,0.7072201136165387,0.7131171110495463,False,ok,False,False,False,False,False
20260327-ProbePos4_31_FPV_2-tett6roof-under9Mooring30-height100-lowrange/fullpanel-fullwind-amp0300-freq1500-per40-depth580-mstop30-run1.csv,2026-03-27,canon_loose300,below_90_loose300,full,full,1.5,0.3,40.0,30.0,1,0.7396653189902278,0.7379941062836674,0.7353428199366028,0.7396653189902278,False,ok,False,False,False,False,False
20260327-ProbePos4_31_FPV_2-tett6roof-under9Mooring30-height100-lowrange/fullpanel-fullwind-amp0300-freq1500-per240-depth580-mstop30-run1.csv,2026-03-27,canon_loose300,below_90_loose300,full,full,1.5,0.3,240.0,30.0,1,0.7374158473053581,0.7379787911352728,0.7340721206228937,0.7374158473053581,False,ok,False,False,False,False,False
20260327-ProbePos4_31_FPV_2-tett6roof-under9Mooring30-height100-lowrange/fullpanel-nowind-amp0300-freq1500-per40-depth580-mstop30-run1.csv,2026-03-27,canon_loose300,below_90_loose300,full,no,1.5,0.3,40.0,30.0,1,0.6098728916010483,0.6095736146093019,0.6063146330334147,0.6098728916010483,False,ok,False,False,False,False,False
20260327-ProbePos4_31_FPV_2-tett6roof-under9Mooring30-height100-lowrange/fullpanel-nowind-amp0300-freq1500-per240-depth580-mstop30-run1.csv,2026-03-27,canon_loose300,below_90_loose300,full,no,1.5,0.3,240.0,30.0,1,0.613568309572995,0.6132659452350671,0.6251545147372809,0.613568309572995,False,ok,False,False,False,False,False
20260327-ProbePos4_31_FPV_2-tett6roof-under9Mooring30-height100-lowrange/fullpanel-fullwind-amp0100-freq1600-per40-depth580-mstop30-run1.csv,2026-03-27,canon_loose300,below_90_loose300,full,full,1.6,0.1,40.0,30.0,1,0.5969393330184248,0.5871999632731488,0.6042447237264021,0.5969393330184248,False,ok,False,False,False,False,False
20260327-ProbePos4_31_FPV_2-tett6roof-under9Mooring30-height100-lowrange/fullpanel-fullwind-amp0100-freq1600-per240-depth580-mstop30-run1.csv,2026-03-27,canon_loose300,below_90_loose300,full,full,1.6,0.1,240.0,30.0,1,0.5960993186862195,0.596249444998647,0.5967760350590241,0.5960993186862195,False,ok,False,False,False,False,False
20260327-ProbePos4_31_FPV_2-tett6roof-under9Mooring30-height100-lowrange/fullpanel-nowind-amp0100-freq1600-per40-depth580-mstop30-run1.csv,2026-03-27,canon_loose300,below_90_loose300,full,no,1.6,0.1,40.0,30.0,1,0.36361799485176605,0.36311812102346874,0.37915051578613695,0.36361799485176605,False,ok,False,False,False,False,False
20260327-ProbePos4_31_FPV_2-tett6roof-under9Mooring30-height100-lowrange/fullpanel-nowind-amp0100-freq1600-per240-depth580-mstop30-run1.csv,2026-03-27,canon_loose300,below_90_loose300,full,no,1.6,0.1,240.0,30.0,1,0.37007289133957016,0.37047091467143395,0.3808400134670983,0.37007289133957016,False,ok,False,False,False,False,False
20260327-ProbePos4_31_FPV_2-tett6roof-under9Mooring30-height100-lowrange/fullpanel-fullwind-amp0200-freq1600-per40-depth580-mstop30-run1.csv,2026-03-27,canon_loose300,below_90_loose300,full,full,1.6,0.2,40.0,30.0,1,0.7114927874652502,0.7114547968254777,0.7150896408828906,0.7114927874652502,False,ok,False,False,False,False,False
20260327-ProbePos4_31_FPV_2-tett6roof-under9Mooring30-height100-lowrange/fullpanel-fullwind-amp0200-freq1600-per240-depth580-mstop30-run1.csv,2026-03-27,canon_loose300,below_90_loose300,full,full,1.6,0.2,240.0,30.0,1,0.6553788482658948,0.6564644256164458,0.6649181107246165,0.6553788482658948,False,ok,False,False,False,False,False
20260327-ProbePos4_31_FPV_2-tett6roof-under9Mooring30-height100-lowrange/fullpanel-nowind-amp0200-freq1600-per40-depth580-mstop30-run1.csv,2026-03-27,canon_loose300,below_90_loose300,full,no,1.6,0.2,40.0,30.0,1,0.4859126551658161,0.48405971198824843,0.48704881672401407,0.4859126551658161,False,ok,False,False,False,False,False
20260327-ProbePos4_31_FPV_2-tett6roof-under9Mooring30-height100-lowrange/fullpanel-nowind-amp0200-freq1600-per240-depth580-mstop30-run1.csv,2026-03-27,canon_loose300,below_90_loose300,full,no,1.6,0.2,240.0,30.0,1,0.4859051864777319,0.48514205727939214,0.49850757669163426,0.4859051864777319,False,ok,False,False,False,False,False
20260327-ProbePos4_31_FPV_2-tett6roof-under9Mooring30-height100-lowrange/fullpanel-fullwind-amp0300-freq1600-per40-depth580-mstop30-run1.csv,2026-03-27,canon_loose300,below_90_loose300,full,full,1.6,0.3,40.0,30.0,1,0.690965861574562,0.6854157324670466,0.6842556922091605,0.690965861574562,False,ok,False,False,False,False,False
20260327-ProbePos4_31_FPV_2-tett6roof-under9Mooring30-height100-lowrange/fullpanel-fullwind-amp0300-freq1600-per40-depth580-mstop30-run2.csv,2026-03-27,canon_loose300,below_90_loose300,full,full,1.6,0.3,40.0,30.0,2,0.7208346562961241,0.7197706890434854,0.7265288771185825,0.7208346562961241,False,ok,False,False,False,False,False
20260327-ProbePos4_31_FPV_2-tett6roof-under9Mooring30-height100-lowrange/fullpanel-fullwind-amp0300-freq1600-per240-depth580-mstop30-run1.csv,2026-03-27,canon_loose300,below_90_loose300,full,full,1.6,0.3,240.0,30.0,1,0.7201950694749608,0.7170938923488098,0.7131281273159655,0.7201950694749608,False,ok,False,False,False,False,False
20260327-ProbePos4_31_FPV_2-tett6roof-under9Mooring30-height100-lowrange/fullpanel-nowind-amp0300-freq1600-per240-depth580-mstop30-run1.csv,2026-03-27,canon_loose300,below_90_loose300,full,no,1.6,0.3,240.0,30.0,1,0.5273745588326402,0.5271863084347381,0.527063638817286,0.5273745588326402,False,dropout_critical,True,False,False,False,True
20260327-ProbePos4_31_FPV_2-tett6roof-under9Mooring30-height100-lowrange/fullpanel-nowind-amp0300-freq1600-per40-depth580-mstop30-run2.csv,2026-03-27,canon_loose300,below_90_loose300,full,no,1.6,0.3,40.0,30.0,2,0.5295152446008748,0.5301210281868024,0.5378838625662988,0.5295152446008748,False,ok,False,False,False,True,True
20260327-ProbePos4_31_FPV_2-tett6roof-under9Mooring30-height100-lowrange/fullpanel-nowind-amp0300-freq1600-per40-depth580-mstop30-run3.csv,2026-03-27,canon_loose300,below_90_loose300,full,no,1.6,0.3,40.0,30.0,3,0.5171553867054832,0.5171136522794428,0.5167447107550192,0.5171553867054832,False,ok,False,False,False,False,False
20260327-ProbePos4_31_FPV_2-tett6roof-under9Mooring30-height100-lowrange/fullpanel-nowind-amp0300-freq1600-per40-depth580-mstop30-run1.csv,2026-03-27,canon_loose300,below_90_loose300,full,no,1.6,0.3,40.0,30.0,1,0.7104621891923238,0.6129659428578726,0.5415332336330452,0.7104621891923238,False,dropout_critical,True,False,True,True,True
20260327-ProbePos4_31_FPV_2-tett6roof-under9Mooring30-height100-lowrange/fullpanel-nowind-amp0300-freq1600-per40-depth580-mstop30-run4.csv,2026-03-27,canon_loose300,below_90_loose300,full,no,1.6,0.3,40.0,30.0,4,0.5203860068319504,0.5206927482027336,0.5252292507377306,0.5203860068319504,False,ok,False,False,False,True,True
20251112-tett6roof/reversepanel-fullwind-amp0100-freq1300-per40-depth580-mstop30-run1.csv,2025-11-12,nov_above_stiff,above_50,reverse,full,1.3,0.1,40.0,30.0,1,0.7155059490171954,0.7131523943390938,0.7140749983197479,0.7155059490171954,False,ok,False,False,False,False,False
20251113-tett6roof-loosepaneltaped/reversepanel-fullwind-amp0100-freq1300-per40-depth580-mstop30-run1.csv,2025-11-13,nov_above_stiff,above_50,reverse,full,1.3,0.1,40.0,30.0,1,0.6954215620499815,0.6946181585706138,0.6719958458965721,0.6954215620499815,False,ok,False,False,False,True,True
20251112-tett6roof/reversepanel-nowind-amp0100-freq1300-per40-depth580-mstop30-run1.csv,2025-11-12,nov_above_stiff,above_50,reverse,no,1.3,0.1,40.0,30.0,1,0.6879241812514713,0.6881239970787645,0.7077021064664316,0.6879241812514713,False,ok,False,False,False,False,False
20251112-tett6roof/reversepanel-nowind-amp0100-freq1300-per40-depth580-mstop30-run3.csv,2025-11-12,nov_above_stiff,above_50,reverse,no,1.3,0.1,40.0,30.0,3,0.7024803556547197,0.7028024332842673,0.7245122875692638,0.7024803556547197,False,ok,False,False,False,False,False
20251112-tett6roof/reversepanel-nowind-amp0100-freq1300-per40-depth580-mstop30-run2.csv,2025-11-12,nov_above_stiff,above_50,reverse,no,1.3,0.1,40.0,30.0,2,0.6270251406918316,0.6273169917407911,0.6031471907765321,0.6270251406918316,False,ok,False,False,False,False,False
20251113-tett6roof/reversepanel-nowind-amp0100-freq1300-per40-depth580-mstop30-run1.csv,2025-11-13,nov_above_stiff,above_50,reverse,no,1.3,0.1,40.0,30.0,1,0.5506302211305812,0.5511317435349852,0.5480421856100895,0.5506302211305812,False,ok,False,False,False,False,False
20251113-tett6roof-loosepaneltaped/reversepanel-nowind-amp0100-freq1300-per40-depth580-mstop30-run1.csv,2025-11-13,nov_above_stiff,above_50,reverse,no,1.3,0.1,40.0,30.0,1,0.6221278297027724,0.6228291833030434,0.6311607800190823,0.6221278297027724,False,ok,False,False,False,False,False
20251113-tett6roof-probeadjusted/reversepanel-nowind-amp0100-freq1300-per40-depth580-mstop30-run2freqedit.csv,2025-11-13,nov_above_stiff,above_50,reverse,no,1.3,0.1,40.0,30.0,2,0.5649672397141999,0.5652172245056852,0.5601013807677538,0.5649672397141999,False,ok,False,False,False,False,False
20251113-tett6roof-probeadjusted/reversepanel-nowind-amp0100-freq1300-per40-depth580-mstop30-run1.csv,2025-11-13,nov_above_stiff,above_50,reverse,no,1.3,0.1,40.0,30.0,1,0.5672273793496312,0.5684952443678082,0.5733483355606481,0.5672273793496312,False,ok,False,False,False,False,False
20251112-tett6roof/reversepanel-fullwind-amp0200-freq1300-per40-depth580-mstop30-run1.csv,2025-11-12,nov_above_stiff,above_50,reverse,full,1.3,0.2,40.0,30.0,1,0.7092169910188743,0.7067910256198007,0.731877650617842,0.7092169910188743,False,ok,False,False,False,False,False
20251113-tett6roof-loosepaneltaped/reversepanel-fullwind-amp0200-freq1300-per40-depth580-mstop30-run1.csv,2025-11-13,nov_above_stiff,above_50,reverse,full,1.3,0.2,40.0,30.0,1,0.6616088395260465,0.6590916604569862,0.664724638389626,0.6616088395260465,False,ok,False,False,False,False,False
20251112-tett6roof/reversepanel-nowind-amp0200-freq1300-per40-depth580-mstop30-run1.csv,2025-11-12,nov_above_stiff,above_50,reverse,no,1.3,0.2,40.0,30.0,1,0.6928791074152117,0.6927705428643195,0.7011206368376776,0.6928791074152117,False,ok,False,False,False,False,False
20251113-tett6roof/reversepanel-nowind-amp0200-freq1300-per40-depth580-mstop30-run1.csv,2025-11-13,nov_above_stiff,above_50,reverse,no,1.3,0.2,40.0,30.0,1,0.6270131371162254,0.6260072824384132,0.6135004654026476,0.6270131371162254,False,ok,False,False,False,False,False
20251113-tett6roof-loosepaneltaped/reversepanel-nowind-amp0200-freq1300-per40-depth580-mstop30-run1.csv,2025-11-13,nov_above_stiff,above_50,reverse,no,1.3,0.2,40.0,30.0,1,0.722382863402526,0.7201749933053327,0.7246692205768982,0.722382863402526,False,ok,False,False,False,False,False
20251113-tett6roof-probeadjusted/reversepanel-nowind-amp0200-freq1300-per40-depth580-mstop30-run2.csv,2025-11-13,nov_above_stiff,above_50,reverse,no,1.3,0.2,40.0,30.0,2,0.6794589518343351,0.678666524082776,0.6820300427223038,0.6794589518343351,False,ok,False,False,False,False,False
20251113-tett6roof-probeadjusted/reversepanel-nowind-amp0200-freq1300-per40-depth580-mstop30-run1.csv,2025-11-13,nov_above_stiff,above_50,reverse,no,1.3,0.2,40.0,30.0,1,0.6928129594226335,0.6924054251697824,0.6925735681735171,0.6928129594226335,False,ok,False,False,False,False,False
20251112-tett6roof/reversepanel-fullwind-amp0300-freq1300-per40-depth580-mstop30-run1.csv,2025-11-12,nov_above_stiff,above_50,reverse,full,1.3,0.3,40.0,30.0,1,0.6789313049520044,0.6813887518062014,0.6842868370530172,0.6789313049520044,False,ok,False,False,False,False,False
20251113-tett6roof-loosepaneltaped/reversepanel-fullwind-amp0300-freq1300-per40-depth580-mstop30-run1.csv,2025-11-13,nov_above_stiff,above_50,reverse,full,1.3,0.3,40.0,30.0,1,0.6899018814257493,0.6885203895009409,0.6929362582360397,0.6899018814257493,False,ok,False,False,False,False,False
20251112-tett6roof/reversepanel-nowind-amp0300-freq1300-per40-depth580-mstop30-run1.csv,2025-11-12,nov_above_stiff,above_50,reverse,no,1.3,0.3,40.0,30.0,1,0.7226720679799673,0.7231311940344024,0.7207014112008349,0.7226720679799673,False,ok,False,False,False,False,False
20251113-tett6roof/reversepanel-nowind-amp0300-freq1300-per40-depth580-mstop30-run1.csv,2025-11-13,nov_above_stiff,above_50,reverse,no,1.3,0.3,40.0,30.0,1,0.7115418500674153,0.7115085881506712,0.7037588128214655,0.7115418500674153,False,ok,False,False,False,False,False
20251113-tett6roof-loosepaneltaped/reversepanel-nowind-amp0300-freq1300-per40-depth580-mstop30-run1.csv,2025-11-13,nov_above_stiff,above_50,reverse,no,1.3,0.3,40.0,30.0,1,0.7546275741492151,0.7541113084374527,0.7621474843590661,0.7546275741492151,False,ok,False,False,False,False,False
20251113-tett6roof-probeadjusted/reversepanel-nowind-amp0300-freq1300-per40-depth580-mstop30-run2.csv,2025-11-13,nov_above_stiff,above_50,reverse,no,1.3,0.3,40.0,30.0,2,0.6994405124876035,0.7000743939757003,0.7183884157048462,0.6994405124876035,False,ok,False,False,False,False,False
20251113-tett6roof-probeadjusted/reversepanel-nowind-amp0300-freq1300-per40-depth580-mstop30-run1.csv,2025-11-13,nov_above_stiff,above_50,reverse,no,1.3,0.3,40.0,30.0,1,0.6796725587050021,0.6790454607526822,0.6880793026074129,0.6796725587050021,False,ok,False,False,False,False,False
