run_idx,file_date,WindCondition,is_wave,WaveFreq_Hz,WaveAmp_V,run_mtime,path,mean_9373/170,sigma_9373/170,Hs_9373/170,mean_12400/250,sigma_12400/250,Hs_12400/250
0,2026-03-26,no,False,,,1774522215.0,/Users/ole/Kodevik/wave_project/wavedata/20260326-ProbePos4_31_FPV_2-tett6roof-under9Mooring-height100-lowrange/fullpanel-nowind-nowave-depth580-mstop30-startofday-run4.csv,0.0,0.0,0.0,0.0,0.0,0.0
1,2026-03-26,no,True,1.3,0.1,1774522425.0,/Users/ole/Kodevik/wave_project/wavedata/20260326-ProbePos4_31_FPV_2-tett6roof-under9Mooring-height100-lowrange/fullpanel-nowind-amp0100-freq1300-per240-depth580-mstop30-run2.csv,0.0,0.0,0.0,0.0,0.0,0.0
2,2026-03-26,full,False,,,1774524142.0,/Users/ole/Kodevik/wave_project/wavedata/20260326-ProbePos4_31_FPV_2-tett6roof-under9Mooring-height100-lowrange/fullpanel-fullwind-nowave-depth580-mstop30-run1.csv,-0.574680000000005,4.087954508106362,16.35181803242545,-0.05323999999999639,0.5020734402314531,2.0082937609258122
3,2026-03-26,no,False,,,1774529474.0,/Users/ole/Kodevik/wave_project/wavedata/20260326-ProbePos4_31_FPV_2-tett6roof-under9Mooring-height100-lowrange/fullpanel-nowind-nowave-depth580-mstop30-midday-run1.csv,0.011466666666665995,0.027639358429626823,0.11055743371850729,0.016519999999999185,0.03299102115175359,0.13196408460701436
4,2026-03-26,no,True,1.3,0.1,1774529906.0,/Users/ole/Kodevik/wave_project/wavedata/20260326-ProbePos4_31_FPV_2-tett6roof-under9Mooring-height100-lowrange/fullpanel-nowind-amp0100-freq1300-per240-depth580-mstop30-run1.csv,0.014053333333334308,0.032114570157134724,0.1284582806285389,0.013386666666667452,0.03330479597298372,0.13321918389193488
5,2026-03-26,full,True,1.3,0.1,1774530270.0,/Users/ole/Kodevik/wave_project/wavedata/20260326-ProbePos4_31_FPV_2-tett6roof-under9Mooring-height100-lowrange/fullpanel-fullwind-amp0100-freq1300-per240-depth580-mstop30-run1.csv,0.37936000000001363,4.204328820573942,16.81731528229577,-0.034080000000007396,0.21462705630402076,0.858508225216083
6,2026-03-26,full,True,0.8,0.2,1774530701.0,/Users/ole/Kodevik/wave_project/wavedata/20260326-ProbePos4_31_FPV_2-tett6roof-under9Mooring-height100-lowrange/fullpanel-fullwind-amp0200-freq0800-per240-depth580-mstop30-run1.csv,0.2274133333333358,4.740743039712269,18.962972158849077,0.07624000000000217,0.21114474941836364,0.8445789976734546
7,2026-03-26,full,True,0.9,0.2,1774531144.0,/Users/ole/Kodevik/wave_project/wavedata/20260326-ProbePos4_31_FPV_2-tett6roof-under9Mooring-height100-lowrange/fullpanel-fullwind-amp0200-freq0900-per240-depth580-mstop30-run1.csv,0.6779466666666722,5.133148098034059,20.532592392136237,-0.09574666666667069,0.3063906157747032,1.225562463098813
8,2026-03-26,full,True,1.0,0.2,1774531457.0,/Users/ole/Kodevik/wave_project/wavedata/20260326-ProbePos4_31_FPV_2-tett6roof-under9Mooring-height100-lowrange/fullpanel-fullwind-amp0200-freq1000-per240-depth580-mstop30-run1.csv,0.6542000000000007,4.792379927254955,19.16951970901982,0.13369333333334,0.31913783526780765,1.2765513410712306
9,2026-03-26,full,True,1.1,0.2,1774531877.0,/Users/ole/Kodevik/wave_project/wavedata/20260326-ProbePos4_31_FPV_2-tett6roof-under9Mooring-height100-lowrange/fullpanel-fullwind-amp0200-freq1100-per240-depth580-mstop30-run1.csv,-0.33792000000000577,3.396390834577435,13.58556333830974,-0.0957466666666769,0.2954355293882624,1.1817421175530496
10,2026-03-26,full,True,1.2,0.2,1774532289.0,/Users/ole/Kodevik/wave_project/wavedata/20260326-ProbePos4_31_FPV_2-tett6roof-under9Mooring-height100-lowrange/fullpanel-fullwind-amp0200-freq1200-per240-depth580-mstop30-run1.csv,0.20006666666666084,2.9288996682333903,11.715598672933561,-0.09819999999999275,0.2720261463519016,1.0881045854076064
11,2026-03-26,full,True,1.3,0.2,1774532992.0,/Users/ole/Kodevik/wave_project/wavedata/20260326-ProbePos4_31_FPV_2-tett6roof-under9Mooring-height100-lowrange/fullpanel-fullwind-amp0200-freq1300-per240-depth580-mstop30-run1.csv,-0.0015999999999871382,3.7159866589012642,14.863946635605057,0.019506666666665753,0.35455366451862813,1.4182146580745125
12,2026-03-26,full,True,1.4,0.2,1774533239.0,/Users/ole/Kodevik/wave_project/wavedata/20260326-ProbePos4_31_FPV_2-tett6roof-under9Mooring-height100-lowrange/fullpanel-fullwind-amp0200-freq1400-per240-depth580-mstop30-run1.csv,0.07986666666666863,3.892117807002635,15.56847122801054,0.040253333333329616,0.37400415501191564,1.4960166200476626
13,2026-03-26,full,True,1.5,0.2,1774533498.0,/Users/ole/Kodevik/wave_project/wavedata/20260326-ProbePos4_31_FPV_2-tett6roof-under9Mooring-height100-lowrange/fullpanel-fullwind-amp0200-freq1500-per240-depth580-mstop30-run1.csv,0.07020000000000702,2.6496237660220032,10.598495064088013,-0.0351733333333298,0.3371321908505597,1.3485287634022387
14,2026-03-26,full,True,1.6,0.2,1774533779.0,/Users/ole/Kodevik/wave_project/wavedata/20260326-ProbePos4_31_FPV_2-tett6roof-under9Mooring-height100-lowrange/fullpanel-fullwind-amp0200-freq1600-per240-depth580-mstop30-run1.csv,0.4068800000000068,2.6592583814136646,10.637033525654658,0.0037466666666664612,0.3196413457957925,1.27856538318317
15,2026-03-26,full,True,1.7,0.2,1774533999.0,/Users/ole/Kodevik/wave_project/wavedata/20260326-ProbePos4_31_FPV_2-tett6roof-under9Mooring-height100-lowrange/fullpanel-fullwind-amp0200-freq1700-per240-depth580-mstop30-run1.csv,0.3119600000000066,2.6559779712398996,10.623911884959599,0.0005066666666683659,0.32978895923362694,1.3191558369345078
16,2026-03-26,full,True,1.3,0.1,1774534666.0,/Users/ole/Kodevik/wave_project/wavedata/20260326-ProbePos4_31_FPV_2-tett6roof-under9Mooring-height100-lowrange/fullpanel-fullwind-amp0100-freq1300-per240-depth580-mstop330-run1.csv,0.42858666666666984,3.989906942821104,15.959627771284415,0.03317333333333177,0.2952156268063006,1.1808625072252024
17,2026-03-26,full,True,1.6,0.3,1774535211.0,/Users/ole/Kodevik/wave_project/wavedata/20260326-ProbePos4_31_FPV_2-tett6roof-under9Mooring-height100-lowrange/fullpanel-fullwind-amp0300-freq1600-per240-depth580-mstop330-run1.csv,0.4482933333333267,3.5688093281442987,14.275237312577195,-0.04268000000000349,0.3453662617275351,1.3814650469101404
18,2026-03-26,full,True,1.3,0.3,1774535490.0,/Users/ole/Kodevik/wave_project/wavedata/20260326-ProbePos4_31_FPV_2-tett6roof-under9Mooring-height100-lowrange/fullpanel-fullwind-amp0300-freq1300-per240-depth580-mstop30-run1.csv,0.4367066666666698,3.859671052667826,15.438684210671305,-0.04288000000000354,0.36811535894334313,1.4724614357733725
19,2026-03-26,full,True,1.4,0.3,1774535723.0,/Users/ole/Kodevik/wave_project/wavedata/20260326-ProbePos4_31_FPV_2-tett6roof-under9Mooring-height100-lowrange/fullpanel-fullwind-amp0300-freq1400-per240-depth580-mstop30-run1.csv,0.44069220095694195,6.290376234518109,25.161504938072436,0.042173333333338635,0.41643851647779956,1.6657540659111982
20,2026-03-26,full,True,1.5,0.3,1774535979.0,/Users/ole/Kodevik/wave_project/wavedata/20260326-ProbePos4_31_FPV_2-tett6roof-under9Mooring-height100-lowrange/fullpanel-fullwind-amp0300-freq1500-per240-depth580-mstop30-run1.csv,0.3422799999999863,3.0319671119077563,12.127868447631025,0.026359999999988795,0.3064547324985577,1.2258189299942308
21,2026-03-26,full,True,1.6,0.3,1774536250.0,/Users/ole/Kodevik/wave_project/wavedata/20260326-ProbePos4_31_FPV_2-tett6roof-under9Mooring-height100-lowrange/fullpanel-fullwind-amp0300-freq1600-per240-depth580-mstop30-run1.csv,0.7966933333333321,5.3268281052460615,21.307312420984246,-0.04939999999999579,0.3234341553863677,1.2937366215454709
22,2026-03-26,full,True,1.4,0.1,1774536513.0,/Users/ole/Kodevik/wave_project/wavedata/20260326-ProbePos4_31_FPV_2-tett6roof-under9Mooring-height100-lowrange/fullpanel-fullwind-amp0100-freq1400-per240-depth580-mstop30-run1.csv,-0.11369333333332939,3.4324423918914886,13.729769567565954,-0.030813333333336156,0.3767853873578315,1.507141549431326
23,2026-03-26,full,True,1.5,0.1,1774536793.0,/Users/ole/Kodevik/wave_project/wavedata/20260326-ProbePos4_31_FPV_2-tett6roof-under9Mooring-height100-lowrange/fullpanel-fullwind-amp0100-freq1500-per240-depth580-mstop30-run1.csv,-0.03626666666666324,4.584615177306327,18.33846070922531,-0.017653333333331564,0.3822699747565271,1.5290798990261083
24,2026-03-26,full,True,1.6,0.1,1774537094.0,/Users/ole/Kodevik/wave_project/wavedata/20260326-ProbePos4_31_FPV_2-tett6roof-under9Mooring-height100-lowrange/fullpanel-fullwind-amp0100-freq1600-per240-depth580-mstop30-run1.csv,0.2217466666666718,3.7659088112594876,15.06363524503795,-0.054546666666661865,0.4154846541321529,1.6619386165286116
25,2026-03-26,full,False,,,1774537792.0,/Users/ole/Kodevik/wave_project/wavedata/20260326-ProbePos4_31_FPV_2-tett6roof-under9Mooring-height100-lowrange/fullpanel-fullwind-nowave-depth580-mstop30-run2.csv,0.47460000000000735,4.508710044090464,18.034840176361858,-0.1365599999999948,0.31114484497213946,1.2445793798885578
26,2026-03-26,full,True,1.2,0.1,1774537936.0,/Users/ole/Kodevik/wave_project/wavedata/20260326-ProbePos4_31_FPV_2-tett6roof-under9Mooring-height100-lowrange/fullpanel-fullwind-amp0100-freq1200-per33-depth580-mstop30-run1.csv,0.6063466666666684,3.2276538619290416,12.910615447716166,0.1178266666666659,0.37833123404290286,1.5133249361716115
27,2026-03-26,full,True,1.2,0.1,1774538087.0,/Users/ole/Kodevik/wave_project/wavedata/20260326-ProbePos4_31_FPV_2-tett6roof-under9Mooring-height100-lowrange/fullpanel-fullwind-amp0100-freq1200-per40-depth580-mstop30-run1.csv,0.3412933333333349,4.38841280531911,17.55365122127644,-0.057453333333335174,0.2936534652143564,1.1746138608574257
28,2026-03-26,full,True,1.2,0.1,1774538432.0,/Users/ole/Kodevik/wave_project/wavedata/20260326-ProbePos4_31_FPV_2-tett6roof-under9Mooring-height100-lowrange/fullpanel-fullwind-amp0100-freq1200-per40-depth580-mstop30-run2.csv,0.2977733333333349,3.592155780701331,14.368623122805324,-0.042893333333339306,0.39016107294211333,1.5606442917684533
29,2026-03-26,full,True,1.1,0.1,1774538710.0,/Users/ole/Kodevik/wave_project/wavedata/20260326-ProbePos4_31_FPV_2-tett6roof-under9Mooring-height100-lowrange/fullpanel-fullwind-amp0100-freq1100-per40-depth580-mstop30-run1.csv,-0.43936000000000014,3.581454473431199,14.325817893724796,0.12377333333332562,0.351839001343006,1.407356005372024
30,2026-03-26,full,True,1.0,0.1,1774538830.0,/Users/ole/Kodevik/wave_project/wavedata/20260326-ProbePos4_31_FPV_2-tett6roof-under9Mooring-height100-lowrange/fullpanel-fullwind-amp0100-freq1000-per40-depth580-mstop30-run1.csv,0.41257333333332774,3.1870927386551853,12.748370954620741,0.11729333333333909,0.369260809387287,1.477043237549148
31,2026-03-26,full,True,0.9,0.1,1774538953.0,/Users/ole/Kodevik/wave_project/wavedata/20260326-ProbePos4_31_FPV_2-tett6roof-under9Mooring-height100-lowrange/fullpanel-fullwind-amp0100-freq0900-per40-depth580-mstop30-run1.csv,0.28162666666667385,3.6331034403247715,14.532413761299086,-0.06473333333333275,0.4351880594467199,1.7407522377868796
32,2026-03-26,full,True,0.8,0.1,1774539085.0,/Users/ole/Kodevik/wave_project/wavedata/20260326-ProbePos4_31_FPV_2-tett6roof-under9Mooring-height100-lowrange/fullpanel-fullwind-amp0100-freq0800-per40-depth580-mstop30-run1.csv,0.6916000000000014,3.3244525694488947,13.297810277795579,0.029639999999992596,0.3292662936330263,1.3170651745321051
33,2026-03-26,full,True,0.7,0.1,1774539310.0,/Users/ole/Kodevik/wave_project/wavedata/20260326-ProbePos4_31_FPV_2-tett6roof-under9Mooring-height100-lowrange/fullpanel-fullwind-amp0100-freq0700-per40-depth580-mstop30-run1.csv,0.15842666666666655,3.876690181108445,15.50676072443378,-0.1392799999999948,0.35373122938683876,1.414924917547355
34,2026-03-26,full,True,0.6,0.1,1774539566.0,/Users/ole/Kodevik/wave_project/wavedata/20260326-ProbePos4_31_FPV_2-tett6roof-under9Mooring-height100-lowrange/fullpanel-fullwind-amp0100-freq0600-per40-depth580-mstop30-run1.csv,-0.1730533333333298,3.6522759712516883,14.609103885006753,-0.012866666666660233,0.38295559647830507,1.5318223859132203
35,2026-03-26,full,True,1.3,0.1,1774539674.0,/Users/ole/Kodevik/wave_project/wavedata/20260326-ProbePos4_31_FPV_2-tett6roof-under9Mooring-height100-lowrange/fullpanel-fullwind-amp0100-freq1300-per40-depth580-mstop30-run2.csv,0.05682666666666959,2.3798764840627227,9.51950593625089,0.004360000000003557,0.32750145037846734,1.3100058015138694
36,2026-03-26,full,False,,,1774539866.0,/Users/ole/Kodevik/wave_project/wavedata/20260326-ProbePos4_31_FPV_2-tett6roof-under9Mooring-height100-lowrange/fullpanel-fullwind-nowave-depth580-mstop30-run3.csv,0.6113066666666715,4.082527149923443,16.330108599693773,-0.011453333333336143,0.35281646848770604,1.4112658739508241
37,2026-03-26,full,True,1.3,0.1,1774540306.0,/Users/ole/Kodevik/wave_project/wavedata/20260326-ProbePos4_31_FPV_2-tett6roof-under9Mooring-height100-lowrange/fullpanel-fullwind-amp0100-freq1300-per40-depth580-mstop330-run1.csv,0.5060266666666606,3.71389592070582,14.85558368282328,0.05914666666667163,0.383077367531558,1.532309470126232
38,2026-03-26,full,False,,,1774540794.0,/Users/ole/Kodevik/wave_project/wavedata/20260326-ProbePos4_31_FPV_2-tett6roof-under9Mooring-height100-lowrange/fullpanel-fullwind-nowave-depth580-mstop330-run1.csv,0.44990666666667295,4.296691914310073,17.186767657240292,-0.008359999999995447,0.3317302674771799,1.3269210699087195
39,2026-03-26,no,False,,,1774541935.0,/Users/ole/Kodevik/wave_project/wavedata/20260326-ProbePos4_31_FPV_2-tett6roof-under9Mooring-height100-lowrange/fullpanel-nowind-nowave-depth580-mstop30-endofday-run1.csv,0.028439999999996586,0.041870083255573835,0.16748033302229534,0.026519999999996817,0.041057730693084056,0.16423092277233622
40,2026-03-27,no,False,,,1774604264.0,/Users/ole/Kodevik/wave_project/wavedata/20260327-ProbePos4_31_FPV_2-tett6roof-under9Mooring30-height100-lowrange/fullpanel-nowind-nowave-depth580-mstop30-run1.csv,0.0034000000000002045,0.022643401500408555,0.09057360600163422,0.0058666666666675835,0.02086854612038405,0.0834741844815362
41,2026-03-27,no,False,,,1774604361.0,/Users/ole/Kodevik/wave_project/wavedata/20260327-ProbePos4_31_FPV_2-tett6roof-under9Mooring30-height100-lowrange/fullpanel-nowind-nowave-depth580-mstop30-run2-startofday.csv,-0.0015599999999996613,0.0329030375473117,0.1316121501892468,0.0068266666666677335,0.022365081818212937,0.08946032727285175
42,2026-03-27,no,True,1.3,0.1,1774604475.0,/Users/ole/Kodevik/wave_project/wavedata/20260327-ProbePos4_31_FPV_2-tett6roof-under9Mooring30-height100-lowrange/fullpanel-nowind-amp0100-freq1300-per40-depth580-mstop30-run1.csv,-0.0026399999999996452,0.03442398021561708,0.13769592086246832,0.0062933333333343175,0.021551796416867268,0.08620718566746907
43,2026-03-27,no,True,1.4,0.1,1774604680.0,/Users/ole/Kodevik/wave_project/wavedata/20260327-ProbePos4_31_FPV_2-tett6roof-under9Mooring30-height100-lowrange/fullpanel-nowind-amp0100-freq1400-per40-depth580-mstop30-run1.csv,0.0029199999999998264,0.02601491818086877,0.10405967272347508,0.006560000000000969,0.022072970379220794,0.08829188151688318
44,2026-03-27,no,True,1.5,0.1,1774604830.0,/Users/ole/Kodevik/wave_project/wavedata/20260327-ProbePos4_31_FPV_2-tett6roof-under9Mooring30-height100-lowrange/fullpanel-nowind-amp0100-freq1500-per40-depth580-mstop30-run1.csv,-0.002120000000000137,0.031667692110911895,0.12667076844364758,0.006693333333334294,0.0223278002299041,0.0893112009196164
45,2026-03-27,no,True,1.6,0.1,1774604985.0,/Users/ole/Kodevik/wave_project/wavedata/20260327-ProbePos4_31_FPV_2-tett6roof-under9Mooring30-height100-lowrange/fullpanel-nowind-amp0100-freq1600-per40-depth580-mstop30-run1.csv,0.0014933333333335289,0.023930458513823288,0.09572183405529315,0.0070400000000011,0.02267871613549217,0.09071486454196868
46,2026-03-27,no,True,1.3,0.2,1774605143.0,/Users/ole/Kodevik/wave_project/wavedata/20260327-ProbePos4_31_FPV_2-tett6roof-under9Mooring30-height100-lowrange/fullpanel-nowind-amp0200-freq1300-per40-depth580-mstop30-run1.csv,-0.006093333333332983,0.03414516772342323,0.1365806708936929,0.0058666666666675835,0.02086854612038405,0.0834741844815362
47,2026-03-27,no,True,1.4,0.2,1774605313.0,/Users/ole/Kodevik/wave_project/wavedata/20260327-ProbePos4_31_FPV_2-tett6roof-under9Mooring30-height100-lowrange/fullpanel-nowind-amp0200-freq1400-per40-depth580-mstop30-run1.csv,-0.0023466666666665218,0.03049370936170954,0.12197483744683817,0.006533333333334326,0.02197785834043006,0.08791143336172023
48,2026-03-27,no,True,1.5,0.2,1774605507.0,/Users/ole/Kodevik/wave_project/wavedata/20260327-ProbePos4_31_FPV_2-tett6roof-under9Mooring30-height100-lowrange/fullpanel-nowind-amp0200-freq1500-per40-depth580-mstop30-run1.csv,0.004800000000000182,0.020236254792098066,0.08094501916839227,0.006933333333334417,0.022522697842691893,0.09009079137076757
49,2026-03-27,no,True,1.6,0.2,1774605660.0,/Users/ole/Kodevik/wave_project/wavedata/20260327-ProbePos4_31_FPV_2-tett6roof-under9Mooring30-height100-lowrange/fullpanel-nowind-amp0200-freq1600-per40-depth580-mstop30-run1.csv,-0.00017333333333336516,0.028971637220562563,0.11588654888225025,0.007706666666667843,0.023670396541932474,0.0946815861677299
50,2026-03-27,no,True,1.3,0.3,1774605834.0,/Users/ole/Kodevik/wave_project/wavedata/20260327-ProbePos4_31_FPV_2-tett6roof-under9Mooring30-height100-lowrange/fullpanel-nowind-amp0300-freq1300-per40-depth580-mstop30-run1.csv,-0.0013600000000001842,0.02802851875890776,0.11211407503563103,0.008093333333332339,0.02353231073269586,0.09412924293078344
51,2026-03-27,no,True,1.4,0.3,1774606049.0,/Users/ole/Kodevik/wave_project/wavedata/20260327-ProbePos4_31_FPV_2-tett6roof-under9Mooring30-height100-lowrange/fullpanel-nowind-amp0300-freq1400-per40-depth580-mstop30-run1.csv,-0.00360000000000169,0.03242903312752629,0.12971613251010516,0.0038000000000028913,0.024321774845641554,0.09728709938256622
52,2026-03-27,no,True,1.5,0.3,1774606216.0,/Users/ole/Kodevik/wave_project/wavedata/20260327-ProbePos4_31_FPV_2-tett6roof-under9Mooring30-height100-lowrange/fullpanel-nowind-amp0300-freq1500-per40-depth580-mstop30-run1.csv,-0.003560000000001518,0.030766678696669766,0.12306671478667906,0.009079999999998563,0.026466725967607404,0.10586690387042962
53,2026-03-27,no,True,1.6,0.3,1774606486.0,/Users/ole/Kodevik/wave_project/wavedata/20260327-ProbePos4_31_FPV_2-tett6roof-under9Mooring30-height100-lowrange/fullpanel-nowind-amp0300-freq1600-per40-depth580-mstop30-run2.csv,-0.0512266666666707,0.23647181759407238,0.9458872703762895,-0.04028000000000151,0.11893969256429837,0.4757587702571935
54,2026-03-27,no,True,1.6,0.3,1774606571.0,/Users/ole/Kodevik/wave_project/wavedata/20260327-ProbePos4_31_FPV_2-tett6roof-under9Mooring30-height100-lowrange/fullpanel-nowind-amp0300-freq1600-per40-depth580-mstop30-run3.csv,-0.10317333333333689,0.7348556868275828,2.9394227473103314,-0.0803466666666696,0.2863366283039944,1.1453465132159777
55,2026-03-27,no,True,1.6,0.3,1774606638.0,/Users/ole/Kodevik/wave_project/wavedata/20260327-ProbePos4_31_FPV_2-tett6roof-under9Mooring30-height100-lowrange/fullpanel-nowind-amp0300-freq1600-per40-depth580-mstop30-run4.csv,-0.05762666666665956,0.27956903574947134,1.1182761429978854,-0.09488000000000321,0.2681279092167283,1.0725116368669132
56,2026-03-27,no,True,1.3,0.1,1774606747.0,/Users/ole/Kodevik/wave_project/wavedata/20260327-ProbePos4_31_FPV_2-tett6roof-under9Mooring30-height100-lowrange/fullpanel-nowind-amp0100-freq1300-per40-depth580-mstop30-run2-rettetterpå.csv,0.16150666666666552,0.5291381478671325,2.11655259146853,-0.12574666666667003,0.28574249629308823,1.142969985172353
57,2026-03-27,no,True,1.3,0.1,1774606909.0,/Users/ole/Kodevik/wave_project/wavedata/20260327-ProbePos4_31_FPV_2-tett6roof-under9Mooring30-height100-lowrange/fullpanel-nowind-amp0100-freq1300-per40-depth580-mstop30-run3.csv,0.004439999999999467,0.019503681484662895,0.07801472593865158,0.00875999999999895,0.026694803802736304,0.10677921521094522
58,2026-03-27,no,True,1.3,0.1,1774607181.0,/Users/ole/Kodevik/wave_project/wavedata/20260327-ProbePos4_31_FPV_2-tett6roof-under9Mooring30-height100-lowrange/fullpanel-nowind-amp0100-freq1300-per240-depth580-mstop30-run1.csv,-0.11176000000000351,0.22745670167055315,0.9098268066822126,-0.0555866666666688,0.1451627320650736,0.5806509282602944
59,2026-03-27,no,True,1.3,0.1,1774607495.0,/Users/ole/Kodevik/wave_project/wavedata/20260327-ProbePos4_31_FPV_2-tett6roof-under9Mooring30-height100-lowrange/fullpanel-nowind-amp0100-freq1300-per240-depth580-mstop30-run2.csv,0.0045599999999994525,0.01975162192728108,0.07900648770912432,0.00707999999999915,0.024245770968968974,0.0969830838758759
60,2026-03-27,no,True,1.3,0.1,1774608047.0,/Users/ole/Kodevik/wave_project/wavedata/20260327-ProbePos4_31_FPV_2-tett6roof-under9Mooring30-height100-lowrange/fullpanel-nowind-amp0100-freq1300-per240-depth580-mstop330-run3.csv,-0.00019999999999754437,0.031889118643364044,0.12755647457345617,0.004999999999999337,0.026433532533314513,0.10573413013325805
61,2026-03-27,full,True,1.3,0.1,1774608584.0,/Users/ole/Kodevik/wave_project/wavedata/20260327-ProbePos4_31_FPV_2-tett6roof-under9Mooring30-height100-lowrange/fullpanel-fullwind-amp0100-freq1300-per40-depth580-mstop30-run1.csv,-0.3683466666666686,3.9944988790688214,15.977995516275286,0.07342666666666489,0.308043252617007,1.232173010468028
62,2026-03-27,full,True,1.4,0.1,1774608689.0,/Users/ole/Kodevik/wave_project/wavedata/20260327-ProbePos4_31_FPV_2-tett6roof-under9Mooring30-height100-lowrange/fullpanel-fullwind-amp0100-freq1400-per40-depth580-mstop30-run1.csv,1.5070533333333285,6.2453056750214255,24.981222700085702,-0.0025733333333353508,0.3351486398151074,1.3405945592604296
63,2026-03-27,full,True,1.5,0.1,1774608762.0,/Users/ole/Kodevik/wave_project/wavedata/20260327-ProbePos4_31_FPV_2-tett6roof-under9Mooring30-height100-lowrange/fullpanel-fullwind-amp0100-freq1500-per40-depth580-mstop30-run1.csv,0.23122666666666222,3.813592866229259,15.254371464917035,0.05446666666666764,0.3128219818768349,1.2512879275073396
64,2026-03-27,full,True,1.6,0.1,1774608894.0,/Users/ole/Kodevik/wave_project/wavedata/20260327-ProbePos4_31_FPV_2-tett6roof-under9Mooring30-height100-lowrange/fullpanel-fullwind-amp0100-freq1600-per40-depth580-mstop30-run1.csv,0.25517333333333425,4.068599985795455,16.27439994318182,-0.02099999999999513,0.33803948624237906,1.3521579449695162
65,2026-03-27,full,True,1.3,0.2,1774609010.0,/Users/ole/Kodevik/wave_project/wavedata/20260327-ProbePos4_31_FPV_2-tett6roof-under9Mooring30-height100-lowrange/fullpanel-fullwind-amp0200-freq1300-per40-depth580-mstop30-run1.csv,0.18395999999999724,4.309572221854567,17.238288887418268,0.025400000000004943,0.28524233718231196,1.1409693487292478
66,2026-03-27,full,True,1.4,0.2,1774609142.0,/Users/ole/Kodevik/wave_project/wavedata/20260327-ProbePos4_31_FPV_2-tett6roof-under9Mooring30-height100-lowrange/fullpanel-fullwind-amp0200-freq1400-per40-depth580-mstop30-run1.csv,-0.033279999999992656,4.174169589744999,16.696678358979995,0.09686666666666158,0.3325239015203745,1.330095606081498
67,2026-03-27,full,True,1.5,0.2,1774609278.0,/Users/ole/Kodevik/wave_project/wavedata/20260327-ProbePos4_31_FPV_2-tett6roof-under9Mooring30-height100-lowrange/fullpanel-fullwind-amp0200-freq1500-per40-depth580-mstop30-run1.csv,0.5081066666666587,4.616286872361754,18.465147489447016,0.016066666666668502,0.35223622191686,1.40894488766744
68,2026-03-27,full,True,1.6,0.2,1774609388.0,/Users/ole/Kodevik/wave_project/wavedata/20260327-ProbePos4_31_FPV_2-tett6roof-under9Mooring30-height100-lowrange/fullpanel-fullwind-amp0200-freq1600-per40-depth580-mstop30-run1.csv,0.7424533333333406,4.5924996154722795,18.369998461889118,0.016026666666660257,0.27013115408896066,1.0805246163558426
69,2026-03-27,full,True,1.3,0.3,1774609531.0,/Users/ole/Kodevik/wave_project/wavedata/20260327-ProbePos4_31_FPV_2-tett6roof-under9Mooring30-height100-lowrange/fullpanel-fullwind-amp0300-freq1300-per40-depth580-mstop30-run1.csv,-0.11569333333331917,3.680029530100553,14.720118120402212,-0.04865333333333153,0.29458563115161923,1.178342524606477
70,2026-03-27,full,True,1.4,0.3,1774609702.0,/Users/ole/Kodevik/wave_project/wavedata/20260327-ProbePos4_31_FPV_2-tett6roof-under9Mooring30-height100-lowrange/fullpanel-fullwind-amp0300-freq1400-per40-depth580-mstop30-run1.csv,0.3895200000000006,3.9020305174544094,15.608122069817638,0.07660000000000802,0.2894574594439944,1.1578298377759777
71,2026-03-27,full,True,1.5,0.3,1774609864.0,/Users/ole/Kodevik/wave_project/wavedata/20260327-ProbePos4_31_FPV_2-tett6roof-under9Mooring30-height100-lowrange/fullpanel-fullwind-amp0300-freq1500-per40-depth580-mstop30-run1.csv,0.3052533333333208,4.869552099802658,19.478208399210633,-0.0031466666666693,0.32415397507197663,1.2966159002879065
72,2026-03-27,full,True,1.6,0.3,1774610035.0,/Users/ole/Kodevik/wave_project/wavedata/20260327-ProbePos4_31_FPV_2-tett6roof-under9Mooring30-height100-lowrange/fullpanel-fullwind-amp0300-freq1600-per40-depth580-mstop30-run1.csv,0.23022666666667363,3.645317178481346,14.581268713925384,-0.06822666666666766,0.3418280032423079,1.3673120129692315
73,2026-03-27,full,True,1.3,0.1,1774610143.0,/Users/ole/Kodevik/wave_project/wavedata/20260327-ProbePos4_31_FPV_2-tett6roof-under9Mooring30-height100-lowrange/fullpanel-fullwind-amp0100-freq1300-per40-depth580-mstop30-run2.csv,0.03973333333333119,2.8439588953581723,11.375835581432689,0.05244000000000763,0.3078883564758557,1.2315534259034229
74,2026-03-27,full,True,1.2,0.2,1774610269.0,/Users/ole/Kodevik/wave_project/wavedata/20260327-ProbePos4_31_FPV_2-tett6roof-under9Mooring30-height100-lowrange/fullpanel-fullwind-amp0200-freq1200-per40-depth580-mstop30-run1.csv,0.6267866666666702,3.0619174154170135,12.247669661668054,0.13381333333333234,0.32028044675719564,1.2811217870287825
75,2026-03-27,full,True,1.1,0.2,1774610396.0,/Users/ole/Kodevik/wave_project/wavedata/20260327-ProbePos4_31_FPV_2-tett6roof-under9Mooring30-height100-lowrange/fullpanel-fullwind-amp0200-freq1100-per40-depth580-mstop30-run1.csv,0.9358400000000058,5.318596291919692,21.27438516767877,-0.059079999999991493,0.31710360009139127,1.268414400365565
76,2026-03-27,full,True,1.0,0.2,1774610513.0,/Users/ole/Kodevik/wave_project/wavedata/20260327-ProbePos4_31_FPV_2-tett6roof-under9Mooring30-height100-lowrange/fullpanel-fullwind-amp0200-freq1000-per40-depth580-mstop30-run1.csv,0.23225333333333886,4.59590467432941,18.38361869731764,-0.0006400000000021085,0.300425805515259,1.201703222061036
77,2026-03-27,full,True,0.9,0.2,1774610669.0,/Users/ole/Kodevik/wave_project/wavedata/20260327-ProbePos4_31_FPV_2-tett6roof-under9Mooring30-height100-lowrange/fullpanel-fullwind-amp0200-freq0900-per40-depth580-mstop30-run1.csv,0.13783999999998714,4.2346553431852545,16.938621372741018,0.0009733333333307239,0.26958700913845424,1.078348036553817
78,2026-03-27,full,True,0.8,0.2,1774610873.0,/Users/ole/Kodevik/wave_project/wavedata/20260327-ProbePos4_31_FPV_2-tett6roof-under9Mooring30-height100-lowrange/fullpanel-fullwind-amp0200-freq0800-per40-depth580-mstop30-run1.csv,0.8797466666666622,4.74421666785406,18.97686667141624,-0.07852000000000572,0.34832511170541947,1.3933004468216779
79,2026-03-27,full,True,1.3,0.1,1774610997.0,/Users/ole/Kodevik/wave_project/wavedata/20260327-ProbePos4_31_FPV_2-tett6roof-under9Mooring30-height100-lowrange/fullpanel-fullwind-amp0100-freq1300-per40-depth580-mstop30-run3.csv,0.21443999999999921,5.701405433600653,22.805621734402614,-0.06687999999999933,0.3053901599589166,1.2215606398356664
80,2026-03-27,full,True,1.6,0.3,1774611155.0,/Users/ole/Kodevik/wave_project/wavedata/20260327-ProbePos4_31_FPV_2-tett6roof-under9Mooring30-height100-lowrange/fullpanel-fullwind-amp0300-freq1600-per40-depth580-mstop30-run2.csv,0.7321866666666711,5.001374525869822,20.005498103479287,-0.02493333333332936,0.30475875610300396,1.2190350244120158
81,2026-03-27,full,True,1.7,0.3,1774611251.0,/Users/ole/Kodevik/wave_project/wavedata/20260327-ProbePos4_31_FPV_2-tett6roof-under9Mooring30-height100-lowrange/fullpanel-fullwind-amp0300-freq1700-per40-depth580-mstop30-run1.csv,0.9339600000000016,5.049287242169789,20.197148968679155,-0.08631999999999625,0.41389620803776034,1.6555848321510414
82,2026-03-27,full,True,1.5,0.3,1774611407.0,/Users/ole/Kodevik/wave_project/wavedata/20260327-ProbePos4_31_FPV_2-tett6roof-under9Mooring30-height100-lowrange/fullpanel-fullwind-amp0300-freq1500-per40-depth580-mstop30-run2.csv,0.9885333333333381,4.094169775476193,16.376679101904774,0.08958666666666112,0.3086625869981196,1.2346503479924784
83,2026-03-27,full,True,1.4,0.3,1774611500.0,/Users/ole/Kodevik/wave_project/wavedata/20260327-ProbePos4_31_FPV_2-tett6roof-under9Mooring30-height100-lowrange/fullpanel-fullwind-amp0300-freq1400-per40-depth580-mstop30-run2.csv,-0.13797333333333422,3.973586273941652,15.894345095766608,-0.012706666666660945,0.32364703586982635,1.2945881434793054
84,2026-03-27,full,True,1.3,0.3,1774611717.0,/Users/ole/Kodevik/wave_project/wavedata/20260327-ProbePos4_31_FPV_2-tett6roof-under9Mooring30-height100-lowrange/fullpanel-fullwind-amp0300-freq1300-per40-depth580-mstop30-run2.csv,0.26361333333333753,4.046015513135394,16.184062052541577,0.10840000000000556,0.38434741738388917,1.5373896695355567
85,2026-03-27,full,True,1.3,0.1,1774612187.0,/Users/ole/Kodevik/wave_project/wavedata/20260327-ProbePos4_31_FPV_2-tett6roof-under9Mooring30-height100-lowrange/fullpanel-fullwind-amp0100-freq1300-per40-depth580-mstop330-run2.csv,0.2645866666666674,4.5533253186836875,18.21330127473475,0.1541466666666713,0.29551160377585345,1.1820464151034138
86,2026-03-27,no,False,,,1774621005.0,/Users/ole/Kodevik/wave_project/wavedata/20260327-ProbePos4_31_FPV_2-tett6roof-under9Mooring30-height100-lowrange/fullpanel-nowind-nowave-depth580-mstop30-run1-midday.csv,-0.01185333333333377,0.030420371807669384,0.12168148723067754,-0.006520000000000437,0.03462592775889575,0.138503711035583
87,2026-03-27,no,True,1.3,0.1,1774621340.0,/Users/ole/Kodevik/wave_project/wavedata/20260327-ProbePos4_31_FPV_2-tett6roof-under9Mooring30-height100-lowrange/fullpanel-nowind-amp0100-freq1300-per240-depth580-mstop30-run4.csv,-0.03080000000000005,0.09673246383408367,0.38692985533633467,-0.10554666666666537,0.17057479934557623,0.6822991973823049
88,2026-03-27,no,True,1.4,0.1,1774621578.0,/Users/ole/Kodevik/wave_project/wavedata/20260327-ProbePos4_31_FPV_2-tett6roof-under9Mooring30-height100-lowrange/fullpanel-nowind-amp0100-freq1400-per240-depth580-mstop30-run1.csv,-0.03133333333333318,0.08375425515098711,0.33501702060394845,-0.1736133333333317,0.1946017392988532,0.7784069571954128
89,2026-03-27,no,True,1.5,0.1,1774621811.0,/Users/ole/Kodevik/wave_project/wavedata/20260327-ProbePos4_31_FPV_2-tett6roof-under9Mooring30-height100-lowrange/fullpanel-nowind-amp0100-freq1500-per240-depth580-mstop30-run1.csv,-0.011519999999999357,0.17045868850246754,0.6818347540098701,-0.008760000000000332,0.026694803802740516,0.10677921521096206
90,2026-03-27,no,True,1.6,0.1,1774622070.0,/Users/ole/Kodevik/wave_project/wavedata/20260327-ProbePos4_31_FPV_2-tett6roof-under9Mooring30-height100-lowrange/fullpanel-nowind-amp0100-freq1600-per240-depth580-mstop30-run1.csv,-0.010280000000001621,0.03042294650806351,0.12169178603225404,-0.009106666666667821,0.02587072376296704,0.10348289505186815
91,2026-03-27,no,True,1.3,0.2,1774622476.0,/Users/ole/Kodevik/wave_project/wavedata/20260327-ProbePos4_31_FPV_2-tett6roof-under9Mooring30-height100-lowrange/fullpanel-nowind-amp0200-freq1300-per240-depth580-mstop30-run1.csv,-0.012413333333333677,0.03027977832684622,0.12111911330738488,-0.006160000000000215,0.03335572723515258,0.13342290894061032
92,2026-03-27,no,True,1.4,0.2,1774622728.0,/Users/ole/Kodevik/wave_project/wavedata/20260327-ProbePos4_31_FPV_2-tett6roof-under9Mooring30-height100-lowrange/fullpanel-nowind-amp0200-freq1400-per240-depth580-mstop30-run1.csv,-0.010400000000000773,0.028229462210884113,0.11291784884353645,-0.008320000000000657,0.02642174126008811,0.10568696504035244
93,2026-03-27,no,True,1.5,0.2,1774623048.0,/Users/ole/Kodevik/wave_project/wavedata/20260327-ProbePos4_31_FPV_2-tett6roof-under9Mooring30-height100-lowrange/fullpanel-nowind-amp0200-freq1500-per240-depth580-mstop30-run1.csv,-0.009786666666667125,0.03288053113915504,0.13152212455662016,0.1681600000000047,0.1957330570943969,0.7829322283775876
94,2026-03-27,no,True,1.6,0.2,1774623335.0,/Users/ole/Kodevik/wave_project/wavedata/20260327-ProbePos4_31_FPV_2-tett6roof-under9Mooring30-height100-lowrange/fullpanel-nowind-amp0200-freq1600-per240-depth580-mstop30-run1.csv,-0.008693333333333176,0.02729259612593232,0.10917038450372928,0.04695999999999291,0.10774462216188176,0.430978488647527
95,2026-03-27,no,True,1.7,0.2,1774623566.0,/Users/ole/Kodevik/wave_project/wavedata/20260327-ProbePos4_31_FPV_2-tett6roof-under9Mooring30-height100-lowrange/fullpanel-nowind-amp0200-freq1700-per240-depth580-mstop30-run1-rettetterpå.csv,-0.1560000000000013,0.19032331426269491,0.7612932570507797,0.035920000000005205,0.04865775412047443,0.1946310164818977
96,2026-03-27,no,True,1.3,0.3,1774624204.0,/Users/ole/Kodevik/wave_project/wavedata/20260327-ProbePos4_31_FPV_2-tett6roof-under9Mooring30-height100-lowrange/fullpanel-nowind-amp0300-freq1300-per240-depth580-mstop30-run1.csv,-0.011280000000000427,0.02981857021230353,0.11927428084921413,0.031373333333338,0.03934519896757936,0.15738079587031745
97,2026-03-27,no,True,1.4,0.3,1774624542.0,/Users/ole/Kodevik/wave_project/wavedata/20260327-ProbePos4_31_FPV_2-tett6roof-under9Mooring30-height100-lowrange/fullpanel-nowind-amp0300-freq1400-per240-depth580-mstop30-run1.csv,0.024853333333337217,0.03704603037724285,0.1481841215089714,0.03146666666667158,0.03910525775137022,0.15642103100548088
98,2026-03-27,no,True,1.5,0.3,1774624826.0,/Users/ole/Kodevik/wave_project/wavedata/20260327-ProbePos4_31_FPV_2-tett6roof-under9Mooring30-height100-lowrange/fullpanel-nowind-amp0300-freq1500-per240-depth580-mstop30-run1.csv,0.024426666666670486,0.036868464398617545,0.14747385759447018,0.030506666666671435,0.0388830615932076,0.1555322463728304
99,2026-03-27,no,False,,,1774625530.0,/Users/ole/Kodevik/wave_project/wavedata/20260327-ProbePos4_31_FPV_2-tett6roof-under9Mooring30-height100-lowrange/fullpanel-nowind-nowave-depth580-mstop30-run6.csv,-0.009493333333333132,0.025888934665986418,0.10355573866394567,-0.15493333333333534,0.18813236635921832,0.7525294654368733
100,2026-03-27,no,False,,,1774625602.0,/Users/ole/Kodevik/wave_project/wavedata/20260327-ProbePos4_31_FPV_2-tett6roof-under9Mooring30-height100-lowrange/fullpanel-nowind-nowave-depth580-mstop30-run7.csv,-0.009919999999999788,0.026384119510602773,0.10553647804241109,-0.013346666666666616,0.05248561207469539,0.20994244829878156
101,2026-03-27,full,True,1.3,0.1,1774626569.0,/Users/ole/Kodevik/wave_project/wavedata/20260327-ProbePos4_31_FPV_2-tett6roof-under9Mooring30-height100-lowrange/fullpanel-fullwind-amp0100-freq1300-per240-depth580-mstop330-run1.csv,0.0635066666666533,4.868589507068758,19.47435802827503,0.0016133333333324914,0.320988434769692,1.283953739078768
102,2026-03-27,full,True,1.4,0.1,1774626861.0,/Users/ole/Kodevik/wave_project/wavedata/20260327-ProbePos4_31_FPV_2-tett6roof-under9Mooring30-height100-lowrange/fullpanel-fullwind-amp0100-freq1400-per240-depth580-mstop30-run1.csv,0.31299999999998857,2.92892835266759,11.71571341067036,0.04749333333333542,0.39385243803504666,1.5754097521401866
103,2026-03-27,full,True,1.5,0.1,1774627110.0,/Users/ole/Kodevik/wave_project/wavedata/20260327-ProbePos4_31_FPV_2-tett6roof-under9Mooring30-height100-lowrange/fullpanel-fullwind-amp0100-freq1500-per240-depth580-mstop30-run1.csv,0.8522133333333386,4.218670106931454,16.874680427725817,0.005946666666673517,0.27457085794064545,1.0982834317625818
104,2026-03-27,full,True,1.6,0.1,1774627481.0,/Users/ole/Kodevik/wave_project/wavedata/20260327-ProbePos4_31_FPV_2-tett6roof-under9Mooring30-height100-lowrange/fullpanel-fullwind-amp0100-freq1600-per240-depth580-mstop30-run1.csv,0.8156533333333309,3.5344469336315916,14.137787734526366,-0.12150666666666861,0.27349051056306656,1.0939620422522662
105,2026-03-27,full,True,1.7,0.1,1774627823.0,/Users/ole/Kodevik/wave_project/wavedata/20260327-ProbePos4_31_FPV_2-tett6roof-under9Mooring30-height100-lowrange/fullpanel-fullwind-amp0100-freq1700-per240-depth580-mstop30-run1.csv,0.2756799999999979,4.247125785852647,16.98850314341059,-0.06457333333332795,0.3010582436068029,1.2042329744272116
106,2026-03-27,full,False,,,1774628231.0,/Users/ole/Kodevik/wave_project/wavedata/20260327-ProbePos4_31_FPV_2-tett6roof-under9Mooring30-height100-lowrange/fullpanel-fullwind-nowave-depth580-mstop30-run2.csv,0.39430666666667313,4.951717506176032,19.80687002470413,-0.030906666666663606,0.3226872800868708,1.2907491203474832
107,2026-03-27,full,True,1.3,0.2,1774628602.0,/Users/ole/Kodevik/wave_project/wavedata/20260327-ProbePos4_31_FPV_2-tett6roof-under9Mooring30-height100-lowrange/fullpanel-fullwind-amp0200-freq1300-per240-depth580-mstop30-run1.csv,0.20019999999999974,4.487893240818902,17.95157296327561,-0.02759999999999356,0.3504505587461679,1.4018022349846715
108,2026-03-27,full,True,1.4,0.2,1774628864.0,/Users/ole/Kodevik/wave_project/wavedata/20260327-ProbePos4_31_FPV_2-tett6roof-under9Mooring30-height100-lowrange/fullpanel-fullwind-amp0200-freq1400-per240-depth580-mstop30-run1.csv,1.0090266666666705,5.220401514754962,20.88160605901985,0.04130666666666262,0.346481685952505,1.38592674381002
109,2026-03-27,full,True,1.5,0.2,1774629200.0,/Users/ole/Kodevik/wave_project/wavedata/20260327-ProbePos4_31_FPV_2-tett6roof-under9Mooring30-height100-lowrange/fullpanel-fullwind-amp0200-freq1500-per240-depth580-mstop30-run1.csv,0.10534666666666391,3.9060800676828276,15.62432027073131,0.018586666666662248,0.2520588172471346,1.0082352689885383
110,2026-03-27,full,True,1.6,0.2,1774629513.0,/Users/ole/Kodevik/wave_project/wavedata/20260327-ProbePos4_31_FPV_2-tett6roof-under9Mooring30-height100-lowrange/fullpanel-fullwind-amp0200-freq1600-per240-depth580-mstop30-run1.csv,0.0952399999999983,3.63909596396962,14.55638385587848,0.11445333333332976,0.3258279499360066,1.3033117997440264
111,2026-03-27,full,True,1.3,0.3,1774629867.0,/Users/ole/Kodevik/wave_project/wavedata/20260327-ProbePos4_31_FPV_2-tett6roof-under9Mooring30-height100-lowrange/fullpanel-fullwind-amp0300-freq1300-per240-depth580-mstop30-run1.csv,0.06270666666666214,4.382212864913506,17.528851459654025,-0.15893333333333365,0.3480645449608947,1.3922581798435787
112,2026-03-27,full,True,1.4,0.3,1774630175.0,/Users/ole/Kodevik/wave_project/wavedata/20260327-ProbePos4_31_FPV_2-tett6roof-under9Mooring30-height100-lowrange/fullpanel-fullwind-amp0300-freq1400-per240-depth580-mstop30-run1.csv,0.4446533333333267,2.840882885168838,11.363531540675352,-0.013533333333333739,0.3169639365474441,1.2678557461897764
113,2026-03-27,full,True,1.5,0.3,1774630510.0,/Users/ole/Kodevik/wave_project/wavedata/20260327-ProbePos4_31_FPV_2-tett6roof-under9Mooring30-height100-lowrange/fullpanel-fullwind-amp0300-freq1500-per240-depth580-mstop30-run1.csv,-0.10139999999999597,3.4772315749603457,13.908926299841383,-0.012813333333326266,0.35697169384864097,1.4278867753945639
114,2026-03-27,full,True,1.6,0.3,1774630735.0,/Users/ole/Kodevik/wave_project/wavedata/20260327-ProbePos4_31_FPV_2-tett6roof-under9Mooring30-height100-lowrange/fullpanel-fullwind-amp0300-freq1600-per240-depth580-mstop30-run1.csv,0.6246266666666683,4.800693554626192,19.202774218504768,-0.055933333333326854,0.2991275624551881,1.1965102498207525
115,2026-03-27,full,True,1.3,0.1,1774631145.0,/Users/ole/Kodevik/wave_project/wavedata/20260327-ProbePos4_31_FPV_2-tett6roof-under9Mooring30-height100-lowrange/fullpanel-fullwind-amp0100-freq1300-per240-depth580-mstop30-run1.csv,-0.4739999999999915,4.063136132797529,16.252544531190114,-0.008400000000013601,0.34946359811652056,1.3978543924660822
116,2026-03-27,full,False,,,1774631745.0,/Users/ole/Kodevik/wave_project/wavedata/20260327-ProbePos4_31_FPV_2-tett6roof-under9Mooring30-height100-lowrange/fullpanel-fullwind-nowave-depth580-mstop30-run4.csv,0.3445733333333385,3.9698101392061576,15.87924055682463,0.05837333333333599,0.3535526645414534,1.4142106581658136
117,2026-03-27,no,False,,,1774633392.0,/Users/ole/Kodevik/wave_project/wavedata/20260327-ProbePos4_31_FPV_2-tett6roof-under9Mooring30-height100-lowrange/fullpanel-nowind-nowave-depth580-mstop30-run-endofday.csv,0.01363999999999578,0.0396338852475152,0.1585355409900608,0.018439999999995963,0.041870083255580455,0.16748033302232182
